factura,fecha,fecha de entrega,productCode,producto,categoria,precio compra,precio,cantidad,status,customerNumber,cliente,ciudad,pais,employeeNumber,vendedor
10100,2003-01-06,2003-01-10,S18_1749,1917 Grand Touring Sedan,Vintage Cars,86.7,136.0,30,Shipped,363,Online Diecast Creations Co.,Nashua,USA,1216,Steve Patterson
10100,2003-01-06,2003-01-10,S18_2248,1911 Ford Town Car,Vintage Cars,33.3,55.09,50,Shipped,363,Online Diecast Creations Co.,Nashua,USA,1216,Steve Patterson
10100,2003-01-06,2003-01-10,S18_4409,1932 Alfa Romeo 8C2300 Spider Sport,Vintage Cars,43.26,75.46,22,Shipped,363,Online Diecast Creations Co.,Nashua,USA,1216,Steve Patterson
10100,2003-01-06,2003-01-10,S24_3969,1936 Mercedes Benz 500k Roadster,Vintage Cars,21.75,35.29,49,Shipped,363,Online Diecast Creations Co.,Nashua,USA,1216,Steve Patterson
10101,2003-01-09,2003-01-11,S18_2325,1932 Model A Ford J-Coupe,Vintage Cars,58.48,108.06,25,Shipped,128,"Blauer See Auto, Co.",Frankfurt,Germany,1504,Barry Jones
10101,2003-01-09,2003-01-11,S18_2795,1928 Mercedes-Benz SSK,Vintage Cars,72.56,167.06,26,Shipped,128,"Blauer See Auto, Co.",Frankfurt,Germany,1504,Barry Jones
10101,2003-01-09,2003-01-11,S24_1937,1939 Chevrolet Deluxe Coupe,Vintage Cars,22.57,32.53,45,Shipped,128,"Blauer See Auto, Co.",Frankfurt,Germany,1504,Barry Jones
10101,2003-01-09,2003-01-11,S24_2022,1938 Cadillac V-16 Presidential Limousine,Vintage Cars,20.61,44.35,46,Shipped,128,"Blauer See Auto, Co.",Frankfurt,Germany,1504,Barry Jones
10102,2003-01-10,2003-01-14,S18_1342,1937 Lincoln Berline,Vintage Cars,60.62,95.55,39,Shipped,181,Vitachrome Inc.,NYC,USA,1286,Foon Yue Tseng
10102,2003-01-10,2003-01-14,S18_1367,1936 Mercedes-Benz 500K Special Roadster,Vintage Cars,24.26,43.13,41,Shipped,181,Vitachrome Inc.,NYC,USA,1286,Foon Yue Tseng
10103,2003-01-29,2003-02-02,S10_1949,1952 Alpine Renault 1300,Classic Cars,98.58,214.3,26,Shipped,121,Baane Mini Imports,Stavern,Norway,1504,Barry Jones
10103,2003-01-29,2003-02-02,S10_4962,1962 LanciaA Delta 16V,Classic Cars,103.42,119.67,42,Shipped,121,Baane Mini Imports,Stavern,Norway,1504,Barry Jones
10103,2003-01-29,2003-02-02,S12_1666,1958 Setra Bus,Trucks and Buses,77.9,121.64,27,Shipped,121,Baane Mini Imports,Stavern,Norway,1504,Barry Jones
10103,2003-01-29,2003-02-02,S18_1097,1940 Ford Pickup Truck,Trucks and Buses,58.33,94.5,35,Shipped,121,Baane Mini Imports,Stavern,Norway,1504,Barry Jones
10103,2003-01-29,2003-02-02,S18_2432,1926 Ford Fire Engine,Trucks and Buses,24.92,58.34,22,Shipped,121,Baane Mini Imports,Stavern,Norway,1504,Barry Jones
10103,2003-01-29,2003-02-02,S18_2949,1913 Ford Model T Speedster,Vintage Cars,60.78,92.19,27,Shipped,121,Baane Mini Imports,Stavern,Norway,1504,Barry Jones
10103,2003-01-29,2003-02-02,S18_2957,1934 Ford V8 Coupe,Vintage Cars,34.35,61.84,35,Shipped,121,Baane Mini Imports,Stavern,Norway,1504,Barry Jones
10103,2003-01-29,2003-02-02,S18_3136,18th Century Vintage Horse Carriage,Vintage Cars,60.74,86.92,25,Shipped,121,Baane Mini Imports,Stavern,Norway,1504,Barry Jones
10103,2003-01-29,2003-02-02,S18_3320,1917 Maxwell Touring Car,Vintage Cars,57.54,86.31,46,Shipped,121,Baane Mini Imports,Stavern,Norway,1504,Barry Jones
10103,2003-01-29,2003-02-02,S18_4600,1940s Ford truck,Trucks and Buses,84.76,98.07,36,Shipped,121,Baane Mini Imports,Stavern,Norway,1504,Barry Jones
10103,2003-01-29,2003-02-02,S18_4668,1939 Cadillac Limousine,Vintage Cars,23.14,40.75,41,Shipped,121,Baane Mini Imports,Stavern,Norway,1504,Barry Jones
10103,2003-01-29,2003-02-02,S24_2300,1962 Volkswagen Microbus,Trucks and Buses,61.34,107.34,36,Shipped,121,Baane Mini Imports,Stavern,Norway,1504,Barry Jones
10103,2003-01-29,2003-02-02,S24_4258,1936 Chrysler Airflow,Vintage Cars,57.46,88.62,25,Shipped,121,Baane Mini Imports,Stavern,Norway,1504,Barry Jones
10103,2003-01-29,2003-02-02,S32_1268,1980’s GM Manhattan Express,Trucks and Buses,53.93,92.46,31,Shipped,121,Baane Mini Imports,Stavern,Norway,1504,Barry Jones
10103,2003-01-29,2003-02-02,S32_3522,1996 Peterbilt 379 Stake Bed with Outrigger,Trucks and Buses,33.61,63.35,45,Shipped,121,Baane Mini Imports,Stavern,Norway,1504,Barry Jones
10103,2003-01-29,2003-02-02,S700_2824,1982 Camaro Z28,Classic Cars,46.53,94.07,42,Shipped,121,Baane Mini Imports,Stavern,Norway,1504,Barry Jones
10104,2003-01-31,2003-02-01,S12_3148,1969 Corvair Monza,Classic Cars,89.14,131.44,34,Shipped,141,Euro+ Shopping Channel,Madrid,Spain,1370,Gerard Hernandez
10104,2003-01-31,2003-02-01,S12_4473,1957 Chevy Pickup,Trucks and Buses,55.7,111.39,41,Shipped,141,Euro+ Shopping Channel,Madrid,Spain,1370,Gerard Hernandez
10104,2003-01-31,2003-02-01,S18_2238,1998 Chrysler Plymouth Prowler,Classic Cars,101.51,135.9,24,Shipped,141,Euro+ Shopping Channel,Madrid,Spain,1370,Gerard Hernandez
10104,2003-01-31,2003-02-01,S18_2319,1964 Mercedes Tour Bus,Trucks and Buses,74.86,122.73,29,Shipped,141,Euro+ Shopping Channel,Madrid,Spain,1370,Gerard Hernandez
10104,2003-01-31,2003-02-01,S18_3232,1992 Ferrari 360 Spider red,Classic Cars,77.9,165.95,23,Shipped,141,Euro+ Shopping Channel,Madrid,Spain,1370,Gerard Hernandez
10104,2003-01-31,2003-02-01,S18_4027,1970 Triumph Spitfire,Classic Cars,91.92,119.2,38,Shipped,141,Euro+ Shopping Channel,Madrid,Spain,1370,Gerard Hernandez
10104,2003-01-31,2003-02-01,S24_1444,1970 Dodge Coronet,Classic Cars,32.37,52.02,35,Shipped,141,Euro+ Shopping Channel,Madrid,Spain,1370,Gerard Hernandez
10104,2003-01-31,2003-02-01,S24_2840,1958 Chevy Corvette Limited Edition,Classic Cars,15.91,30.41,44,Shipped,141,Euro+ Shopping Channel,Madrid,Spain,1370,Gerard Hernandez
10104,2003-01-31,2003-02-01,S24_4048,1992 Porsche Cayenne Turbo Silver,Classic Cars,69.78,106.45,26,Shipped,141,Euro+ Shopping Channel,Madrid,Spain,1370,Gerard Hernandez
10104,2003-01-31,2003-02-01,S32_2509,1954 Greyhound Scenicruiser,Trucks and Buses,25.98,51.95,35,Shipped,141,Euro+ Shopping Channel,Madrid,Spain,1370,Gerard Hernandez
10104,2003-01-31,2003-02-01,S32_3207,1950's Chicago Surface Lines Streetcar,Trains,26.72,56.55,49,Shipped,141,Euro+ Shopping Channel,Madrid,Spain,1370,Gerard Hernandez
10104,2003-01-31,2003-02-01,S50_1392,Diamond T620 Semi-Skirted Tanker,Trucks and Buses,68.29,114.59,33,Shipped,141,Euro+ Shopping Channel,Madrid,Spain,1370,Gerard Hernandez
10104,2003-01-31,2003-02-01,S50_1514,1962 City of Detroit Streetcar,Trains,37.49,53.31,32,Shipped,141,Euro+ Shopping Channel,Madrid,Spain,1370,Gerard Hernandez
10105,2003-02-11,2003-02-12,S10_4757,1972 Alfa Romeo GTA,Classic Cars,85.68,127.84,50,Shipped,145,Danish Wholesale Imports,Kobenhavn,Denmark,1401,Pamela Castillo
10105,2003-02-11,2003-02-12,S12_1108,2001 Ferrari Enzo,Classic Cars,95.59,205.72,41,Shipped,145,Danish Wholesale Imports,Kobenhavn,Denmark,1401,Pamela Castillo
10105,2003-02-11,2003-02-12,S12_3891,1969 Ford Falcon,Classic Cars,83.05,141.88,29,Shipped,145,Danish Wholesale Imports,Kobenhavn,Denmark,1401,Pamela Castillo
10105,2003-02-11,2003-02-12,S18_3140,1903 Ford Model A,Vintage Cars,68.3,136.59,22,Shipped,145,Danish Wholesale Imports,Kobenhavn,Denmark,1401,Pamela Castillo
10105,2003-02-11,2003-02-12,S18_3259,Collectable Wooden Train,Trains,67.56,87.73,38,Shipped,145,Danish Wholesale Imports,Kobenhavn,Denmark,1401,Pamela Castillo
10105,2003-02-11,2003-02-12,S18_4522,1904 Buick Runabout,Vintage Cars,52.66,75.48,41,Shipped,145,Danish Wholesale Imports,Kobenhavn,Denmark,1401,Pamela Castillo
10105,2003-02-11,2003-02-12,S24_2011,18th century schooner,Ships,82.34,117.97,43,Shipped,145,Danish Wholesale Imports,Kobenhavn,Denmark,1401,Pamela Castillo
10105,2003-02-11,2003-02-12,S24_3151,1912 Ford Model T Delivery Wagon,Vintage Cars,46.91,73.46,44,Shipped,145,Danish Wholesale Imports,Kobenhavn,Denmark,1401,Pamela Castillo
10105,2003-02-11,2003-02-12,S24_3816,1940 Ford Delivery Sedan,Vintage Cars,48.64,75.47,50,Shipped,145,Danish Wholesale Imports,Kobenhavn,Denmark,1401,Pamela Castillo
10105,2003-02-11,2003-02-12,S700_1138,The Schooner Bluenose,Ships,34.0,54.0,41,Shipped,145,Danish Wholesale Imports,Kobenhavn,Denmark,1401,Pamela Castillo
10105,2003-02-11,2003-02-12,S700_1938,The Mayflower,Ships,43.3,86.61,29,Shipped,145,Danish Wholesale Imports,Kobenhavn,Denmark,1401,Pamela Castillo
10105,2003-02-11,2003-02-12,S700_2610,The USS Constitution Ship,Ships,33.97,60.72,31,Shipped,145,Danish Wholesale Imports,Kobenhavn,Denmark,1401,Pamela Castillo
10105,2003-02-11,2003-02-12,S700_3505,The Titanic,Ships,51.09,92.16,39,Shipped,145,Danish Wholesale Imports,Kobenhavn,Denmark,1401,Pamela Castillo
10105,2003-02-11,2003-02-12,S700_3962,The Queen Mary,Ships,53.63,99.31,22,Shipped,145,Danish Wholesale Imports,Kobenhavn,Denmark,1401,Pamela Castillo
10105,2003-02-11,2003-02-12,S72_3212,Pont Yacht,Ships,33.3,44.77,25,Shipped,145,Danish Wholesale Imports,Kobenhavn,Denmark,1401,Pamela Castillo
10106,2003-02-17,2003-02-21,S18_1662,1980s Black Hawk Helicopter,Planes,77.27,134.04,36,Shipped,278,Rovelli Gifts,Bergamo,Italy,1401,Pamela Castillo
10106,2003-02-17,2003-02-21,S18_2581,P-51-D Mustang,Planes,49.0,81.1,34,Shipped,278,Rovelli Gifts,Bergamo,Italy,1401,Pamela Castillo
10106,2003-02-17,2003-02-21,S18_3029,1999 Yamaha Speed Boat,Ships,51.61,80.86,41,Shipped,278,Rovelli Gifts,Bergamo,Italy,1401,Pamela Castillo
10106,2003-02-17,2003-02-21,S18_3856,1941 Chevrolet Special Deluxe Cabriolet,Vintage Cars,64.58,94.22,41,Shipped,278,Rovelli Gifts,Bergamo,Italy,1401,Pamela Castillo
10106,2003-02-17,2003-02-21,S24_1785,1928 British Royal Navy Airplane,Planes,66.74,107.23,28,Shipped,278,Rovelli Gifts,Bergamo,Italy,1401,Pamela Castillo
10106,2003-02-17,2003-02-21,S24_2841,1900s Vintage Bi-Plane,Planes,34.25,65.77,49,Shipped,278,Rovelli Gifts,Bergamo,Italy,1401,Pamela Castillo
10106,2003-02-17,2003-02-21,S24_3420,1937 Horch 930V Limousine,Vintage Cars,26.3,55.89,31,Shipped,278,Rovelli Gifts,Bergamo,Italy,1401,Pamela Castillo
10106,2003-02-17,2003-02-21,S24_3949,Corsair F4U ( Bird Cage),Planes,29.34,55.96,50,Shipped,278,Rovelli Gifts,Bergamo,Italy,1401,Pamela Castillo
10106,2003-02-17,2003-02-21,S24_4278,1900s Vintage Tri-Plane,Planes,36.23,71.0,26,Shipped,278,Rovelli Gifts,Bergamo,Italy,1401,Pamela Castillo
10106,2003-02-17,2003-02-21,S32_4289,1928 Ford Phaeton Deluxe,Vintage Cars,33.02,65.35,33,Shipped,278,Rovelli Gifts,Bergamo,Italy,1401,Pamela Castillo
10106,2003-02-17,2003-02-21,S50_1341,1930 Buick Marquette Phaeton,Vintage Cars,27.06,35.78,39,Shipped,278,Rovelli Gifts,Bergamo,Italy,1401,Pamela Castillo
10106,2003-02-17,2003-02-21,S700_1691,American Airlines: B767-300,Planes,51.15,91.34,31,Shipped,278,Rovelli Gifts,Bergamo,Italy,1401,Pamela Castillo
10106,2003-02-17,2003-02-21,S700_2047,HMS Bounty,Ships,39.83,85.09,30,Shipped,278,Rovelli Gifts,Bergamo,Italy,1401,Pamela Castillo
10106,2003-02-17,2003-02-21,S700_2466,America West Airlines B757-200,Planes,68.8,99.72,34,Shipped,278,Rovelli Gifts,Bergamo,Italy,1401,Pamela Castillo
10106,2003-02-17,2003-02-21,S700_2834,ATA: B757-300,Planes,59.33,113.9,32,Shipped,278,Rovelli Gifts,Bergamo,Italy,1401,Pamela Castillo
10106,2003-02-17,2003-02-21,S700_3167,F/A 18 Hornet 1/72,Planes,54.4,76.0,44,Shipped,278,Rovelli Gifts,Bergamo,Italy,1401,Pamela Castillo
10106,2003-02-17,2003-02-21,S700_4002,American Airlines: MD-11S,Planes,36.27,70.33,48,Shipped,278,Rovelli Gifts,Bergamo,Italy,1401,Pamela Castillo
10106,2003-02-17,2003-02-21,S72_1253,Boeing X-32A JSF,Planes,32.77,43.7,48,Shipped,278,Rovelli Gifts,Bergamo,Italy,1401,Pamela Castillo
10107,2003-02-24,2003-02-26,S10_1678,1969 Harley Davidson Ultimate Chopper,Motorcycles,48.81,81.35,30,Shipped,131,Land of Toys Inc.,NYC,USA,1323,George Vanauf
10107,2003-02-24,2003-02-26,S10_2016,1996 Moto Guzzi 1100i,Motorcycles,68.99,105.86,39,Shipped,131,Land of Toys Inc.,NYC,USA,1323,George Vanauf
10107,2003-02-24,2003-02-26,S10_4698,2003 Harley-Davidson Eagle Drag Bike,Motorcycles,91.02,172.36,27,Shipped,131,Land of Toys Inc.,NYC,USA,1323,George Vanauf
10107,2003-02-24,2003-02-26,S12_2823,2002 Suzuki XREO,Motorcycles,66.27,122.0,21,Shipped,131,Land of Toys Inc.,NYC,USA,1323,George Vanauf
10107,2003-02-24,2003-02-26,S18_2625,1936 Harley Davidson El Knucklehead,Motorcycles,24.23,52.7,29,Shipped,131,Land of Toys Inc.,NYC,USA,1323,George Vanauf
10107,2003-02-24,2003-02-26,S24_1578,1997 BMW R 1100 S,Motorcycles,60.86,96.92,25,Shipped,131,Land of Toys Inc.,NYC,USA,1323,George Vanauf
10107,2003-02-24,2003-02-26,S24_2000,1960 BSA Gold Star DBD34,Motorcycles,37.32,73.12,38,Shipped,131,Land of Toys Inc.,NYC,USA,1323,George Vanauf
10107,2003-02-24,2003-02-26,S32_1374,1997 BMW F650 ST,Motorcycles,66.92,88.9,20,Shipped,131,Land of Toys Inc.,NYC,USA,1323,George Vanauf
10108,2003-03-03,2003-03-08,S12_1099,1968 Ford Mustang,Classic Cars,95.34,165.38,33,Shipped,385,Cruz & Sons Co.,Makati City,Philippines,1621,Mami Nishi
10108,2003-03-03,2003-03-08,S12_3380,1968 Dodge Charger,Classic Cars,75.16,96.3,45,Shipped,385,Cruz & Sons Co.,Makati City,Philippines,1621,Mami Nishi
10108,2003-03-03,2003-03-08,S12_3990,1970 Plymouth Hemi Cuda,Classic Cars,31.92,75.81,39,Shipped,385,Cruz & Sons Co.,Makati City,Philippines,1621,Mami Nishi
10108,2003-03-03,2003-03-08,S12_4675,1969 Dodge Charger,Classic Cars,58.73,107.1,36,Shipped,385,Cruz & Sons Co.,Makati City,Philippines,1621,Mami Nishi
10108,2003-03-03,2003-03-08,S18_1889,1948 Porsche 356-A Roadster,Classic Cars,53.9,67.76,38,Shipped,385,Cruz & Sons Co.,Makati City,Philippines,1621,Mami Nishi
10108,2003-03-03,2003-03-08,S18_3278,1969 Dodge Super Bee,Classic Cars,49.05,73.17,26,Shipped,385,Cruz & Sons Co.,Makati City,Philippines,1621,Mami Nishi
10108,2003-03-03,2003-03-08,S18_3482,1976 Ford Gran Torino,Classic Cars,73.49,132.29,29,Shipped,385,Cruz & Sons Co.,Makati City,Philippines,1621,Mami Nishi
10108,2003-03-03,2003-03-08,S18_3782,1957 Vespa GS150,Motorcycles,32.95,52.84,43,Shipped,385,Cruz & Sons Co.,Makati City,Philippines,1621,Mami Nishi
10108,2003-03-03,2003-03-08,S18_4721,1957 Corvette Convertible,Classic Cars,69.93,139.87,44,Shipped,385,Cruz & Sons Co.,Makati City,Philippines,1621,Mami Nishi
10108,2003-03-03,2003-03-08,S24_2360,1982 Ducati 900 Monster,Motorcycles,47.1,64.41,35,Shipped,385,Cruz & Sons Co.,Makati City,Philippines,1621,Mami Nishi
10108,2003-03-03,2003-03-08,S24_3371,1971 Alpine Renault 1600s,Classic Cars,38.58,60.01,30,Shipped,385,Cruz & Sons Co.,Makati City,Philippines,1621,Mami Nishi
10108,2003-03-03,2003-03-08,S24_3856,1956 Porsche 356A Coupe,Classic Cars,98.3,132.0,40,Shipped,385,Cruz & Sons Co.,Makati City,Philippines,1621,Mami Nishi
10108,2003-03-03,2003-03-08,S24_4620,1961 Chevrolet Impala,Classic Cars,32.33,67.1,31,Shipped,385,Cruz & Sons Co.,Makati City,Philippines,1621,Mami Nishi
10108,2003-03-03,2003-03-08,S32_2206,1982 Ducati 996 R,Motorcycles,24.14,36.21,27,Shipped,385,Cruz & Sons Co.,Makati City,Philippines,1621,Mami Nishi
10108,2003-03-03,2003-03-08,S32_4485,1974 Ducati 350 Mk3 Desmo,Motorcycles,56.13,87.76,31,Shipped,385,Cruz & Sons Co.,Makati City,Philippines,1621,Mami Nishi
10108,2003-03-03,2003-03-08,S50_4713,2002 Yamaha YZR M1,Motorcycles,34.17,74.85,34,Shipped,385,Cruz & Sons Co.,Makati City,Philippines,1621,Mami Nishi
10109,2003-03-10,2003-03-11,S18_1129,1993 Mazda RX-7,Classic Cars,83.51,117.48,26,Shipped,486,Motor Mint Distributors Inc.,Philadelphia,USA,1323,George Vanauf
10109,2003-03-10,2003-03-11,S18_1984,1995 Honda Civic,Classic Cars,93.89,137.98,38,Shipped,486,Motor Mint Distributors Inc.,Philadelphia,USA,1323,George Vanauf
10109,2003-03-10,2003-03-11,S18_2870,1999 Indy 500 Monte Carlo SS,Classic Cars,56.76,126.72,26,Shipped,486,Motor Mint Distributors Inc.,Philadelphia,USA,1323,George Vanauf
10109,2003-03-10,2003-03-11,S18_3232,1992 Ferrari 360 Spider red,Classic Cars,77.9,160.87,46,Shipped,486,Motor Mint Distributors Inc.,Philadelphia,USA,1323,George Vanauf
10109,2003-03-10,2003-03-11,S18_3685,1948 Porsche Type 356 Roadster,Classic Cars,62.16,125.74,47,Shipped,486,Motor Mint Distributors Inc.,Philadelphia,USA,1323,George Vanauf
10109,2003-03-10,2003-03-11,S24_2972,1982 Lamborghini Diablo,Classic Cars,16.24,32.1,29,Shipped,486,Motor Mint Distributors Inc.,Philadelphia,USA,1323,George Vanauf
10110,2003-03-18,2003-03-20,S18_1589,1965 Aston Martin DB5,Classic Cars,65.96,118.22,37,Shipped,187,"AV Stores, Co.",Manchester,UK,1501,Larry Bott
10110,2003-03-18,2003-03-20,S18_1749,1917 Grand Touring Sedan,Vintage Cars,86.7,153.0,42,Shipped,187,"AV Stores, Co.",Manchester,UK,1501,Larry Bott
10110,2003-03-18,2003-03-20,S18_2248,1911 Ford Town Car,Vintage Cars,33.3,51.46,32,Shipped,187,"AV Stores, Co.",Manchester,UK,1501,Larry Bott
10110,2003-03-18,2003-03-20,S18_2325,1932 Model A Ford J-Coupe,Vintage Cars,58.48,115.69,33,Shipped,187,"AV Stores, Co.",Manchester,UK,1501,Larry Bott
10110,2003-03-18,2003-03-20,S18_2795,1928 Mercedes-Benz SSK,Vintage Cars,72.56,163.69,31,Shipped,187,"AV Stores, Co.",Manchester,UK,1501,Larry Bott
10110,2003-03-18,2003-03-20,S18_4409,1932 Alfa Romeo 8C2300 Spider Sport,Vintage Cars,43.26,81.91,28,Shipped,187,"AV Stores, Co.",Manchester,UK,1501,Larry Bott
10110,2003-03-18,2003-03-20,S18_4933,1957 Ford Thunderbird,Classic Cars,34.21,62.0,42,Shipped,187,"AV Stores, Co.",Manchester,UK,1501,Larry Bott
10110,2003-03-18,2003-03-20,S24_1046,1970 Chevy Chevelle SS 454,Classic Cars,49.24,72.02,36,Shipped,187,"AV Stores, Co.",Manchester,UK,1501,Larry Bott
10110,2003-03-18,2003-03-20,S24_1628,1966 Shelby Cobra 427 S/C,Classic Cars,29.18,43.27,29,Shipped,187,"AV Stores, Co.",Manchester,UK,1501,Larry Bott
10110,2003-03-18,2003-03-20,S24_1937,1939 Chevrolet Deluxe Coupe,Vintage Cars,22.57,28.88,20,Shipped,187,"AV Stores, Co.",Manchester,UK,1501,Larry Bott
10110,2003-03-18,2003-03-20,S24_2022,1938 Cadillac V-16 Presidential Limousine,Vintage Cars,20.61,40.77,39,Shipped,187,"AV Stores, Co.",Manchester,UK,1501,Larry Bott
10110,2003-03-18,2003-03-20,S24_2766,1949 Jaguar XK 120,Classic Cars,47.25,82.69,43,Shipped,187,"AV Stores, Co.",Manchester,UK,1501,Larry Bott
10110,2003-03-18,2003-03-20,S24_2887,1952 Citroen-15CV,Classic Cars,72.82,112.74,46,Shipped,187,"AV Stores, Co.",Manchester,UK,1501,Larry Bott
10110,2003-03-18,2003-03-20,S24_3191,1969 Chevrolet Camaro Z28,Classic Cars,50.51,80.47,27,Shipped,187,"AV Stores, Co.",Manchester,UK,1501,Larry Bott
10110,2003-03-18,2003-03-20,S24_3432,2002 Chevy Corvette,Classic Cars,62.11,96.37,37,Shipped,187,"AV Stores, Co.",Manchester,UK,1501,Larry Bott
10110,2003-03-18,2003-03-20,S24_3969,1936 Mercedes Benz 500k Roadster,Vintage Cars,21.75,35.29,48,Shipped,187,"AV Stores, Co.",Manchester,UK,1501,Larry Bott
10111,2003-03-25,2003-03-30,S18_1342,1937 Lincoln Berline,Vintage Cars,60.62,87.33,33,Shipped,129,Mini Wheels Co.,San Francisco,USA,1165,Leslie Jennings
10111,2003-03-25,2003-03-30,S18_1367,1936 Mercedes-Benz 500K Special Roadster,Vintage Cars,24.26,48.52,48,Shipped,129,Mini Wheels Co.,San Francisco,USA,1165,Leslie Jennings
10111,2003-03-25,2003-03-30,S18_2957,1934 Ford V8 Coupe,Vintage Cars,34.35,53.09,28,Shipped,129,Mini Wheels Co.,San Francisco,USA,1165,Leslie Jennings
10111,2003-03-25,2003-03-30,S18_3136,18th Century Vintage Horse Carriage,Vintage Cars,60.74,94.25,43,Shipped,129,Mini Wheels Co.,San Francisco,USA,1165,Leslie Jennings
10111,2003-03-25,2003-03-30,S18_3320,1917 Maxwell Touring Car,Vintage Cars,57.54,91.27,39,Shipped,129,Mini Wheels Co.,San Francisco,USA,1165,Leslie Jennings
10111,2003-03-25,2003-03-30,S24_4258,1936 Chrysler Airflow,Vintage Cars,57.46,85.7,26,Shipped,129,Mini Wheels Co.,San Francisco,USA,1165,Leslie Jennings
10112,2003-03-24,2003-03-29,S10_1949,1952 Alpine Renault 1300,Classic Cars,98.58,197.16,29,Shipped,144,"Volvo Model Replicas, Co",Luleå,Sweden,1504,Barry Jones
10112,2003-03-24,2003-03-29,S18_2949,1913 Ford Model T Speedster,Vintage Cars,60.78,85.1,23,Shipped,144,"Volvo Model Replicas, Co",Luleå,Sweden,1504,Barry Jones
10113,2003-03-26,2003-03-27,S12_1666,1958 Setra Bus,Trucks and Buses,77.9,121.64,21,Shipped,124,Mini Gifts Distributors Ltd.,San Rafael,USA,1165,Leslie Jennings
10113,2003-03-26,2003-03-27,S18_1097,1940 Ford Pickup Truck,Trucks and Buses,58.33,101.5,49,Shipped,124,Mini Gifts Distributors Ltd.,San Rafael,USA,1165,Leslie Jennings
10113,2003-03-26,2003-03-27,S18_4668,1939 Cadillac Limousine,Vintage Cars,23.14,43.27,50,Shipped,124,Mini Gifts Distributors Ltd.,San Rafael,USA,1165,Leslie Jennings
10113,2003-03-26,2003-03-27,S32_3522,1996 Peterbilt 379 Stake Bed with Outrigger,Trucks and Buses,33.61,58.82,23,Shipped,124,Mini Gifts Distributors Ltd.,San Rafael,USA,1165,Leslie Jennings
10114,2003-04-01,2003-04-02,S10_4962,1962 LanciaA Delta 16V,Classic Cars,103.42,128.53,31,Shipped,172,"La Corne D'abondance, Co.",Paris,France,1337,Loui Bondur
10114,2003-04-01,2003-04-02,S18_2319,1964 Mercedes Tour Bus,Trucks and Buses,74.86,106.78,39,Shipped,172,"La Corne D'abondance, Co.",Paris,France,1337,Loui Bondur
10114,2003-04-01,2003-04-02,S18_2432,1926 Ford Fire Engine,Trucks and Buses,24.92,53.48,45,Shipped,172,"La Corne D'abondance, Co.",Paris,France,1337,Loui Bondur
10114,2003-04-01,2003-04-02,S18_3232,1992 Ferrari 360 Spider red,Classic Cars,77.9,169.34,48,Shipped,172,"La Corne D'abondance, Co.",Paris,France,1337,Loui Bondur
10114,2003-04-01,2003-04-02,S18_4600,1940s Ford truck,Trucks and Buses,84.76,105.34,41,Shipped,172,"La Corne D'abondance, Co.",Paris,France,1337,Loui Bondur
10114,2003-04-01,2003-04-02,S24_2300,1962 Volkswagen Microbus,Trucks and Buses,61.34,102.23,21,Shipped,172,"La Corne D'abondance, Co.",Paris,France,1337,Loui Bondur
10114,2003-04-01,2003-04-02,S24_2840,1958 Chevy Corvette Limited Edition,Classic Cars,15.91,28.64,24,Shipped,172,"La Corne D'abondance, Co.",Paris,France,1337,Loui Bondur
10114,2003-04-01,2003-04-02,S32_1268,1980’s GM Manhattan Express,Trucks and Buses,53.93,88.61,32,Shipped,172,"La Corne D'abondance, Co.",Paris,France,1337,Loui Bondur
10114,2003-04-01,2003-04-02,S32_2509,1954 Greyhound Scenicruiser,Trucks and Buses,25.98,43.83,28,Shipped,172,"La Corne D'abondance, Co.",Paris,France,1337,Loui Bondur
10114,2003-04-01,2003-04-02,S700_2824,1982 Camaro Z28,Classic Cars,46.53,82.94,42,Shipped,172,"La Corne D'abondance, Co.",Paris,France,1337,Loui Bondur
10115,2003-04-04,2003-04-07,S12_4473,1957 Chevy Pickup,Trucks and Buses,55.7,111.39,46,Shipped,424,Classic Legends Inc.,NYC,USA,1286,Foon Yue Tseng
10115,2003-04-04,2003-04-07,S18_2238,1998 Chrysler Plymouth Prowler,Classic Cars,101.51,140.81,46,Shipped,424,Classic Legends Inc.,NYC,USA,1286,Foon Yue Tseng
10115,2003-04-04,2003-04-07,S24_1444,1970 Dodge Coronet,Classic Cars,32.37,56.64,47,Shipped,424,Classic Legends Inc.,NYC,USA,1286,Foon Yue Tseng
10115,2003-04-04,2003-04-07,S24_4048,1992 Porsche Cayenne Turbo Silver,Classic Cars,69.78,106.45,44,Shipped,424,Classic Legends Inc.,NYC,USA,1286,Foon Yue Tseng
10115,2003-04-04,2003-04-07,S50_1392,Diamond T620 Semi-Skirted Tanker,Trucks and Buses,68.29,100.7,27,Shipped,424,Classic Legends Inc.,NYC,USA,1286,Foon Yue Tseng
10116,2003-04-11,2003-04-13,S32_3207,1950's Chicago Surface Lines Streetcar,Trains,26.72,60.28,27,Shipped,381,Royale Belge,Charleroi,Belgium,1401,Pamela Castillo
10117,2003-04-16,2003-04-17,S12_1108,2001 Ferrari Enzo,Classic Cars,95.59,195.33,33,Shipped,148,"Dragon Souveniers, Ltd.",Singapore,Singapore,1621,Mami Nishi
10117,2003-04-16,2003-04-17,S12_3148,1969 Corvair Monza,Classic Cars,89.14,148.06,43,Shipped,148,"Dragon Souveniers, Ltd.",Singapore,Singapore,1621,Mami Nishi
10117,2003-04-16,2003-04-17,S12_3891,1969 Ford Falcon,Classic Cars,83.05,173.02,39,Shipped,148,"Dragon Souveniers, Ltd.",Singapore,Singapore,1621,Mami Nishi
10117,2003-04-16,2003-04-17,S18_3140,1903 Ford Model A,Vintage Cars,68.3,121.57,26,Shipped,148,"Dragon Souveniers, Ltd.",Singapore,Singapore,1621,Mami Nishi
10117,2003-04-16,2003-04-17,S18_3259,Collectable Wooden Train,Trains,67.56,81.68,21,Shipped,148,"Dragon Souveniers, Ltd.",Singapore,Singapore,1621,Mami Nishi
10117,2003-04-16,2003-04-17,S18_4027,1970 Triumph Spitfire,Classic Cars,91.92,122.08,22,Shipped,148,"Dragon Souveniers, Ltd.",Singapore,Singapore,1621,Mami Nishi
10117,2003-04-16,2003-04-17,S18_4522,1904 Buick Runabout,Vintage Cars,52.66,73.73,23,Shipped,148,"Dragon Souveniers, Ltd.",Singapore,Singapore,1621,Mami Nishi
10117,2003-04-16,2003-04-17,S24_2011,18th century schooner,Ships,82.34,119.2,41,Shipped,148,"Dragon Souveniers, Ltd.",Singapore,Singapore,1621,Mami Nishi
10117,2003-04-16,2003-04-17,S50_1514,1962 City of Detroit Streetcar,Trains,37.49,55.65,21,Shipped,148,"Dragon Souveniers, Ltd.",Singapore,Singapore,1621,Mami Nishi
10117,2003-04-16,2003-04-17,S700_1938,The Mayflower,Ships,43.3,75.35,38,Shipped,148,"Dragon Souveniers, Ltd.",Singapore,Singapore,1621,Mami Nishi
10117,2003-04-16,2003-04-17,S700_3962,The Queen Mary,Ships,53.63,89.38,45,Shipped,148,"Dragon Souveniers, Ltd.",Singapore,Singapore,1621,Mami Nishi
10117,2003-04-16,2003-04-17,S72_3212,Pont Yacht,Ships,33.3,52.42,50,Shipped,148,"Dragon Souveniers, Ltd.",Singapore,Singapore,1621,Mami Nishi
10118,2003-04-21,2003-04-26,S700_3505,The Titanic,Ships,51.09,86.15,36,Shipped,216,Enaco Distributors,Barcelona,Spain,1702,Martin Gerard
10119,2003-04-28,2003-05-02,S10_4757,1972 Alfa Romeo GTA,Classic Cars,85.68,112.88,46,Shipped,382,Salzburg Collectables,Salzburg,Austria,1401,Pamela Castillo
10119,2003-04-28,2003-05-02,S18_1662,1980s Black Hawk Helicopter,Planes,77.27,151.38,43,Shipped,382,Salzburg Collectables,Salzburg,Austria,1401,Pamela Castillo
10119,2003-04-28,2003-05-02,S18_3029,1999 Yamaha Speed Boat,Ships,51.61,74.84,21,Shipped,382,Salzburg Collectables,Salzburg,Austria,1401,Pamela Castillo
10119,2003-04-28,2003-05-02,S18_3856,1941 Chevrolet Special Deluxe Cabriolet,Vintage Cars,64.58,95.28,27,Shipped,382,Salzburg Collectables,Salzburg,Austria,1401,Pamela Castillo
10119,2003-04-28,2003-05-02,S24_2841,1900s Vintage Bi-Plane,Planes,34.25,64.4,41,Shipped,382,Salzburg Collectables,Salzburg,Austria,1401,Pamela Castillo
10119,2003-04-28,2003-05-02,S24_3151,1912 Ford Model T Delivery Wagon,Vintage Cars,46.91,72.58,35,Shipped,382,Salzburg Collectables,Salzburg,Austria,1401,Pamela Castillo
10119,2003-04-28,2003-05-02,S24_3420,1937 Horch 930V Limousine,Vintage Cars,26.3,63.12,20,Shipped,382,Salzburg Collectables,Salzburg,Austria,1401,Pamela Castillo
10119,2003-04-28,2003-05-02,S24_3816,1940 Ford Delivery Sedan,Vintage Cars,48.64,82.18,35,Shipped,382,Salzburg Collectables,Salzburg,Austria,1401,Pamela Castillo
10119,2003-04-28,2003-05-02,S24_3949,Corsair F4U ( Bird Cage),Planes,29.34,62.1,28,Shipped,382,Salzburg Collectables,Salzburg,Austria,1401,Pamela Castillo
10119,2003-04-28,2003-05-02,S700_1138,The Schooner Bluenose,Ships,34.0,57.34,25,Shipped,382,Salzburg Collectables,Salzburg,Austria,1401,Pamela Castillo
10119,2003-04-28,2003-05-02,S700_2047,HMS Bounty,Ships,39.83,74.23,29,Shipped,382,Salzburg Collectables,Salzburg,Austria,1401,Pamela Castillo
10119,2003-04-28,2003-05-02,S700_2610,The USS Constitution Ship,Ships,33.97,67.22,38,Shipped,382,Salzburg Collectables,Salzburg,Austria,1401,Pamela Castillo
10119,2003-04-28,2003-05-02,S700_4002,American Airlines: MD-11S,Planes,36.27,63.67,26,Shipped,382,Salzburg Collectables,Salzburg,Austria,1401,Pamela Castillo
10119,2003-04-28,2003-05-02,S72_1253,Boeing X-32A JSF,Planes,32.77,40.22,28,Shipped,382,Salzburg Collectables,Salzburg,Austria,1401,Pamela Castillo
10120,2003-04-29,2003-05-01,S10_2016,1996 Moto Guzzi 1100i,Motorcycles,68.99,118.94,29,Shipped,114,"Australian Collectors, Co.",Melbourne,Australia,1611,Andy Fixter
10120,2003-04-29,2003-05-01,S10_4698,2003 Harley-Davidson Eagle Drag Bike,Motorcycles,91.02,158.8,46,Shipped,114,"Australian Collectors, Co.",Melbourne,Australia,1611,Andy Fixter
10120,2003-04-29,2003-05-01,S18_2581,P-51-D Mustang,Planes,49.0,82.79,29,Shipped,114,"Australian Collectors, Co.",Melbourne,Australia,1611,Andy Fixter
10120,2003-04-29,2003-05-01,S18_2625,1936 Harley Davidson El Knucklehead,Motorcycles,24.23,57.54,46,Shipped,114,"Australian Collectors, Co.",Melbourne,Australia,1611,Andy Fixter
10120,2003-04-29,2003-05-01,S24_1578,1997 BMW R 1100 S,Motorcycles,60.86,110.45,35,Shipped,114,"Australian Collectors, Co.",Melbourne,Australia,1611,Andy Fixter
10120,2003-04-29,2003-05-01,S24_1785,1928 British Royal Navy Airplane,Planes,66.74,93.01,39,Shipped,114,"Australian Collectors, Co.",Melbourne,Australia,1611,Andy Fixter
10120,2003-04-29,2003-05-01,S24_2000,1960 BSA Gold Star DBD34,Motorcycles,37.32,72.36,34,Shipped,114,"Australian Collectors, Co.",Melbourne,Australia,1611,Andy Fixter
10120,2003-04-29,2003-05-01,S24_4278,1900s Vintage Tri-Plane,Planes,36.23,71.73,29,Shipped,114,"Australian Collectors, Co.",Melbourne,Australia,1611,Andy Fixter
10120,2003-04-29,2003-05-01,S32_1374,1997 BMW F650 ST,Motorcycles,66.92,94.9,22,Shipped,114,"Australian Collectors, Co.",Melbourne,Australia,1611,Andy Fixter
10120,2003-04-29,2003-05-01,S32_4289,1928 Ford Phaeton Deluxe,Vintage Cars,33.02,68.79,29,Shipped,114,"Australian Collectors, Co.",Melbourne,Australia,1611,Andy Fixter
10120,2003-04-29,2003-05-01,S50_1341,1930 Buick Marquette Phaeton,Vintage Cars,27.06,41.46,49,Shipped,114,"Australian Collectors, Co.",Melbourne,Australia,1611,Andy Fixter
10120,2003-04-29,2003-05-01,S700_1691,American Airlines: B767-300,Planes,51.15,91.34,47,Shipped,114,"Australian Collectors, Co.",Melbourne,Australia,1611,Andy Fixter
10120,2003-04-29,2003-05-01,S700_2466,America West Airlines B757-200,Planes,68.8,81.77,24,Shipped,114,"Australian Collectors, Co.",Melbourne,Australia,1611,Andy Fixter
10120,2003-04-29,2003-05-01,S700_2834,ATA: B757-300,Planes,59.33,106.79,24,Shipped,114,"Australian Collectors, Co.",Melbourne,Australia,1611,Andy Fixter
10120,2003-04-29,2003-05-01,S700_3167,F/A 18 Hornet 1/72,Planes,54.4,72.0,43,Shipped,114,"Australian Collectors, Co.",Melbourne,Australia,1611,Andy Fixter
10121,2003-05-07,2003-05-13,S10_1678,1969 Harley Davidson Ultimate Chopper,Motorcycles,48.81,86.13,34,Shipped,353,Reims Collectables,Reims,France,1337,Loui Bondur
10121,2003-05-07,2003-05-13,S12_2823,2002 Suzuki XREO,Motorcycles,66.27,126.52,50,Shipped,353,Reims Collectables,Reims,France,1337,Loui Bondur
10121,2003-05-07,2003-05-13,S24_2360,1982 Ducati 900 Monster,Motorcycles,47.1,58.18,32,Shipped,353,Reims Collectables,Reims,France,1337,Loui Bondur
10121,2003-05-07,2003-05-13,S32_4485,1974 Ducati 350 Mk3 Desmo,Motorcycles,56.13,95.93,25,Shipped,353,Reims Collectables,Reims,France,1337,Loui Bondur
10121,2003-05-07,2003-05-13,S50_4713,2002 Yamaha YZR M1,Motorcycles,34.17,72.41,44,Shipped,353,Reims Collectables,Reims,France,1337,Loui Bondur
10122,2003-05-08,2003-05-13,S12_1099,1968 Ford Mustang,Classic Cars,95.34,155.66,42,Shipped,350,Marseille Mini Autos,Marseille,France,1337,Loui Bondur
10122,2003-05-08,2003-05-13,S12_3380,1968 Dodge Charger,Classic Cars,75.16,113.92,37,Shipped,350,Marseille Mini Autos,Marseille,France,1337,Loui Bondur
10122,2003-05-08,2003-05-13,S12_3990,1970 Plymouth Hemi Cuda,Classic Cars,31.92,65.44,32,Shipped,350,Marseille Mini Autos,Marseille,France,1337,Loui Bondur
10122,2003-05-08,2003-05-13,S12_4675,1969 Dodge Charger,Classic Cars,58.73,104.8,20,Shipped,350,Marseille Mini Autos,Marseille,France,1337,Loui Bondur
10122,2003-05-08,2003-05-13,S18_1129,1993 Mazda RX-7,Classic Cars,83.51,114.65,34,Shipped,350,Marseille Mini Autos,Marseille,France,1337,Loui Bondur
10122,2003-05-08,2003-05-13,S18_1889,1948 Porsche 356-A Roadster,Classic Cars,53.9,62.37,43,Shipped,350,Marseille Mini Autos,Marseille,France,1337,Loui Bondur
10122,2003-05-08,2003-05-13,S18_1984,1995 Honda Civic,Classic Cars,93.89,113.8,31,Shipped,350,Marseille Mini Autos,Marseille,France,1337,Loui Bondur
10122,2003-05-08,2003-05-13,S18_3232,1992 Ferrari 360 Spider red,Classic Cars,77.9,137.17,25,Shipped,350,Marseille Mini Autos,Marseille,France,1337,Loui Bondur
10122,2003-05-08,2003-05-13,S18_3278,1969 Dodge Super Bee,Classic Cars,49.05,69.15,21,Shipped,350,Marseille Mini Autos,Marseille,France,1337,Loui Bondur
10122,2003-05-08,2003-05-13,S18_3482,1976 Ford Gran Torino,Classic Cars,73.49,133.76,21,Shipped,350,Marseille Mini Autos,Marseille,France,1337,Loui Bondur
10122,2003-05-08,2003-05-13,S18_3782,1957 Vespa GS150,Motorcycles,32.95,59.06,35,Shipped,350,Marseille Mini Autos,Marseille,France,1337,Loui Bondur
10122,2003-05-08,2003-05-13,S18_4721,1957 Corvette Convertible,Classic Cars,69.93,145.82,28,Shipped,350,Marseille Mini Autos,Marseille,France,1337,Loui Bondur
10122,2003-05-08,2003-05-13,S24_2972,1982 Lamborghini Diablo,Classic Cars,16.24,34.74,39,Shipped,350,Marseille Mini Autos,Marseille,France,1337,Loui Bondur
10122,2003-05-08,2003-05-13,S24_3371,1971 Alpine Renault 1600s,Classic Cars,38.58,50.82,34,Shipped,350,Marseille Mini Autos,Marseille,France,1337,Loui Bondur
10122,2003-05-08,2003-05-13,S24_3856,1956 Porsche 356A Coupe,Classic Cars,98.3,136.22,43,Shipped,350,Marseille Mini Autos,Marseille,France,1337,Loui Bondur
10122,2003-05-08,2003-05-13,S24_4620,1961 Chevrolet Impala,Classic Cars,32.33,67.1,29,Shipped,350,Marseille Mini Autos,Marseille,France,1337,Loui Bondur
10122,2003-05-08,2003-05-13,S32_2206,1982 Ducati 996 R,Motorcycles,24.14,33.79,31,Shipped,350,Marseille Mini Autos,Marseille,France,1337,Loui Bondur
10123,2003-05-20,2003-05-22,S18_1589,1965 Aston Martin DB5,Classic Cars,65.96,120.71,26,Shipped,103,Atelier graphique,Nantes,France,1370,Gerard Hernandez
10123,2003-05-20,2003-05-22,S18_2870,1999 Indy 500 Monte Carlo SS,Classic Cars,56.76,114.84,46,Shipped,103,Atelier graphique,Nantes,France,1370,Gerard Hernandez
10123,2003-05-20,2003-05-22,S18_3685,1948 Porsche Type 356 Roadster,Classic Cars,62.16,117.26,34,Shipped,103,Atelier graphique,Nantes,France,1370,Gerard Hernandez
10123,2003-05-20,2003-05-22,S24_1628,1966 Shelby Cobra 427 S/C,Classic Cars,29.18,43.27,50,Shipped,103,Atelier graphique,Nantes,France,1370,Gerard Hernandez
10124,2003-05-21,2003-05-25,S18_1749,1917 Grand Touring Sedan,Vintage Cars,86.7,153.0,21,Shipped,112,Signal Gift Stores,Las Vegas,USA,1166,Leslie Thompson
10124,2003-05-21,2003-05-25,S18_2248,1911 Ford Town Car,Vintage Cars,33.3,58.12,42,Shipped,112,Signal Gift Stores,Las Vegas,USA,1166,Leslie Thompson
10124,2003-05-21,2003-05-25,S18_2325,1932 Model A Ford J-Coupe,Vintage Cars,58.48,111.87,42,Shipped,112,Signal Gift Stores,Las Vegas,USA,1166,Leslie Thompson
10124,2003-05-21,2003-05-25,S18_4409,1932 Alfa Romeo 8C2300 Spider Sport,Vintage Cars,43.26,75.46,36,Shipped,112,Signal Gift Stores,Las Vegas,USA,1166,Leslie Thompson
10124,2003-05-21,2003-05-25,S18_4933,1957 Ford Thunderbird,Classic Cars,34.21,66.28,23,Shipped,112,Signal Gift Stores,Las Vegas,USA,1166,Leslie Thompson
10124,2003-05-21,2003-05-25,S24_1046,1970 Chevy Chevelle SS 454,Classic Cars,49.24,62.47,22,Shipped,112,Signal Gift Stores,Las Vegas,USA,1166,Leslie Thompson
10124,2003-05-21,2003-05-25,S24_1937,1939 Chevrolet Deluxe Coupe,Vintage Cars,22.57,30.53,45,Shipped,112,Signal Gift Stores,Las Vegas,USA,1166,Leslie Thompson
10124,2003-05-21,2003-05-25,S24_2022,1938 Cadillac V-16 Presidential Limousine,Vintage Cars,20.61,36.29,22,Shipped,112,Signal Gift Stores,Las Vegas,USA,1166,Leslie Thompson
10124,2003-05-21,2003-05-25,S24_2766,1949 Jaguar XK 120,Classic Cars,47.25,74.51,32,Shipped,112,Signal Gift Stores,Las Vegas,USA,1166,Leslie Thompson
10124,2003-05-21,2003-05-25,S24_2887,1952 Citroen-15CV,Classic Cars,72.82,93.95,25,Shipped,112,Signal Gift Stores,Las Vegas,USA,1166,Leslie Thompson
10124,2003-05-21,2003-05-25,S24_3191,1969 Chevrolet Camaro Z28,Classic Cars,50.51,76.19,49,Shipped,112,Signal Gift Stores,Las Vegas,USA,1166,Leslie Thompson
10124,2003-05-21,2003-05-25,S24_3432,2002 Chevy Corvette,Classic Cars,62.11,101.73,43,Shipped,112,Signal Gift Stores,Las Vegas,USA,1166,Leslie Thompson
10124,2003-05-21,2003-05-25,S24_3969,1936 Mercedes Benz 500k Roadster,Vintage Cars,21.75,36.11,46,Shipped,112,Signal Gift Stores,Las Vegas,USA,1166,Leslie Thompson
10125,2003-05-21,2003-05-24,S18_1342,1937 Lincoln Berline,Vintage Cars,60.62,89.38,32,Shipped,114,"Australian Collectors, Co.",Melbourne,Australia,1611,Andy Fixter
10125,2003-05-21,2003-05-24,S18_2795,1928 Mercedes-Benz SSK,Vintage Cars,72.56,138.38,34,Shipped,114,"Australian Collectors, Co.",Melbourne,Australia,1611,Andy Fixter
10126,2003-05-28,2003-06-02,S10_1949,1952 Alpine Renault 1300,Classic Cars,98.58,205.73,38,Shipped,458,"Corrida Auto Replicas, Ltd",Madrid,Spain,1702,Martin Gerard
10126,2003-05-28,2003-06-02,S10_4962,1962 LanciaA Delta 16V,Classic Cars,103.42,122.62,22,Shipped,458,"Corrida Auto Replicas, Ltd",Madrid,Spain,1702,Martin Gerard
10126,2003-05-28,2003-06-02,S12_1666,1958 Setra Bus,Trucks and Buses,77.9,135.3,21,Shipped,458,"Corrida Auto Replicas, Ltd",Madrid,Spain,1702,Martin Gerard
10126,2003-05-28,2003-06-02,S18_1097,1940 Ford Pickup Truck,Trucks and Buses,58.33,116.67,38,Shipped,458,"Corrida Auto Replicas, Ltd",Madrid,Spain,1702,Martin Gerard
10126,2003-05-28,2003-06-02,S18_1367,1936 Mercedes-Benz 500K Special Roadster,Vintage Cars,24.26,51.21,42,Shipped,458,"Corrida Auto Replicas, Ltd",Madrid,Spain,1702,Martin Gerard
10126,2003-05-28,2003-06-02,S18_2432,1926 Ford Fire Engine,Trucks and Buses,24.92,51.05,43,Shipped,458,"Corrida Auto Replicas, Ltd",Madrid,Spain,1702,Martin Gerard
10126,2003-05-28,2003-06-02,S18_2949,1913 Ford Model T Speedster,Vintage Cars,60.78,93.21,31,Shipped,458,"Corrida Auto Replicas, Ltd",Madrid,Spain,1702,Martin Gerard
10126,2003-05-28,2003-06-02,S18_2957,1934 Ford V8 Coupe,Vintage Cars,34.35,61.84,46,Shipped,458,"Corrida Auto Replicas, Ltd",Madrid,Spain,1702,Martin Gerard
10126,2003-05-28,2003-06-02,S18_3136,18th Century Vintage Horse Carriage,Vintage Cars,60.74,93.2,30,Shipped,458,"Corrida Auto Replicas, Ltd",Madrid,Spain,1702,Martin Gerard
10126,2003-05-28,2003-06-02,S18_3320,1917 Maxwell Touring Car,Vintage Cars,57.54,94.25,38,Shipped,458,"Corrida Auto Replicas, Ltd",Madrid,Spain,1702,Martin Gerard
10126,2003-05-28,2003-06-02,S18_4600,1940s Ford truck,Trucks and Buses,84.76,102.92,50,Shipped,458,"Corrida Auto Replicas, Ltd",Madrid,Spain,1702,Martin Gerard
10126,2003-05-28,2003-06-02,S18_4668,1939 Cadillac Limousine,Vintage Cars,23.14,47.29,43,Shipped,458,"Corrida Auto Replicas, Ltd",Madrid,Spain,1702,Martin Gerard
10126,2003-05-28,2003-06-02,S24_2300,1962 Volkswagen Microbus,Trucks and Buses,61.34,122.68,27,Shipped,458,"Corrida Auto Replicas, Ltd",Madrid,Spain,1702,Martin Gerard
10126,2003-05-28,2003-06-02,S24_4258,1936 Chrysler Airflow,Vintage Cars,57.46,83.76,34,Shipped,458,"Corrida Auto Replicas, Ltd",Madrid,Spain,1702,Martin Gerard
10126,2003-05-28,2003-06-02,S32_1268,1980’s GM Manhattan Express,Trucks and Buses,53.93,82.83,43,Shipped,458,"Corrida Auto Replicas, Ltd",Madrid,Spain,1702,Martin Gerard
10126,2003-05-28,2003-06-02,S32_3522,1996 Peterbilt 379 Stake Bed with Outrigger,Trucks and Buses,33.61,62.05,26,Shipped,458,"Corrida Auto Replicas, Ltd",Madrid,Spain,1702,Martin Gerard
10126,2003-05-28,2003-06-02,S700_2824,1982 Camaro Z28,Classic Cars,46.53,97.1,45,Shipped,458,"Corrida Auto Replicas, Ltd",Madrid,Spain,1702,Martin Gerard
10127,2003-06-03,2003-06-06,S12_1108,2001 Ferrari Enzo,Classic Cars,95.59,193.25,46,Shipped,151,Muscle Machine Inc,NYC,USA,1286,Foon Yue Tseng
10127,2003-06-03,2003-06-06,S12_3148,1969 Corvair Monza,Classic Cars,89.14,140.5,46,Shipped,151,Muscle Machine Inc,NYC,USA,1286,Foon Yue Tseng
10127,2003-06-03,2003-06-06,S12_3891,1969 Ford Falcon,Classic Cars,83.05,169.56,42,Shipped,151,Muscle Machine Inc,NYC,USA,1286,Foon Yue Tseng
10127,2003-06-03,2003-06-06,S12_4473,1957 Chevy Pickup,Trucks and Buses,55.7,100.73,24,Shipped,151,Muscle Machine Inc,NYC,USA,1286,Foon Yue Tseng
10127,2003-06-03,2003-06-06,S18_2238,1998 Chrysler Plymouth Prowler,Classic Cars,101.51,140.81,45,Shipped,151,Muscle Machine Inc,NYC,USA,1286,Foon Yue Tseng
10127,2003-06-03,2003-06-06,S18_2319,1964 Mercedes Tour Bus,Trucks and Buses,74.86,114.14,45,Shipped,151,Muscle Machine Inc,NYC,USA,1286,Foon Yue Tseng
10127,2003-06-03,2003-06-06,S18_3232,1992 Ferrari 360 Spider red,Classic Cars,77.9,149.02,22,Shipped,151,Muscle Machine Inc,NYC,USA,1286,Foon Yue Tseng
10127,2003-06-03,2003-06-06,S18_4027,1970 Triumph Spitfire,Classic Cars,91.92,126.39,25,Shipped,151,Muscle Machine Inc,NYC,USA,1286,Foon Yue Tseng
10127,2003-06-03,2003-06-06,S24_1444,1970 Dodge Coronet,Classic Cars,32.37,50.86,20,Shipped,151,Muscle Machine Inc,NYC,USA,1286,Foon Yue Tseng
10127,2003-06-03,2003-06-06,S24_2840,1958 Chevy Corvette Limited Edition,Classic Cars,15.91,34.3,39,Shipped,151,Muscle Machine Inc,NYC,USA,1286,Foon Yue Tseng
10127,2003-06-03,2003-06-06,S24_4048,1992 Porsche Cayenne Turbo Silver,Classic Cars,69.78,107.63,20,Shipped,151,Muscle Machine Inc,NYC,USA,1286,Foon Yue Tseng
10127,2003-06-03,2003-06-06,S32_2509,1954 Greyhound Scenicruiser,Trucks and Buses,25.98,46.53,45,Shipped,151,Muscle Machine Inc,NYC,USA,1286,Foon Yue Tseng
10127,2003-06-03,2003-06-06,S32_3207,1950's Chicago Surface Lines Streetcar,Trains,26.72,60.9,29,Shipped,151,Muscle Machine Inc,NYC,USA,1286,Foon Yue Tseng
10127,2003-06-03,2003-06-06,S50_1392,Diamond T620 Semi-Skirted Tanker,Trucks and Buses,68.29,111.12,46,Shipped,151,Muscle Machine Inc,NYC,USA,1286,Foon Yue Tseng
10127,2003-06-03,2003-06-06,S50_1514,1962 City of Detroit Streetcar,Trains,37.49,55.65,46,Shipped,151,Muscle Machine Inc,NYC,USA,1286,Foon Yue Tseng
10128,2003-06-06,2003-06-11,S18_3140,1903 Ford Model A,Vintage Cars,68.3,120.2,41,Shipped,141,Euro+ Shopping Channel,Madrid,Spain,1370,Gerard Hernandez
10128,2003-06-06,2003-06-11,S18_3259,Collectable Wooden Train,Trains,67.56,80.67,41,Shipped,141,Euro+ Shopping Channel,Madrid,Spain,1370,Gerard Hernandez
10128,2003-06-06,2003-06-11,S18_4522,1904 Buick Runabout,Vintage Cars,52.66,77.24,43,Shipped,141,Euro+ Shopping Channel,Madrid,Spain,1370,Gerard Hernandez
10128,2003-06-06,2003-06-11,S700_1938,The Mayflower,Ships,43.3,72.75,32,Shipped,141,Euro+ Shopping Channel,Madrid,Spain,1370,Gerard Hernandez
10129,2003-06-12,2003-06-14,S10_4757,1972 Alfa Romeo GTA,Classic Cars,85.68,123.76,33,Shipped,324,"Stylish Desk Decors, Co.",London,UK,1501,Larry Bott
10129,2003-06-12,2003-06-14,S24_2011,18th century schooner,Ships,82.34,113.06,45,Shipped,324,"Stylish Desk Decors, Co.",London,UK,1501,Larry Bott
10129,2003-06-12,2003-06-14,S24_3151,1912 Ford Model T Delivery Wagon,Vintage Cars,46.91,81.43,41,Shipped,324,"Stylish Desk Decors, Co.",London,UK,1501,Larry Bott
10129,2003-06-12,2003-06-14,S24_3816,1940 Ford Delivery Sedan,Vintage Cars,48.64,76.31,50,Shipped,324,"Stylish Desk Decors, Co.",London,UK,1501,Larry Bott
10129,2003-06-12,2003-06-14,S700_1138,The Schooner Bluenose,Ships,34.0,58.67,31,Shipped,324,"Stylish Desk Decors, Co.",London,UK,1501,Larry Bott
10129,2003-06-12,2003-06-14,S700_2610,The USS Constitution Ship,Ships,33.97,72.28,45,Shipped,324,"Stylish Desk Decors, Co.",London,UK,1501,Larry Bott
10129,2003-06-12,2003-06-14,S700_3505,The Titanic,Ships,51.09,90.15,42,Shipped,324,"Stylish Desk Decors, Co.",London,UK,1501,Larry Bott
10129,2003-06-12,2003-06-14,S700_3962,The Queen Mary,Ships,53.63,94.34,30,Shipped,324,"Stylish Desk Decors, Co.",London,UK,1501,Larry Bott
10129,2003-06-12,2003-06-14,S72_3212,Pont Yacht,Ships,33.3,44.23,32,Shipped,324,"Stylish Desk Decors, Co.",London,UK,1501,Larry Bott
10130,2003-06-16,2003-06-21,S18_3029,1999 Yamaha Speed Boat,Ships,51.61,68.82,40,Shipped,198,Auto-Moto Classics Inc.,Brickhaven,USA,1216,Steve Patterson
10130,2003-06-16,2003-06-21,S18_3856,1941 Chevrolet Special Deluxe Cabriolet,Vintage Cars,64.58,99.52,33,Shipped,198,Auto-Moto Classics Inc.,Brickhaven,USA,1216,Steve Patterson
10131,2003-06-16,2003-06-21,S18_1662,1980s Black Hawk Helicopter,Planes,77.27,141.92,21,Shipped,447,Gift Ideas Corp.,Glendale,USA,1323,George Vanauf
10131,2003-06-16,2003-06-21,S24_2841,1900s Vintage Bi-Plane,Planes,34.25,60.97,35,Shipped,447,Gift Ideas Corp.,Glendale,USA,1323,George Vanauf
10131,2003-06-16,2003-06-21,S24_3420,1937 Horch 930V Limousine,Vintage Cars,26.3,52.6,29,Shipped,447,Gift Ideas Corp.,Glendale,USA,1323,George Vanauf
10131,2003-06-16,2003-06-21,S24_3949,Corsair F4U ( Bird Cage),Planes,29.34,54.59,50,Shipped,447,Gift Ideas Corp.,Glendale,USA,1323,George Vanauf
10131,2003-06-16,2003-06-21,S700_2047,HMS Bounty,Ships,39.83,76.94,22,Shipped,447,Gift Ideas Corp.,Glendale,USA,1323,George Vanauf
10131,2003-06-16,2003-06-21,S700_2466,America West Airlines B757-200,Planes,68.8,86.76,40,Shipped,447,Gift Ideas Corp.,Glendale,USA,1323,George Vanauf
10131,2003-06-16,2003-06-21,S700_4002,American Airlines: MD-11S,Planes,36.27,63.67,26,Shipped,447,Gift Ideas Corp.,Glendale,USA,1323,George Vanauf
10131,2003-06-16,2003-06-21,S72_1253,Boeing X-32A JSF,Planes,32.77,40.22,21,Shipped,447,Gift Ideas Corp.,Glendale,USA,1323,George Vanauf
10132,2003-06-25,2003-06-28,S700_3167,F/A 18 Hornet 1/72,Planes,54.4,80.0,36,Shipped,323,"Down Under Souveniers, Inc",Auckland,New Zealand,1612,Peter Marsh
10133,2003-06-27,2003-07-03,S18_2581,P-51-D Mustang,Planes,49.0,80.26,49,Shipped,141,Euro+ Shopping Channel,Madrid,Spain,1370,Gerard Hernandez
10133,2003-06-27,2003-07-03,S24_1785,1928 British Royal Navy Airplane,Planes,66.74,109.42,41,Shipped,141,Euro+ Shopping Channel,Madrid,Spain,1370,Gerard Hernandez
10133,2003-06-27,2003-07-03,S24_4278,1900s Vintage Tri-Plane,Planes,36.23,61.58,46,Shipped,141,Euro+ Shopping Channel,Madrid,Spain,1370,Gerard Hernandez
10133,2003-06-27,2003-07-03,S32_1374,1997 BMW F650 ST,Motorcycles,66.92,80.91,23,Shipped,141,Euro+ Shopping Channel,Madrid,Spain,1370,Gerard Hernandez
10133,2003-06-27,2003-07-03,S32_4289,1928 Ford Phaeton Deluxe,Vintage Cars,33.02,67.41,49,Shipped,141,Euro+ Shopping Channel,Madrid,Spain,1370,Gerard Hernandez
10133,2003-06-27,2003-07-03,S50_1341,1930 Buick Marquette Phaeton,Vintage Cars,27.06,37.09,27,Shipped,141,Euro+ Shopping Channel,Madrid,Spain,1370,Gerard Hernandez
10133,2003-06-27,2003-07-03,S700_1691,American Airlines: B767-300,Planes,51.15,76.73,24,Shipped,141,Euro+ Shopping Channel,Madrid,Spain,1370,Gerard Hernandez
10133,2003-06-27,2003-07-03,S700_2834,ATA: B757-300,Planes,59.33,115.09,27,Shipped,141,Euro+ Shopping Channel,Madrid,Spain,1370,Gerard Hernandez
10134,2003-07-01,2003-07-05,S10_1678,1969 Harley Davidson Ultimate Chopper,Motorcycles,48.81,90.92,41,Shipped,250,Lyon Souveniers,Paris,France,1337,Loui Bondur
10134,2003-07-01,2003-07-05,S10_2016,1996 Moto Guzzi 1100i,Motorcycles,68.99,116.56,27,Shipped,250,Lyon Souveniers,Paris,France,1337,Loui Bondur
10134,2003-07-01,2003-07-05,S10_4698,2003 Harley-Davidson Eagle Drag Bike,Motorcycles,91.02,187.85,31,Shipped,250,Lyon Souveniers,Paris,France,1337,Loui Bondur
10134,2003-07-01,2003-07-05,S12_2823,2002 Suzuki XREO,Motorcycles,66.27,131.04,20,Shipped,250,Lyon Souveniers,Paris,France,1337,Loui Bondur
10134,2003-07-01,2003-07-05,S18_2625,1936 Harley Davidson El Knucklehead,Motorcycles,24.23,51.48,30,Shipped,250,Lyon Souveniers,Paris,France,1337,Loui Bondur
10134,2003-07-01,2003-07-05,S24_1578,1997 BMW R 1100 S,Motorcycles,60.86,94.67,35,Shipped,250,Lyon Souveniers,Paris,France,1337,Loui Bondur
10134,2003-07-01,2003-07-05,S24_2000,1960 BSA Gold Star DBD34,Motorcycles,37.32,75.41,43,Shipped,250,Lyon Souveniers,Paris,France,1337,Loui Bondur
10135,2003-07-02,2003-07-03,S12_1099,1968 Ford Mustang,Classic Cars,95.34,173.17,42,Shipped,124,Mini Gifts Distributors Ltd.,San Rafael,USA,1165,Leslie Jennings
10135,2003-07-02,2003-07-03,S12_3380,1968 Dodge Charger,Classic Cars,75.16,110.39,48,Shipped,124,Mini Gifts Distributors Ltd.,San Rafael,USA,1165,Leslie Jennings
10135,2003-07-02,2003-07-03,S12_3990,1970 Plymouth Hemi Cuda,Classic Cars,31.92,72.62,24,Shipped,124,Mini Gifts Distributors Ltd.,San Rafael,USA,1165,Leslie Jennings
10135,2003-07-02,2003-07-03,S12_4675,1969 Dodge Charger,Classic Cars,58.73,103.64,29,Shipped,124,Mini Gifts Distributors Ltd.,San Rafael,USA,1165,Leslie Jennings
10135,2003-07-02,2003-07-03,S18_1889,1948 Porsche 356-A Roadster,Classic Cars,53.9,66.99,48,Shipped,124,Mini Gifts Distributors Ltd.,San Rafael,USA,1165,Leslie Jennings
10135,2003-07-02,2003-07-03,S18_3278,1969 Dodge Super Bee,Classic Cars,49.05,65.94,45,Shipped,124,Mini Gifts Distributors Ltd.,San Rafael,USA,1165,Leslie Jennings
10135,2003-07-02,2003-07-03,S18_3482,1976 Ford Gran Torino,Classic Cars,73.49,139.64,42,Shipped,124,Mini Gifts Distributors Ltd.,San Rafael,USA,1165,Leslie Jennings
10135,2003-07-02,2003-07-03,S18_3782,1957 Vespa GS150,Motorcycles,32.95,49.74,45,Shipped,124,Mini Gifts Distributors Ltd.,San Rafael,USA,1165,Leslie Jennings
10135,2003-07-02,2003-07-03,S18_4721,1957 Corvette Convertible,Classic Cars,69.93,133.92,31,Shipped,124,Mini Gifts Distributors Ltd.,San Rafael,USA,1165,Leslie Jennings
10135,2003-07-02,2003-07-03,S24_2360,1982 Ducati 900 Monster,Motorcycles,47.1,67.18,29,Shipped,124,Mini Gifts Distributors Ltd.,San Rafael,USA,1165,Leslie Jennings
10135,2003-07-02,2003-07-03,S24_2972,1982 Lamborghini Diablo,Classic Cars,16.24,34.36,20,Shipped,124,Mini Gifts Distributors Ltd.,San Rafael,USA,1165,Leslie Jennings
10135,2003-07-02,2003-07-03,S24_3371,1971 Alpine Renault 1600s,Classic Cars,38.58,52.05,27,Shipped,124,Mini Gifts Distributors Ltd.,San Rafael,USA,1165,Leslie Jennings
10135,2003-07-02,2003-07-03,S24_3856,1956 Porsche 356A Coupe,Classic Cars,98.3,139.03,47,Shipped,124,Mini Gifts Distributors Ltd.,San Rafael,USA,1165,Leslie Jennings
10135,2003-07-02,2003-07-03,S24_4620,1961 Chevrolet Impala,Classic Cars,32.33,76.8,23,Shipped,124,Mini Gifts Distributors Ltd.,San Rafael,USA,1165,Leslie Jennings
10135,2003-07-02,2003-07-03,S32_2206,1982 Ducati 996 R,Motorcycles,24.14,38.62,33,Shipped,124,Mini Gifts Distributors Ltd.,San Rafael,USA,1165,Leslie Jennings
10135,2003-07-02,2003-07-03,S32_4485,1974 Ducati 350 Mk3 Desmo,Motorcycles,56.13,91.85,30,Shipped,124,Mini Gifts Distributors Ltd.,San Rafael,USA,1165,Leslie Jennings
10135,2003-07-02,2003-07-03,S50_4713,2002 Yamaha YZR M1,Motorcycles,34.17,78.92,44,Shipped,124,Mini Gifts Distributors Ltd.,San Rafael,USA,1165,Leslie Jennings
10136,2003-07-04,2003-07-06,S18_1129,1993 Mazda RX-7,Classic Cars,83.51,117.48,25,Shipped,242,Alpha Cognac,Toulouse,France,1370,Gerard Hernandez
10136,2003-07-04,2003-07-06,S18_1984,1995 Honda Civic,Classic Cars,93.89,120.91,36,Shipped,242,Alpha Cognac,Toulouse,France,1370,Gerard Hernandez
10136,2003-07-04,2003-07-06,S18_3232,1992 Ferrari 360 Spider red,Classic Cars,77.9,169.34,41,Shipped,242,Alpha Cognac,Toulouse,France,1370,Gerard Hernandez
10137,2003-07-10,2003-07-14,S18_1589,1965 Aston Martin DB5,Classic Cars,65.96,115.73,44,Shipped,353,Reims Collectables,Reims,France,1337,Loui Bondur
10137,2003-07-10,2003-07-14,S18_2870,1999 Indy 500 Monte Carlo SS,Classic Cars,56.76,110.88,37,Shipped,353,Reims Collectables,Reims,France,1337,Loui Bondur
10137,2003-07-10,2003-07-14,S18_3685,1948 Porsche Type 356 Roadster,Classic Cars,62.16,118.68,31,Shipped,353,Reims Collectables,Reims,France,1337,Loui Bondur
10137,2003-07-10,2003-07-14,S24_1628,1966 Shelby Cobra 427 S/C,Classic Cars,29.18,40.25,26,Shipped,353,Reims Collectables,Reims,France,1337,Loui Bondur
10138,2003-07-07,2003-07-13,S18_1749,1917 Grand Touring Sedan,Vintage Cars,86.7,149.6,33,Shipped,496,Kelly's Gift Shop,Auckland,New Zealand,1612,Peter Marsh
10138,2003-07-07,2003-07-13,S18_2248,1911 Ford Town Car,Vintage Cars,33.3,51.46,22,Shipped,496,Kelly's Gift Shop,Auckland,New Zealand,1612,Peter Marsh
10138,2003-07-07,2003-07-13,S18_2325,1932 Model A Ford J-Coupe,Vintage Cars,58.48,114.42,38,Shipped,496,Kelly's Gift Shop,Auckland,New Zealand,1612,Peter Marsh
10138,2003-07-07,2003-07-13,S18_4409,1932 Alfa Romeo 8C2300 Spider Sport,Vintage Cars,43.26,79.15,47,Shipped,496,Kelly's Gift Shop,Auckland,New Zealand,1612,Peter Marsh
10138,2003-07-07,2003-07-13,S18_4933,1957 Ford Thunderbird,Classic Cars,34.21,64.86,23,Shipped,496,Kelly's Gift Shop,Auckland,New Zealand,1612,Peter Marsh
10138,2003-07-07,2003-07-13,S24_1046,1970 Chevy Chevelle SS 454,Classic Cars,49.24,59.53,45,Shipped,496,Kelly's Gift Shop,Auckland,New Zealand,1612,Peter Marsh
10138,2003-07-07,2003-07-13,S24_1937,1939 Chevrolet Deluxe Coupe,Vintage Cars,22.57,33.19,22,Shipped,496,Kelly's Gift Shop,Auckland,New Zealand,1612,Peter Marsh
10138,2003-07-07,2003-07-13,S24_2022,1938 Cadillac V-16 Presidential Limousine,Vintage Cars,20.61,38.53,33,Shipped,496,Kelly's Gift Shop,Auckland,New Zealand,1612,Peter Marsh
10138,2003-07-07,2003-07-13,S24_2766,1949 Jaguar XK 120,Classic Cars,47.25,73.6,28,Shipped,496,Kelly's Gift Shop,Auckland,New Zealand,1612,Peter Marsh
10138,2003-07-07,2003-07-13,S24_2887,1952 Citroen-15CV,Classic Cars,72.82,96.3,30,Shipped,496,Kelly's Gift Shop,Auckland,New Zealand,1612,Peter Marsh
10138,2003-07-07,2003-07-13,S24_3191,1969 Chevrolet Camaro Z28,Classic Cars,50.51,77.05,49,Shipped,496,Kelly's Gift Shop,Auckland,New Zealand,1612,Peter Marsh
10138,2003-07-07,2003-07-13,S24_3432,2002 Chevy Corvette,Classic Cars,62.11,99.58,21,Shipped,496,Kelly's Gift Shop,Auckland,New Zealand,1612,Peter Marsh
10138,2003-07-07,2003-07-13,S24_3969,1936 Mercedes Benz 500k Roadster,Vintage Cars,21.75,32.82,29,Shipped,496,Kelly's Gift Shop,Auckland,New Zealand,1612,Peter Marsh
10139,2003-07-16,2003-07-21,S18_1342,1937 Lincoln Berline,Vintage Cars,60.62,89.38,31,Shipped,282,Souveniers And Things Co.,Chatswood,Australia,1611,Andy Fixter
10139,2003-07-16,2003-07-21,S18_1367,1936 Mercedes-Benz 500K Special Roadster,Vintage Cars,24.26,52.83,49,Shipped,282,Souveniers And Things Co.,Chatswood,Australia,1611,Andy Fixter
10139,2003-07-16,2003-07-21,S18_2795,1928 Mercedes-Benz SSK,Vintage Cars,72.56,151.88,41,Shipped,282,Souveniers And Things Co.,Chatswood,Australia,1611,Andy Fixter
10139,2003-07-16,2003-07-21,S18_2949,1913 Ford Model T Speedster,Vintage Cars,60.78,91.18,46,Shipped,282,Souveniers And Things Co.,Chatswood,Australia,1611,Andy Fixter
10139,2003-07-16,2003-07-21,S18_2957,1934 Ford V8 Coupe,Vintage Cars,34.35,52.47,20,Shipped,282,Souveniers And Things Co.,Chatswood,Australia,1611,Andy Fixter
10139,2003-07-16,2003-07-21,S18_3136,18th Century Vintage Horse Carriage,Vintage Cars,60.74,101.58,20,Shipped,282,Souveniers And Things Co.,Chatswood,Australia,1611,Andy Fixter
10139,2003-07-16,2003-07-21,S18_3320,1917 Maxwell Touring Car,Vintage Cars,57.54,81.35,30,Shipped,282,Souveniers And Things Co.,Chatswood,Australia,1611,Andy Fixter
10139,2003-07-16,2003-07-21,S24_4258,1936 Chrysler Airflow,Vintage Cars,57.46,93.49,29,Shipped,282,Souveniers And Things Co.,Chatswood,Australia,1611,Andy Fixter
10140,2003-07-24,2003-07-30,S10_1949,1952 Alpine Renault 1300,Classic Cars,98.58,186.44,37,Shipped,161,Technics Stores Inc.,Burlingame,USA,1165,Leslie Jennings
10140,2003-07-24,2003-07-30,S10_4962,1962 LanciaA Delta 16V,Classic Cars,103.42,131.49,26,Shipped,161,Technics Stores Inc.,Burlingame,USA,1165,Leslie Jennings
10140,2003-07-24,2003-07-30,S12_1666,1958 Setra Bus,Trucks and Buses,77.9,118.9,38,Shipped,161,Technics Stores Inc.,Burlingame,USA,1165,Leslie Jennings
10140,2003-07-24,2003-07-30,S18_1097,1940 Ford Pickup Truck,Trucks and Buses,58.33,95.67,32,Shipped,161,Technics Stores Inc.,Burlingame,USA,1165,Leslie Jennings
10140,2003-07-24,2003-07-30,S18_2432,1926 Ford Fire Engine,Trucks and Buses,24.92,51.05,46,Shipped,161,Technics Stores Inc.,Burlingame,USA,1165,Leslie Jennings
10140,2003-07-24,2003-07-30,S18_4600,1940s Ford truck,Trucks and Buses,84.76,100.5,40,Shipped,161,Technics Stores Inc.,Burlingame,USA,1165,Leslie Jennings
10140,2003-07-24,2003-07-30,S18_4668,1939 Cadillac Limousine,Vintage Cars,23.14,40.25,29,Shipped,161,Technics Stores Inc.,Burlingame,USA,1165,Leslie Jennings
10140,2003-07-24,2003-07-30,S24_2300,1962 Volkswagen Microbus,Trucks and Buses,61.34,118.84,47,Shipped,161,Technics Stores Inc.,Burlingame,USA,1165,Leslie Jennings
10140,2003-07-24,2003-07-30,S32_1268,1980’s GM Manhattan Express,Trucks and Buses,53.93,87.64,26,Shipped,161,Technics Stores Inc.,Burlingame,USA,1165,Leslie Jennings
10140,2003-07-24,2003-07-30,S32_3522,1996 Peterbilt 379 Stake Bed with Outrigger,Trucks and Buses,33.61,62.05,28,Shipped,161,Technics Stores Inc.,Burlingame,USA,1165,Leslie Jennings
10140,2003-07-24,2003-07-30,S700_2824,1982 Camaro Z28,Classic Cars,46.53,101.15,36,Shipped,161,Technics Stores Inc.,Burlingame,USA,1165,Leslie Jennings
10141,2003-08-01,2003-08-04,S12_4473,1957 Chevy Pickup,Trucks and Buses,55.7,114.95,21,Shipped,334,Suominen Souveniers,Espoo,Finland,1501,Larry Bott
10141,2003-08-01,2003-08-04,S18_2238,1998 Chrysler Plymouth Prowler,Classic Cars,101.51,160.46,39,Shipped,334,Suominen Souveniers,Espoo,Finland,1501,Larry Bott
10141,2003-08-01,2003-08-04,S18_2319,1964 Mercedes Tour Bus,Trucks and Buses,74.86,103.09,47,Shipped,334,Suominen Souveniers,Espoo,Finland,1501,Larry Bott
10141,2003-08-01,2003-08-04,S18_3232,1992 Ferrari 360 Spider red,Classic Cars,77.9,143.94,34,Shipped,334,Suominen Souveniers,Espoo,Finland,1501,Larry Bott
10141,2003-08-01,2003-08-04,S24_1444,1970 Dodge Coronet,Classic Cars,32.37,50.86,20,Shipped,334,Suominen Souveniers,Espoo,Finland,1501,Larry Bott
10141,2003-08-01,2003-08-04,S24_2840,1958 Chevy Corvette Limited Edition,Classic Cars,15.91,32.18,21,Shipped,334,Suominen Souveniers,Espoo,Finland,1501,Larry Bott
10141,2003-08-01,2003-08-04,S24_4048,1992 Porsche Cayenne Turbo Silver,Classic Cars,69.78,104.09,40,Shipped,334,Suominen Souveniers,Espoo,Finland,1501,Larry Bott
10141,2003-08-01,2003-08-04,S32_2509,1954 Greyhound Scenicruiser,Trucks and Buses,25.98,53.03,24,Shipped,334,Suominen Souveniers,Espoo,Finland,1501,Larry Bott
10141,2003-08-01,2003-08-04,S50_1392,Diamond T620 Semi-Skirted Tanker,Trucks and Buses,68.29,94.92,44,Shipped,334,Suominen Souveniers,Espoo,Finland,1501,Larry Bott
10142,2003-08-08,2003-08-13,S12_1108,2001 Ferrari Enzo,Classic Cars,95.59,166.24,33,Shipped,124,Mini Gifts Distributors Ltd.,San Rafael,USA,1165,Leslie Jennings
10142,2003-08-08,2003-08-13,S12_3148,1969 Corvair Monza,Classic Cars,89.14,140.5,33,Shipped,124,Mini Gifts Distributors Ltd.,San Rafael,USA,1165,Leslie Jennings
10142,2003-08-08,2003-08-13,S12_3891,1969 Ford Falcon,Classic Cars,83.05,167.83,46,Shipped,124,Mini Gifts Distributors Ltd.,San Rafael,USA,1165,Leslie Jennings
10142,2003-08-08,2003-08-13,S18_3140,1903 Ford Model A,Vintage Cars,68.3,129.76,47,Shipped,124,Mini Gifts Distributors Ltd.,San Rafael,USA,1165,Leslie Jennings
10142,2003-08-08,2003-08-13,S18_3259,Collectable Wooden Train,Trains,67.56,95.8,22,Shipped,124,Mini Gifts Distributors Ltd.,San Rafael,USA,1165,Leslie Jennings
10142,2003-08-08,2003-08-13,S18_4027,1970 Triumph Spitfire,Classic Cars,91.92,122.08,24,Shipped,124,Mini Gifts Distributors Ltd.,San Rafael,USA,1165,Leslie Jennings
10142,2003-08-08,2003-08-13,S18_4522,1904 Buick Runabout,Vintage Cars,52.66,79.87,24,Shipped,124,Mini Gifts Distributors Ltd.,San Rafael,USA,1165,Leslie Jennings
10142,2003-08-08,2003-08-13,S24_2011,18th century schooner,Ships,82.34,114.29,33,Shipped,124,Mini Gifts Distributors Ltd.,San Rafael,USA,1165,Leslie Jennings
10142,2003-08-08,2003-08-13,S24_3151,1912 Ford Model T Delivery Wagon,Vintage Cars,46.91,74.35,49,Shipped,124,Mini Gifts Distributors Ltd.,San Rafael,USA,1165,Leslie Jennings
10142,2003-08-08,2003-08-13,S32_3207,1950's Chicago Surface Lines Streetcar,Trains,26.72,60.9,42,Shipped,124,Mini Gifts Distributors Ltd.,San Rafael,USA,1165,Leslie Jennings
10142,2003-08-08,2003-08-13,S50_1514,1962 City of Detroit Streetcar,Trains,37.49,56.24,42,Shipped,124,Mini Gifts Distributors Ltd.,San Rafael,USA,1165,Leslie Jennings
10142,2003-08-08,2003-08-13,S700_1138,The Schooner Bluenose,Ships,34.0,55.34,41,Shipped,124,Mini Gifts Distributors Ltd.,San Rafael,USA,1165,Leslie Jennings
10142,2003-08-08,2003-08-13,S700_1938,The Mayflower,Ships,43.3,77.08,43,Shipped,124,Mini Gifts Distributors Ltd.,San Rafael,USA,1165,Leslie Jennings
10142,2003-08-08,2003-08-13,S700_3505,The Titanic,Ships,51.09,92.16,21,Shipped,124,Mini Gifts Distributors Ltd.,San Rafael,USA,1165,Leslie Jennings
10142,2003-08-08,2003-08-13,S700_3962,The Queen Mary,Ships,53.63,91.37,38,Shipped,124,Mini Gifts Distributors Ltd.,San Rafael,USA,1165,Leslie Jennings
10142,2003-08-08,2003-08-13,S72_3212,Pont Yacht,Ships,33.3,46.96,39,Shipped,124,Mini Gifts Distributors Ltd.,San Rafael,USA,1165,Leslie Jennings
10143,2003-08-10,2003-08-12,S10_4757,1972 Alfa Romeo GTA,Classic Cars,85.68,133.28,49,Shipped,320,Mini Creations Ltd.,New Bedford,USA,1188,Julie Firrelli
10143,2003-08-10,2003-08-12,S18_1662,1980s Black Hawk Helicopter,Planes,77.27,126.15,32,Shipped,320,Mini Creations Ltd.,New Bedford,USA,1188,Julie Firrelli
10143,2003-08-10,2003-08-12,S18_3029,1999 Yamaha Speed Boat,Ships,51.61,70.54,46,Shipped,320,Mini Creations Ltd.,New Bedford,USA,1188,Julie Firrelli
10143,2003-08-10,2003-08-12,S18_3856,1941 Chevrolet Special Deluxe Cabriolet,Vintage Cars,64.58,99.52,34,Shipped,320,Mini Creations Ltd.,New Bedford,USA,1188,Julie Firrelli
10143,2003-08-10,2003-08-12,S24_2841,1900s Vintage Bi-Plane,Planes,34.25,63.71,27,Shipped,320,Mini Creations Ltd.,New Bedford,USA,1188,Julie Firrelli
10143,2003-08-10,2003-08-12,S24_3420,1937 Horch 930V Limousine,Vintage Cars,26.3,59.83,33,Shipped,320,Mini Creations Ltd.,New Bedford,USA,1188,Julie Firrelli
10143,2003-08-10,2003-08-12,S24_3816,1940 Ford Delivery Sedan,Vintage Cars,48.64,74.64,23,Shipped,320,Mini Creations Ltd.,New Bedford,USA,1188,Julie Firrelli
10143,2003-08-10,2003-08-12,S24_3949,Corsair F4U ( Bird Cage),Planes,29.34,55.96,28,Shipped,320,Mini Creations Ltd.,New Bedford,USA,1188,Julie Firrelli
10143,2003-08-10,2003-08-12,S50_1341,1930 Buick Marquette Phaeton,Vintage Cars,27.06,34.91,34,Shipped,320,Mini Creations Ltd.,New Bedford,USA,1188,Julie Firrelli
10143,2003-08-10,2003-08-12,S700_1691,American Airlines: B767-300,Planes,51.15,86.77,36,Shipped,320,Mini Creations Ltd.,New Bedford,USA,1188,Julie Firrelli
10143,2003-08-10,2003-08-12,S700_2047,HMS Bounty,Ships,39.83,87.8,26,Shipped,320,Mini Creations Ltd.,New Bedford,USA,1188,Julie Firrelli
10143,2003-08-10,2003-08-12,S700_2466,America West Airlines B757-200,Planes,68.8,79.78,26,Shipped,320,Mini Creations Ltd.,New Bedford,USA,1188,Julie Firrelli
10143,2003-08-10,2003-08-12,S700_2610,The USS Constitution Ship,Ships,33.97,69.39,31,Shipped,320,Mini Creations Ltd.,New Bedford,USA,1188,Julie Firrelli
10143,2003-08-10,2003-08-12,S700_3167,F/A 18 Hornet 1/72,Planes,54.4,70.4,28,Shipped,320,Mini Creations Ltd.,New Bedford,USA,1188,Julie Firrelli
10143,2003-08-10,2003-08-12,S700_4002,American Airlines: MD-11S,Planes,36.27,65.15,34,Shipped,320,Mini Creations Ltd.,New Bedford,USA,1188,Julie Firrelli
10143,2003-08-10,2003-08-12,S72_1253,Boeing X-32A JSF,Planes,32.77,49.66,37,Shipped,320,Mini Creations Ltd.,New Bedford,USA,1188,Julie Firrelli
10144,2003-08-13,2003-08-14,S32_4289,1928 Ford Phaeton Deluxe,Vintage Cars,33.02,56.41,20,Shipped,381,Royale Belge,Charleroi,Belgium,1401,Pamela Castillo
10145,2003-08-25,2003-08-31,S10_1678,1969 Harley Davidson Ultimate Chopper,Motorcycles,48.81,76.56,45,Shipped,205,Toys4GrownUps.com,Pasadena,USA,1166,Leslie Thompson
10145,2003-08-25,2003-08-31,S10_2016,1996 Moto Guzzi 1100i,Motorcycles,68.99,104.67,37,Shipped,205,Toys4GrownUps.com,Pasadena,USA,1166,Leslie Thompson
10145,2003-08-25,2003-08-31,S10_4698,2003 Harley-Davidson Eagle Drag Bike,Motorcycles,91.02,154.93,33,Shipped,205,Toys4GrownUps.com,Pasadena,USA,1166,Leslie Thompson
10145,2003-08-25,2003-08-31,S12_2823,2002 Suzuki XREO,Motorcycles,66.27,146.1,49,Shipped,205,Toys4GrownUps.com,Pasadena,USA,1166,Leslie Thompson
10145,2003-08-25,2003-08-31,S18_2581,P-51-D Mustang,Planes,49.0,71.81,30,Shipped,205,Toys4GrownUps.com,Pasadena,USA,1166,Leslie Thompson
10145,2003-08-25,2003-08-31,S18_2625,1936 Harley Davidson El Knucklehead,Motorcycles,24.23,52.7,30,Shipped,205,Toys4GrownUps.com,Pasadena,USA,1166,Leslie Thompson
10145,2003-08-25,2003-08-31,S24_1578,1997 BMW R 1100 S,Motorcycles,60.86,103.68,43,Shipped,205,Toys4GrownUps.com,Pasadena,USA,1166,Leslie Thompson
10145,2003-08-25,2003-08-31,S24_1785,1928 British Royal Navy Airplane,Planes,66.74,87.54,40,Shipped,205,Toys4GrownUps.com,Pasadena,USA,1166,Leslie Thompson
10145,2003-08-25,2003-08-31,S24_2000,1960 BSA Gold Star DBD34,Motorcycles,37.32,63.98,47,Shipped,205,Toys4GrownUps.com,Pasadena,USA,1166,Leslie Thompson
10145,2003-08-25,2003-08-31,S24_2360,1982 Ducati 900 Monster,Motorcycles,47.1,56.1,27,Shipped,205,Toys4GrownUps.com,Pasadena,USA,1166,Leslie Thompson
10145,2003-08-25,2003-08-31,S24_4278,1900s Vintage Tri-Plane,Planes,36.23,71.73,33,Shipped,205,Toys4GrownUps.com,Pasadena,USA,1166,Leslie Thompson
10145,2003-08-25,2003-08-31,S32_1374,1997 BMW F650 ST,Motorcycles,66.92,99.89,33,Shipped,205,Toys4GrownUps.com,Pasadena,USA,1166,Leslie Thompson
10145,2003-08-25,2003-08-31,S32_2206,1982 Ducati 996 R,Motorcycles,24.14,39.43,31,Shipped,205,Toys4GrownUps.com,Pasadena,USA,1166,Leslie Thompson
10145,2003-08-25,2003-08-31,S32_4485,1974 Ducati 350 Mk3 Desmo,Motorcycles,56.13,95.93,27,Shipped,205,Toys4GrownUps.com,Pasadena,USA,1166,Leslie Thompson
10145,2003-08-25,2003-08-31,S50_4713,2002 Yamaha YZR M1,Motorcycles,34.17,73.22,38,Shipped,205,Toys4GrownUps.com,Pasadena,USA,1166,Leslie Thompson
10145,2003-08-25,2003-08-31,S700_2834,ATA: B757-300,Planes,59.33,113.9,20,Shipped,205,Toys4GrownUps.com,Pasadena,USA,1166,Leslie Thompson
10146,2003-09-03,2003-09-06,S18_3782,1957 Vespa GS150,Motorcycles,32.95,60.3,47,Shipped,447,Gift Ideas Corp.,Glendale,USA,1323,George Vanauf
10146,2003-09-03,2003-09-06,S18_4721,1957 Corvette Convertible,Classic Cars,69.93,130.94,29,Shipped,447,Gift Ideas Corp.,Glendale,USA,1323,George Vanauf
10147,2003-09-05,2003-09-09,S12_1099,1968 Ford Mustang,Classic Cars,95.34,161.49,48,Shipped,379,Collectables For Less Inc.,Brickhaven,USA,1188,Julie Firrelli
10147,2003-09-05,2003-09-09,S12_3380,1968 Dodge Charger,Classic Cars,75.16,110.39,31,Shipped,379,Collectables For Less Inc.,Brickhaven,USA,1188,Julie Firrelli
10147,2003-09-05,2003-09-09,S12_3990,1970 Plymouth Hemi Cuda,Classic Cars,31.92,74.21,21,Shipped,379,Collectables For Less Inc.,Brickhaven,USA,1188,Julie Firrelli
10147,2003-09-05,2003-09-09,S12_4675,1969 Dodge Charger,Classic Cars,58.73,97.89,33,Shipped,379,Collectables For Less Inc.,Brickhaven,USA,1188,Julie Firrelli
10147,2003-09-05,2003-09-09,S18_1889,1948 Porsche 356-A Roadster,Classic Cars,53.9,70.84,26,Shipped,379,Collectables For Less Inc.,Brickhaven,USA,1188,Julie Firrelli
10147,2003-09-05,2003-09-09,S18_3278,1969 Dodge Super Bee,Classic Cars,49.05,74.78,36,Shipped,379,Collectables For Less Inc.,Brickhaven,USA,1188,Julie Firrelli
10147,2003-09-05,2003-09-09,S18_3482,1976 Ford Gran Torino,Classic Cars,73.49,129.35,37,Shipped,379,Collectables For Less Inc.,Brickhaven,USA,1188,Julie Firrelli
10147,2003-09-05,2003-09-09,S24_2972,1982 Lamborghini Diablo,Classic Cars,16.24,33.23,25,Shipped,379,Collectables For Less Inc.,Brickhaven,USA,1188,Julie Firrelli
10147,2003-09-05,2003-09-09,S24_3371,1971 Alpine Renault 1600s,Classic Cars,38.58,48.98,30,Shipped,379,Collectables For Less Inc.,Brickhaven,USA,1188,Julie Firrelli
10147,2003-09-05,2003-09-09,S24_3856,1956 Porsche 356A Coupe,Classic Cars,98.3,123.58,23,Shipped,379,Collectables For Less Inc.,Brickhaven,USA,1188,Julie Firrelli
10147,2003-09-05,2003-09-09,S24_4620,1961 Chevrolet Impala,Classic Cars,32.33,72.76,31,Shipped,379,Collectables For Less Inc.,Brickhaven,USA,1188,Julie Firrelli
10148,2003-09-11,2003-09-15,S18_1129,1993 Mazda RX-7,Classic Cars,83.51,114.65,23,Shipped,276,"Anna's Decorations, Ltd",North Sydney,Australia,1611,Andy Fixter
10148,2003-09-11,2003-09-15,S18_1589,1965 Aston Martin DB5,Classic Cars,65.96,108.26,47,Shipped,276,"Anna's Decorations, Ltd",North Sydney,Australia,1611,Andy Fixter
10148,2003-09-11,2003-09-15,S18_1984,1995 Honda Civic,Classic Cars,93.89,136.56,25,Shipped,276,"Anna's Decorations, Ltd",North Sydney,Australia,1611,Andy Fixter
10148,2003-09-11,2003-09-15,S18_2870,1999 Indy 500 Monte Carlo SS,Classic Cars,56.76,113.52,27,Shipped,276,"Anna's Decorations, Ltd",North Sydney,Australia,1611,Andy Fixter
10148,2003-09-11,2003-09-15,S18_3232,1992 Ferrari 360 Spider red,Classic Cars,77.9,143.94,32,Shipped,276,"Anna's Decorations, Ltd",North Sydney,Australia,1611,Andy Fixter
10148,2003-09-11,2003-09-15,S18_3685,1948 Porsche Type 356 Roadster,Classic Cars,62.16,135.63,28,Shipped,276,"Anna's Decorations, Ltd",North Sydney,Australia,1611,Andy Fixter
10148,2003-09-11,2003-09-15,S18_4409,1932 Alfa Romeo 8C2300 Spider Sport,Vintage Cars,43.26,83.75,34,Shipped,276,"Anna's Decorations, Ltd",North Sydney,Australia,1611,Andy Fixter
10148,2003-09-11,2003-09-15,S18_4933,1957 Ford Thunderbird,Classic Cars,34.21,66.28,29,Shipped,276,"Anna's Decorations, Ltd",North Sydney,Australia,1611,Andy Fixter
10148,2003-09-11,2003-09-15,S24_1046,1970 Chevy Chevelle SS 454,Classic Cars,49.24,65.41,25,Shipped,276,"Anna's Decorations, Ltd",North Sydney,Australia,1611,Andy Fixter
10148,2003-09-11,2003-09-15,S24_1628,1966 Shelby Cobra 427 S/C,Classic Cars,29.18,46.29,47,Shipped,276,"Anna's Decorations, Ltd",North Sydney,Australia,1611,Andy Fixter
10148,2003-09-11,2003-09-15,S24_2766,1949 Jaguar XK 120,Classic Cars,47.25,77.24,21,Shipped,276,"Anna's Decorations, Ltd",North Sydney,Australia,1611,Andy Fixter
10148,2003-09-11,2003-09-15,S24_2887,1952 Citroen-15CV,Classic Cars,72.82,115.09,34,Shipped,276,"Anna's Decorations, Ltd",North Sydney,Australia,1611,Andy Fixter
10148,2003-09-11,2003-09-15,S24_3191,1969 Chevrolet Camaro Z28,Classic Cars,50.51,71.91,31,Shipped,276,"Anna's Decorations, Ltd",North Sydney,Australia,1611,Andy Fixter
10148,2003-09-11,2003-09-15,S24_3432,2002 Chevy Corvette,Classic Cars,62.11,96.37,27,Shipped,276,"Anna's Decorations, Ltd",North Sydney,Australia,1611,Andy Fixter
10149,2003-09-12,2003-09-17,S18_1342,1937 Lincoln Berline,Vintage Cars,60.62,87.33,50,Shipped,487,Signal Collectibles Ltd.,Brisbane,USA,1165,Leslie Jennings
10149,2003-09-12,2003-09-17,S18_1367,1936 Mercedes-Benz 500K Special Roadster,Vintage Cars,24.26,48.52,30,Shipped,487,Signal Collectibles Ltd.,Brisbane,USA,1165,Leslie Jennings
10149,2003-09-12,2003-09-17,S18_1749,1917 Grand Touring Sedan,Vintage Cars,86.7,156.4,34,Shipped,487,Signal Collectibles Ltd.,Brisbane,USA,1165,Leslie Jennings
10149,2003-09-12,2003-09-17,S18_2248,1911 Ford Town Car,Vintage Cars,33.3,50.85,24,Shipped,487,Signal Collectibles Ltd.,Brisbane,USA,1165,Leslie Jennings
10149,2003-09-12,2003-09-17,S18_2325,1932 Model A Ford J-Coupe,Vintage Cars,58.48,125.86,33,Shipped,487,Signal Collectibles Ltd.,Brisbane,USA,1165,Leslie Jennings
10149,2003-09-12,2003-09-17,S18_2795,1928 Mercedes-Benz SSK,Vintage Cars,72.56,167.06,23,Shipped,487,Signal Collectibles Ltd.,Brisbane,USA,1165,Leslie Jennings
10149,2003-09-12,2003-09-17,S18_3320,1917 Maxwell Touring Car,Vintage Cars,57.54,89.29,42,Shipped,487,Signal Collectibles Ltd.,Brisbane,USA,1165,Leslie Jennings
10149,2003-09-12,2003-09-17,S24_1937,1939 Chevrolet Deluxe Coupe,Vintage Cars,22.57,31.2,36,Shipped,487,Signal Collectibles Ltd.,Brisbane,USA,1165,Leslie Jennings
10149,2003-09-12,2003-09-17,S24_2022,1938 Cadillac V-16 Presidential Limousine,Vintage Cars,20.61,39.87,49,Shipped,487,Signal Collectibles Ltd.,Brisbane,USA,1165,Leslie Jennings
10149,2003-09-12,2003-09-17,S24_3969,1936 Mercedes Benz 500k Roadster,Vintage Cars,21.75,38.57,26,Shipped,487,Signal Collectibles Ltd.,Brisbane,USA,1165,Leslie Jennings
10149,2003-09-12,2003-09-17,S24_4258,1936 Chrysler Airflow,Vintage Cars,57.46,90.57,20,Shipped,487,Signal Collectibles Ltd.,Brisbane,USA,1165,Leslie Jennings
10150,2003-09-19,2003-09-21,S10_1949,1952 Alpine Renault 1300,Classic Cars,98.58,182.16,45,Shipped,148,"Dragon Souveniers, Ltd.",Singapore,Singapore,1621,Mami Nishi
10150,2003-09-19,2003-09-21,S10_4962,1962 LanciaA Delta 16V,Classic Cars,103.42,121.15,20,Shipped,148,"Dragon Souveniers, Ltd.",Singapore,Singapore,1621,Mami Nishi
10150,2003-09-19,2003-09-21,S12_1666,1958 Setra Bus,Trucks and Buses,77.9,135.3,30,Shipped,148,"Dragon Souveniers, Ltd.",Singapore,Singapore,1621,Mami Nishi
10150,2003-09-19,2003-09-21,S18_1097,1940 Ford Pickup Truck,Trucks and Buses,58.33,95.67,34,Shipped,148,"Dragon Souveniers, Ltd.",Singapore,Singapore,1621,Mami Nishi
10150,2003-09-19,2003-09-21,S18_2949,1913 Ford Model T Speedster,Vintage Cars,60.78,93.21,47,Shipped,148,"Dragon Souveniers, Ltd.",Singapore,Singapore,1621,Mami Nishi
10150,2003-09-19,2003-09-21,S18_2957,1934 Ford V8 Coupe,Vintage Cars,34.35,56.21,30,Shipped,148,"Dragon Souveniers, Ltd.",Singapore,Singapore,1621,Mami Nishi
10150,2003-09-19,2003-09-21,S18_3136,18th Century Vintage Horse Carriage,Vintage Cars,60.74,97.39,26,Shipped,148,"Dragon Souveniers, Ltd.",Singapore,Singapore,1621,Mami Nishi
10150,2003-09-19,2003-09-21,S18_4600,1940s Ford truck,Trucks and Buses,84.76,111.39,49,Shipped,148,"Dragon Souveniers, Ltd.",Singapore,Singapore,1621,Mami Nishi
10150,2003-09-19,2003-09-21,S18_4668,1939 Cadillac Limousine,Vintage Cars,23.14,47.29,30,Shipped,148,"Dragon Souveniers, Ltd.",Singapore,Singapore,1621,Mami Nishi
10150,2003-09-19,2003-09-21,S32_3522,1996 Peterbilt 379 Stake Bed with Outrigger,Trucks and Buses,33.61,62.05,49,Shipped,148,"Dragon Souveniers, Ltd.",Singapore,Singapore,1621,Mami Nishi
10150,2003-09-19,2003-09-21,S700_2824,1982 Camaro Z28,Classic Cars,46.53,95.08,20,Shipped,148,"Dragon Souveniers, Ltd.",Singapore,Singapore,1621,Mami Nishi
10151,2003-09-21,2003-09-24,S12_4473,1957 Chevy Pickup,Trucks and Buses,55.7,114.95,24,Shipped,311,"Oulu Toy Supplies, Inc.",Oulu,Finland,1501,Larry Bott
10151,2003-09-21,2003-09-24,S18_2238,1998 Chrysler Plymouth Prowler,Classic Cars,101.51,152.27,43,Shipped,311,"Oulu Toy Supplies, Inc.",Oulu,Finland,1501,Larry Bott
10151,2003-09-21,2003-09-24,S18_2319,1964 Mercedes Tour Bus,Trucks and Buses,74.86,106.78,49,Shipped,311,"Oulu Toy Supplies, Inc.",Oulu,Finland,1501,Larry Bott
10151,2003-09-21,2003-09-24,S18_2432,1926 Ford Fire Engine,Trucks and Buses,24.92,58.34,39,Shipped,311,"Oulu Toy Supplies, Inc.",Oulu,Finland,1501,Larry Bott
10151,2003-09-21,2003-09-24,S18_3232,1992 Ferrari 360 Spider red,Classic Cars,77.9,167.65,21,Shipped,311,"Oulu Toy Supplies, Inc.",Oulu,Finland,1501,Larry Bott
10151,2003-09-21,2003-09-24,S24_2300,1962 Volkswagen Microbus,Trucks and Buses,61.34,109.9,42,Shipped,311,"Oulu Toy Supplies, Inc.",Oulu,Finland,1501,Larry Bott
10151,2003-09-21,2003-09-24,S24_2840,1958 Chevy Corvette Limited Edition,Classic Cars,15.91,29.35,30,Shipped,311,"Oulu Toy Supplies, Inc.",Oulu,Finland,1501,Larry Bott
10151,2003-09-21,2003-09-24,S32_1268,1980’s GM Manhattan Express,Trucks and Buses,53.93,84.75,27,Shipped,311,"Oulu Toy Supplies, Inc.",Oulu,Finland,1501,Larry Bott
10151,2003-09-21,2003-09-24,S32_2509,1954 Greyhound Scenicruiser,Trucks and Buses,25.98,43.29,41,Shipped,311,"Oulu Toy Supplies, Inc.",Oulu,Finland,1501,Larry Bott
10151,2003-09-21,2003-09-24,S50_1392,Diamond T620 Semi-Skirted Tanker,Trucks and Buses,68.29,108.81,26,Shipped,311,"Oulu Toy Supplies, Inc.",Oulu,Finland,1501,Larry Bott
10152,2003-09-25,2003-10-01,S18_4027,1970 Triumph Spitfire,Classic Cars,91.92,117.77,35,Shipped,333,"Australian Gift Network, Co",South Brisbane,Australia,1611,Andy Fixter
10152,2003-09-25,2003-10-01,S24_1444,1970 Dodge Coronet,Classic Cars,32.37,49.13,25,Shipped,333,"Australian Gift Network, Co",South Brisbane,Australia,1611,Andy Fixter
10152,2003-09-25,2003-10-01,S24_4048,1992 Porsche Cayenne Turbo Silver,Classic Cars,69.78,112.37,23,Shipped,333,"Australian Gift Network, Co",South Brisbane,Australia,1611,Andy Fixter
10152,2003-09-25,2003-10-01,S32_3207,1950's Chicago Surface Lines Streetcar,Trains,26.72,57.17,33,Shipped,333,"Australian Gift Network, Co",South Brisbane,Australia,1611,Andy Fixter
10153,2003-09-28,2003-10-03,S12_1108,2001 Ferrari Enzo,Classic Cars,95.59,201.57,20,Shipped,141,Euro+ Shopping Channel,Madrid,Spain,1370,Gerard Hernandez
10153,2003-09-28,2003-10-03,S12_3148,1969 Corvair Monza,Classic Cars,89.14,128.42,42,Shipped,141,Euro+ Shopping Channel,Madrid,Spain,1370,Gerard Hernandez
10153,2003-09-28,2003-10-03,S12_3891,1969 Ford Falcon,Classic Cars,83.05,155.72,49,Shipped,141,Euro+ Shopping Channel,Madrid,Spain,1370,Gerard Hernandez
10153,2003-09-28,2003-10-03,S18_3140,1903 Ford Model A,Vintage Cars,68.3,125.66,31,Shipped,141,Euro+ Shopping Channel,Madrid,Spain,1370,Gerard Hernandez
10153,2003-09-28,2003-10-03,S18_3259,Collectable Wooden Train,Trains,67.56,82.69,29,Shipped,141,Euro+ Shopping Channel,Madrid,Spain,1370,Gerard Hernandez
10153,2003-09-28,2003-10-03,S18_4522,1904 Buick Runabout,Vintage Cars,52.66,82.5,22,Shipped,141,Euro+ Shopping Channel,Madrid,Spain,1370,Gerard Hernandez
10153,2003-09-28,2003-10-03,S24_2011,18th century schooner,Ships,82.34,111.83,40,Shipped,141,Euro+ Shopping Channel,Madrid,Spain,1370,Gerard Hernandez
10153,2003-09-28,2003-10-03,S50_1514,1962 City of Detroit Streetcar,Trains,37.49,53.31,31,Shipped,141,Euro+ Shopping Channel,Madrid,Spain,1370,Gerard Hernandez
10153,2003-09-28,2003-10-03,S700_1138,The Schooner Bluenose,Ships,34.0,58.0,43,Shipped,141,Euro+ Shopping Channel,Madrid,Spain,1370,Gerard Hernandez
10153,2003-09-28,2003-10-03,S700_1938,The Mayflower,Ships,43.3,80.55,31,Shipped,141,Euro+ Shopping Channel,Madrid,Spain,1370,Gerard Hernandez
10153,2003-09-28,2003-10-03,S700_3505,The Titanic,Ships,51.09,87.15,50,Shipped,141,Euro+ Shopping Channel,Madrid,Spain,1370,Gerard Hernandez
10153,2003-09-28,2003-10-03,S700_3962,The Queen Mary,Ships,53.63,85.41,20,Shipped,141,Euro+ Shopping Channel,Madrid,Spain,1370,Gerard Hernandez
10153,2003-09-28,2003-10-03,S72_3212,Pont Yacht,Ships,33.3,51.87,50,Shipped,141,Euro+ Shopping Channel,Madrid,Spain,1370,Gerard Hernandez
10154,2003-10-02,2003-10-08,S24_3151,1912 Ford Model T Delivery Wagon,Vintage Cars,46.91,75.23,31,Shipped,219,Boards & Toys Co.,Glendale,USA,1166,Leslie Thompson
10154,2003-10-02,2003-10-08,S700_2610,The USS Constitution Ship,Ships,33.97,59.27,36,Shipped,219,Boards & Toys Co.,Glendale,USA,1166,Leslie Thompson
10155,2003-10-06,2003-10-07,S10_4757,1972 Alfa Romeo GTA,Classic Cars,85.68,129.2,32,Shipped,186,"Toys of Finland, Co.",Helsinki,Finland,1501,Larry Bott
10155,2003-10-06,2003-10-07,S18_1662,1980s Black Hawk Helicopter,Planes,77.27,138.77,38,Shipped,186,"Toys of Finland, Co.",Helsinki,Finland,1501,Larry Bott
10155,2003-10-06,2003-10-07,S18_3029,1999 Yamaha Speed Boat,Ships,51.61,83.44,44,Shipped,186,"Toys of Finland, Co.",Helsinki,Finland,1501,Larry Bott
10155,2003-10-06,2003-10-07,S18_3856,1941 Chevrolet Special Deluxe Cabriolet,Vintage Cars,64.58,105.87,29,Shipped,186,"Toys of Finland, Co.",Helsinki,Finland,1501,Larry Bott
10155,2003-10-06,2003-10-07,S24_2841,1900s Vintage Bi-Plane,Planes,34.25,62.34,23,Shipped,186,"Toys of Finland, Co.",Helsinki,Finland,1501,Larry Bott
10155,2003-10-06,2003-10-07,S24_3420,1937 Horch 930V Limousine,Vintage Cars,26.3,56.55,34,Shipped,186,"Toys of Finland, Co.",Helsinki,Finland,1501,Larry Bott
10155,2003-10-06,2003-10-07,S24_3816,1940 Ford Delivery Sedan,Vintage Cars,48.64,76.31,37,Shipped,186,"Toys of Finland, Co.",Helsinki,Finland,1501,Larry Bott
10155,2003-10-06,2003-10-07,S24_3949,Corsair F4U ( Bird Cage),Planes,29.34,58.69,44,Shipped,186,"Toys of Finland, Co.",Helsinki,Finland,1501,Larry Bott
10155,2003-10-06,2003-10-07,S700_2047,HMS Bounty,Ships,39.83,89.61,32,Shipped,186,"Toys of Finland, Co.",Helsinki,Finland,1501,Larry Bott
10155,2003-10-06,2003-10-07,S700_2466,America West Airlines B757-200,Planes,68.8,87.75,20,Shipped,186,"Toys of Finland, Co.",Helsinki,Finland,1501,Larry Bott
10155,2003-10-06,2003-10-07,S700_3167,F/A 18 Hornet 1/72,Planes,54.4,76.8,43,Shipped,186,"Toys of Finland, Co.",Helsinki,Finland,1501,Larry Bott
10155,2003-10-06,2003-10-07,S700_4002,American Airlines: MD-11S,Planes,36.27,70.33,44,Shipped,186,"Toys of Finland, Co.",Helsinki,Finland,1501,Larry Bott
10155,2003-10-06,2003-10-07,S72_1253,Boeing X-32A JSF,Planes,32.77,49.16,34,Shipped,186,"Toys of Finland, Co.",Helsinki,Finland,1501,Larry Bott
10156,2003-10-08,2003-10-11,S50_1341,1930 Buick Marquette Phaeton,Vintage Cars,27.06,43.64,20,Shipped,141,Euro+ Shopping Channel,Madrid,Spain,1370,Gerard Hernandez
10156,2003-10-08,2003-10-11,S700_1691,American Airlines: B767-300,Planes,51.15,77.64,48,Shipped,141,Euro+ Shopping Channel,Madrid,Spain,1370,Gerard Hernandez
10157,2003-10-09,2003-10-14,S18_2581,P-51-D Mustang,Planes,49.0,69.27,33,Shipped,473,Frau da Collezione,Milan,Italy,1401,Pamela Castillo
10157,2003-10-09,2003-10-14,S24_1785,1928 British Royal Navy Airplane,Planes,66.74,89.72,40,Shipped,473,Frau da Collezione,Milan,Italy,1401,Pamela Castillo
10157,2003-10-09,2003-10-14,S24_4278,1900s Vintage Tri-Plane,Planes,36.23,66.65,33,Shipped,473,Frau da Collezione,Milan,Italy,1401,Pamela Castillo
10157,2003-10-09,2003-10-14,S32_1374,1997 BMW F650 ST,Motorcycles,66.92,83.91,34,Shipped,473,Frau da Collezione,Milan,Italy,1401,Pamela Castillo
10157,2003-10-09,2003-10-14,S32_4289,1928 Ford Phaeton Deluxe,Vintage Cars,33.02,56.41,28,Shipped,473,Frau da Collezione,Milan,Italy,1401,Pamela Castillo
10157,2003-10-09,2003-10-14,S700_2834,ATA: B757-300,Planes,59.33,109.16,48,Shipped,473,Frau da Collezione,Milan,Italy,1401,Pamela Castillo
10158,2003-10-10,2003-10-15,S24_2000,1960 BSA Gold Star DBD34,Motorcycles,37.32,67.79,22,Shipped,121,Baane Mini Imports,Stavern,Norway,1504,Barry Jones
10159,2003-10-10,2003-10-16,S10_1678,1969 Harley Davidson Ultimate Chopper,Motorcycles,48.81,81.35,49,Shipped,321,Corporate Gift Ideas Co.,San Francisco,USA,1165,Leslie Jennings
10159,2003-10-10,2003-10-16,S10_2016,1996 Moto Guzzi 1100i,Motorcycles,68.99,101.1,37,Shipped,321,Corporate Gift Ideas Co.,San Francisco,USA,1165,Leslie Jennings
10159,2003-10-10,2003-10-16,S10_4698,2003 Harley-Davidson Eagle Drag Bike,Motorcycles,91.02,170.42,22,Shipped,321,Corporate Gift Ideas Co.,San Francisco,USA,1165,Leslie Jennings
10159,2003-10-10,2003-10-16,S12_1099,1968 Ford Mustang,Classic Cars,95.34,188.73,41,Shipped,321,Corporate Gift Ideas Co.,San Francisco,USA,1165,Leslie Jennings
10159,2003-10-10,2003-10-16,S12_2823,2002 Suzuki XREO,Motorcycles,66.27,131.04,38,Shipped,321,Corporate Gift Ideas Co.,San Francisco,USA,1165,Leslie Jennings
10159,2003-10-10,2003-10-16,S12_3990,1970 Plymouth Hemi Cuda,Classic Cars,31.92,67.03,24,Shipped,321,Corporate Gift Ideas Co.,San Francisco,USA,1165,Leslie Jennings
10159,2003-10-10,2003-10-16,S18_2625,1936 Harley Davidson El Knucklehead,Motorcycles,24.23,51.48,42,Shipped,321,Corporate Gift Ideas Co.,San Francisco,USA,1165,Leslie Jennings
10159,2003-10-10,2003-10-16,S18_3278,1969 Dodge Super Bee,Classic Cars,49.05,66.74,21,Shipped,321,Corporate Gift Ideas Co.,San Francisco,USA,1165,Leslie Jennings
10159,2003-10-10,2003-10-16,S18_3482,1976 Ford Gran Torino,Classic Cars,73.49,129.35,25,Shipped,321,Corporate Gift Ideas Co.,San Francisco,USA,1165,Leslie Jennings
10159,2003-10-10,2003-10-16,S18_3782,1957 Vespa GS150,Motorcycles,32.95,54.71,21,Shipped,321,Corporate Gift Ideas Co.,San Francisco,USA,1165,Leslie Jennings
10159,2003-10-10,2003-10-16,S18_4721,1957 Corvette Convertible,Classic Cars,69.93,142.85,32,Shipped,321,Corporate Gift Ideas Co.,San Francisco,USA,1165,Leslie Jennings
10159,2003-10-10,2003-10-16,S24_1578,1997 BMW R 1100 S,Motorcycles,60.86,100.3,44,Shipped,321,Corporate Gift Ideas Co.,San Francisco,USA,1165,Leslie Jennings
10159,2003-10-10,2003-10-16,S24_2360,1982 Ducati 900 Monster,Motorcycles,47.1,67.18,27,Shipped,321,Corporate Gift Ideas Co.,San Francisco,USA,1165,Leslie Jennings
10159,2003-10-10,2003-10-16,S24_3371,1971 Alpine Renault 1600s,Classic Cars,38.58,49.6,50,Shipped,321,Corporate Gift Ideas Co.,San Francisco,USA,1165,Leslie Jennings
10159,2003-10-10,2003-10-16,S24_4620,1961 Chevrolet Impala,Classic Cars,32.33,80.84,23,Shipped,321,Corporate Gift Ideas Co.,San Francisco,USA,1165,Leslie Jennings
10159,2003-10-10,2003-10-16,S32_2206,1982 Ducati 996 R,Motorcycles,24.14,39.43,35,Shipped,321,Corporate Gift Ideas Co.,San Francisco,USA,1165,Leslie Jennings
10159,2003-10-10,2003-10-16,S32_4485,1974 Ducati 350 Mk3 Desmo,Motorcycles,56.13,86.74,23,Shipped,321,Corporate Gift Ideas Co.,San Francisco,USA,1165,Leslie Jennings
10159,2003-10-10,2003-10-16,S50_4713,2002 Yamaha YZR M1,Motorcycles,34.17,78.11,31,Shipped,321,Corporate Gift Ideas Co.,San Francisco,USA,1165,Leslie Jennings
10160,2003-10-11,2003-10-17,S12_3380,1968 Dodge Charger,Classic Cars,75.16,96.3,46,Shipped,347,"Men 'R' US Retailers, Ltd.",Los Angeles,USA,1166,Leslie Thompson
10160,2003-10-11,2003-10-17,S12_4675,1969 Dodge Charger,Classic Cars,58.73,93.28,50,Shipped,347,"Men 'R' US Retailers, Ltd.",Los Angeles,USA,1166,Leslie Thompson
10160,2003-10-11,2003-10-17,S18_1889,1948 Porsche 356-A Roadster,Classic Cars,53.9,70.84,38,Shipped,347,"Men 'R' US Retailers, Ltd.",Los Angeles,USA,1166,Leslie Thompson
10160,2003-10-11,2003-10-17,S18_3232,1992 Ferrari 360 Spider red,Classic Cars,77.9,140.55,20,Shipped,347,"Men 'R' US Retailers, Ltd.",Los Angeles,USA,1166,Leslie Thompson
10160,2003-10-11,2003-10-17,S24_2972,1982 Lamborghini Diablo,Classic Cars,16.24,30.59,42,Shipped,347,"Men 'R' US Retailers, Ltd.",Los Angeles,USA,1166,Leslie Thompson
10160,2003-10-11,2003-10-17,S24_3856,1956 Porsche 356A Coupe,Classic Cars,98.3,130.6,35,Shipped,347,"Men 'R' US Retailers, Ltd.",Los Angeles,USA,1166,Leslie Thompson
10161,2003-10-17,2003-10-20,S18_1129,1993 Mazda RX-7,Classic Cars,83.51,121.72,28,Shipped,227,Heintze Collectables,Århus,Denmark,1401,Pamela Castillo
10161,2003-10-17,2003-10-20,S18_1589,1965 Aston Martin DB5,Classic Cars,65.96,102.04,43,Shipped,227,Heintze Collectables,Århus,Denmark,1401,Pamela Castillo
10161,2003-10-17,2003-10-20,S18_1984,1995 Honda Civic,Classic Cars,93.89,139.41,48,Shipped,227,Heintze Collectables,Århus,Denmark,1401,Pamela Castillo
10161,2003-10-17,2003-10-20,S18_2870,1999 Indy 500 Monte Carlo SS,Classic Cars,56.76,125.4,23,Shipped,227,Heintze Collectables,Århus,Denmark,1401,Pamela Castillo
10161,2003-10-17,2003-10-20,S18_3685,1948 Porsche Type 356 Roadster,Classic Cars,62.16,132.8,36,Shipped,227,Heintze Collectables,Århus,Denmark,1401,Pamela Castillo
10161,2003-10-17,2003-10-20,S18_4933,1957 Ford Thunderbird,Classic Cars,34.21,62.72,25,Shipped,227,Heintze Collectables,Århus,Denmark,1401,Pamela Castillo
10161,2003-10-17,2003-10-20,S24_1046,1970 Chevy Chevelle SS 454,Classic Cars,49.24,73.49,37,Shipped,227,Heintze Collectables,Århus,Denmark,1401,Pamela Castillo
10161,2003-10-17,2003-10-20,S24_1628,1966 Shelby Cobra 427 S/C,Classic Cars,29.18,47.29,23,Shipped,227,Heintze Collectables,Århus,Denmark,1401,Pamela Castillo
10161,2003-10-17,2003-10-20,S24_2766,1949 Jaguar XK 120,Classic Cars,47.25,82.69,20,Shipped,227,Heintze Collectables,Århus,Denmark,1401,Pamela Castillo
10161,2003-10-17,2003-10-20,S24_2887,1952 Citroen-15CV,Classic Cars,72.82,108.04,25,Shipped,227,Heintze Collectables,Århus,Denmark,1401,Pamela Castillo
10161,2003-10-17,2003-10-20,S24_3191,1969 Chevrolet Camaro Z28,Classic Cars,50.51,72.77,20,Shipped,227,Heintze Collectables,Århus,Denmark,1401,Pamela Castillo
10161,2003-10-17,2003-10-20,S24_3432,2002 Chevy Corvette,Classic Cars,62.11,94.23,30,Shipped,227,Heintze Collectables,Århus,Denmark,1401,Pamela Castillo
10162,2003-10-18,2003-10-19,S18_1342,1937 Lincoln Berline,Vintage Cars,60.62,87.33,48,Shipped,321,Corporate Gift Ideas Co.,San Francisco,USA,1165,Leslie Jennings
10162,2003-10-18,2003-10-19,S18_1367,1936 Mercedes-Benz 500K Special Roadster,Vintage Cars,24.26,45.28,45,Shipped,321,Corporate Gift Ideas Co.,San Francisco,USA,1165,Leslie Jennings
10162,2003-10-18,2003-10-19,S18_1749,1917 Grand Touring Sedan,Vintage Cars,86.7,141.1,29,Shipped,321,Corporate Gift Ideas Co.,San Francisco,USA,1165,Leslie Jennings
10162,2003-10-18,2003-10-19,S18_2248,1911 Ford Town Car,Vintage Cars,33.3,53.28,27,Shipped,321,Corporate Gift Ideas Co.,San Francisco,USA,1165,Leslie Jennings
10162,2003-10-18,2003-10-19,S18_2325,1932 Model A Ford J-Coupe,Vintage Cars,58.48,113.15,38,Shipped,321,Corporate Gift Ideas Co.,San Francisco,USA,1165,Leslie Jennings
10162,2003-10-18,2003-10-19,S18_2795,1928 Mercedes-Benz SSK,Vintage Cars,72.56,156.94,48,Shipped,321,Corporate Gift Ideas Co.,San Francisco,USA,1165,Leslie Jennings
10162,2003-10-18,2003-10-19,S18_4409,1932 Alfa Romeo 8C2300 Spider Sport,Vintage Cars,43.26,86.51,39,Shipped,321,Corporate Gift Ideas Co.,San Francisco,USA,1165,Leslie Jennings
10162,2003-10-18,2003-10-19,S24_1937,1939 Chevrolet Deluxe Coupe,Vintage Cars,22.57,27.55,37,Shipped,321,Corporate Gift Ideas Co.,San Francisco,USA,1165,Leslie Jennings
10162,2003-10-18,2003-10-19,S24_2022,1938 Cadillac V-16 Presidential Limousine,Vintage Cars,20.61,38.98,43,Shipped,321,Corporate Gift Ideas Co.,San Francisco,USA,1165,Leslie Jennings
10162,2003-10-18,2003-10-19,S24_3969,1936 Mercedes Benz 500k Roadster,Vintage Cars,21.75,32.82,37,Shipped,321,Corporate Gift Ideas Co.,San Francisco,USA,1165,Leslie Jennings
10163,2003-10-20,2003-10-24,S10_1949,1952 Alpine Renault 1300,Classic Cars,98.58,212.16,21,Shipped,424,Classic Legends Inc.,NYC,USA,1286,Foon Yue Tseng
10163,2003-10-20,2003-10-24,S18_2949,1913 Ford Model T Speedster,Vintage Cars,60.78,101.31,31,Shipped,424,Classic Legends Inc.,NYC,USA,1286,Foon Yue Tseng
10163,2003-10-20,2003-10-24,S18_2957,1934 Ford V8 Coupe,Vintage Cars,34.35,59.96,48,Shipped,424,Classic Legends Inc.,NYC,USA,1286,Foon Yue Tseng
10163,2003-10-20,2003-10-24,S18_3136,18th Century Vintage Horse Carriage,Vintage Cars,60.74,101.58,40,Shipped,424,Classic Legends Inc.,NYC,USA,1286,Foon Yue Tseng
10163,2003-10-20,2003-10-24,S18_3320,1917 Maxwell Touring Car,Vintage Cars,57.54,80.36,43,Shipped,424,Classic Legends Inc.,NYC,USA,1286,Foon Yue Tseng
10163,2003-10-20,2003-10-24,S24_4258,1936 Chrysler Airflow,Vintage Cars,57.46,96.42,42,Shipped,424,Classic Legends Inc.,NYC,USA,1286,Foon Yue Tseng
10164,2003-10-21,2003-10-23,S10_4962,1962 LanciaA Delta 16V,Classic Cars,103.42,143.31,21,Resolved,452,Mini Auto Werke,Graz,Austria,1401,Pamela Castillo
10164,2003-10-21,2003-10-23,S12_1666,1958 Setra Bus,Trucks and Buses,77.9,121.64,49,Resolved,452,Mini Auto Werke,Graz,Austria,1401,Pamela Castillo
10164,2003-10-21,2003-10-23,S18_1097,1940 Ford Pickup Truck,Trucks and Buses,58.33,103.84,36,Resolved,452,Mini Auto Werke,Graz,Austria,1401,Pamela Castillo
10164,2003-10-21,2003-10-23,S18_4600,1940s Ford truck,Trucks and Buses,84.76,107.76,45,Resolved,452,Mini Auto Werke,Graz,Austria,1401,Pamela Castillo
10164,2003-10-21,2003-10-23,S18_4668,1939 Cadillac Limousine,Vintage Cars,23.14,46.29,25,Resolved,452,Mini Auto Werke,Graz,Austria,1401,Pamela Castillo
10164,2003-10-21,2003-10-23,S32_1268,1980’s GM Manhattan Express,Trucks and Buses,53.93,91.49,24,Resolved,452,Mini Auto Werke,Graz,Austria,1401,Pamela Castillo
10164,2003-10-21,2003-10-23,S32_3522,1996 Peterbilt 379 Stake Bed with Outrigger,Trucks and Buses,33.61,57.53,49,Resolved,452,Mini Auto Werke,Graz,Austria,1401,Pamela Castillo
10164,2003-10-21,2003-10-23,S700_2824,1982 Camaro Z28,Classic Cars,46.53,86.99,39,Resolved,452,Mini Auto Werke,Graz,Austria,1401,Pamela Castillo
10165,2003-10-22,2003-12-26,S12_1108,2001 Ferrari Enzo,Classic Cars,95.59,168.32,44,Shipped,148,"Dragon Souveniers, Ltd.",Singapore,Singapore,1621,Mami Nishi
10165,2003-10-22,2003-12-26,S12_3148,1969 Corvair Monza,Classic Cars,89.14,123.89,34,Shipped,148,"Dragon Souveniers, Ltd.",Singapore,Singapore,1621,Mami Nishi
10165,2003-10-22,2003-12-26,S12_3891,1969 Ford Falcon,Classic Cars,83.05,152.26,27,Shipped,148,"Dragon Souveniers, Ltd.",Singapore,Singapore,1621,Mami Nishi
10165,2003-10-22,2003-12-26,S12_4473,1957 Chevy Pickup,Trucks and Buses,55.7,109.02,48,Shipped,148,"Dragon Souveniers, Ltd.",Singapore,Singapore,1621,Mami Nishi
10165,2003-10-22,2003-12-26,S18_2238,1998 Chrysler Plymouth Prowler,Classic Cars,101.51,134.26,29,Shipped,148,"Dragon Souveniers, Ltd.",Singapore,Singapore,1621,Mami Nishi
10165,2003-10-22,2003-12-26,S18_2319,1964 Mercedes Tour Bus,Trucks and Buses,74.86,120.28,46,Shipped,148,"Dragon Souveniers, Ltd.",Singapore,Singapore,1621,Mami Nishi
10165,2003-10-22,2003-12-26,S18_2432,1926 Ford Fire Engine,Trucks and Buses,24.92,60.77,31,Shipped,148,"Dragon Souveniers, Ltd.",Singapore,Singapore,1621,Mami Nishi
10165,2003-10-22,2003-12-26,S18_3232,1992 Ferrari 360 Spider red,Classic Cars,77.9,154.1,47,Shipped,148,"Dragon Souveniers, Ltd.",Singapore,Singapore,1621,Mami Nishi
10165,2003-10-22,2003-12-26,S18_3259,Collectable Wooden Train,Trains,67.56,84.71,50,Shipped,148,"Dragon Souveniers, Ltd.",Singapore,Singapore,1621,Mami Nishi
10165,2003-10-22,2003-12-26,S18_4027,1970 Triumph Spitfire,Classic Cars,91.92,123.51,28,Shipped,148,"Dragon Souveniers, Ltd.",Singapore,Singapore,1621,Mami Nishi
10165,2003-10-22,2003-12-26,S24_1444,1970 Dodge Coronet,Classic Cars,32.37,46.82,25,Shipped,148,"Dragon Souveniers, Ltd.",Singapore,Singapore,1621,Mami Nishi
10165,2003-10-22,2003-12-26,S24_2300,1962 Volkswagen Microbus,Trucks and Buses,61.34,117.57,32,Shipped,148,"Dragon Souveniers, Ltd.",Singapore,Singapore,1621,Mami Nishi
10165,2003-10-22,2003-12-26,S24_2840,1958 Chevy Corvette Limited Edition,Classic Cars,15.91,31.12,27,Shipped,148,"Dragon Souveniers, Ltd.",Singapore,Singapore,1621,Mami Nishi
10165,2003-10-22,2003-12-26,S24_4048,1992 Porsche Cayenne Turbo Silver,Classic Cars,69.78,106.45,24,Shipped,148,"Dragon Souveniers, Ltd.",Singapore,Singapore,1621,Mami Nishi
10165,2003-10-22,2003-12-26,S32_2509,1954 Greyhound Scenicruiser,Trucks and Buses,25.98,50.86,48,Shipped,148,"Dragon Souveniers, Ltd.",Singapore,Singapore,1621,Mami Nishi
10165,2003-10-22,2003-12-26,S32_3207,1950's Chicago Surface Lines Streetcar,Trains,26.72,55.3,44,Shipped,148,"Dragon Souveniers, Ltd.",Singapore,Singapore,1621,Mami Nishi
10165,2003-10-22,2003-12-26,S50_1392,Diamond T620 Semi-Skirted Tanker,Trucks and Buses,68.29,106.49,48,Shipped,148,"Dragon Souveniers, Ltd.",Singapore,Singapore,1621,Mami Nishi
10165,2003-10-22,2003-12-26,S50_1514,1962 City of Detroit Streetcar,Trains,37.49,49.21,38,Shipped,148,"Dragon Souveniers, Ltd.",Singapore,Singapore,1621,Mami Nishi
10166,2003-10-21,2003-10-27,S18_3140,1903 Ford Model A,Vintage Cars,68.3,136.59,43,Shipped,462,FunGiftIdeas.com,New Bedford,USA,1216,Steve Patterson
10166,2003-10-21,2003-10-27,S18_4522,1904 Buick Runabout,Vintage Cars,52.66,72.85,26,Shipped,462,FunGiftIdeas.com,New Bedford,USA,1216,Steve Patterson
10166,2003-10-21,2003-10-27,S700_1938,The Mayflower,Ships,43.3,76.22,29,Shipped,462,FunGiftIdeas.com,New Bedford,USA,1216,Steve Patterson
10167,2003-10-23,NULL,S10_4757,1972 Alfa Romeo GTA,Classic Cars,85.68,123.76,44,Cancelled,448,Scandinavian Gift Ideas,Bräcke,Sweden,1504,Barry Jones
10167,2003-10-23,NULL,S18_1662,1980s Black Hawk Helicopter,Planes,77.27,141.92,43,Cancelled,448,Scandinavian Gift Ideas,Bräcke,Sweden,1504,Barry Jones
10167,2003-10-23,NULL,S18_3029,1999 Yamaha Speed Boat,Ships,51.61,69.68,46,Cancelled,448,Scandinavian Gift Ideas,Bräcke,Sweden,1504,Barry Jones
10167,2003-10-23,NULL,S18_3856,1941 Chevrolet Special Deluxe Cabriolet,Vintage Cars,64.58,84.7,34,Cancelled,448,Scandinavian Gift Ideas,Bräcke,Sweden,1504,Barry Jones
10167,2003-10-23,NULL,S24_2011,18th century schooner,Ships,82.34,110.6,33,Cancelled,448,Scandinavian Gift Ideas,Bräcke,Sweden,1504,Barry Jones
10167,2003-10-23,NULL,S24_2841,1900s Vintage Bi-Plane,Planes,34.25,54.81,21,Cancelled,448,Scandinavian Gift Ideas,Bräcke,Sweden,1504,Barry Jones
10167,2003-10-23,NULL,S24_3151,1912 Ford Model T Delivery Wagon,Vintage Cars,46.91,77.0,20,Cancelled,448,Scandinavian Gift Ideas,Bräcke,Sweden,1504,Barry Jones
10167,2003-10-23,NULL,S24_3420,1937 Horch 930V Limousine,Vintage Cars,26.3,64.44,32,Cancelled,448,Scandinavian Gift Ideas,Bräcke,Sweden,1504,Barry Jones
10167,2003-10-23,NULL,S24_3816,1940 Ford Delivery Sedan,Vintage Cars,48.64,73.8,29,Cancelled,448,Scandinavian Gift Ideas,Bräcke,Sweden,1504,Barry Jones
10167,2003-10-23,NULL,S700_1138,The Schooner Bluenose,Ships,34.0,66.0,43,Cancelled,448,Scandinavian Gift Ideas,Bräcke,Sweden,1504,Barry Jones
10167,2003-10-23,NULL,S700_2047,HMS Bounty,Ships,39.83,87.8,29,Cancelled,448,Scandinavian Gift Ideas,Bräcke,Sweden,1504,Barry Jones
10167,2003-10-23,NULL,S700_2610,The USS Constitution Ship,Ships,33.97,62.16,46,Cancelled,448,Scandinavian Gift Ideas,Bräcke,Sweden,1504,Barry Jones
10167,2003-10-23,NULL,S700_3505,The Titanic,Ships,51.09,85.14,24,Cancelled,448,Scandinavian Gift Ideas,Bräcke,Sweden,1504,Barry Jones
10167,2003-10-23,NULL,S700_3962,The Queen Mary,Ships,53.63,83.42,28,Cancelled,448,Scandinavian Gift Ideas,Bräcke,Sweden,1504,Barry Jones
10167,2003-10-23,NULL,S72_1253,Boeing X-32A JSF,Planes,32.77,42.71,40,Cancelled,448,Scandinavian Gift Ideas,Bräcke,Sweden,1504,Barry Jones
10167,2003-10-23,NULL,S72_3212,Pont Yacht,Ships,33.3,43.68,38,Cancelled,448,Scandinavian Gift Ideas,Bräcke,Sweden,1504,Barry Jones
10168,2003-10-28,2003-11-01,S10_1678,1969 Harley Davidson Ultimate Chopper,Motorcycles,48.81,94.74,36,Shipped,161,Technics Stores Inc.,Burlingame,USA,1165,Leslie Jennings
10168,2003-10-28,2003-11-01,S10_2016,1996 Moto Guzzi 1100i,Motorcycles,68.99,97.53,27,Shipped,161,Technics Stores Inc.,Burlingame,USA,1165,Leslie Jennings
10168,2003-10-28,2003-11-01,S10_4698,2003 Harley-Davidson Eagle Drag Bike,Motorcycles,91.02,160.74,20,Shipped,161,Technics Stores Inc.,Burlingame,USA,1165,Leslie Jennings
10168,2003-10-28,2003-11-01,S18_2581,P-51-D Mustang,Planes,49.0,75.19,21,Shipped,161,Technics Stores Inc.,Burlingame,USA,1165,Leslie Jennings
10168,2003-10-28,2003-11-01,S18_2625,1936 Harley Davidson El Knucklehead,Motorcycles,24.23,49.06,46,Shipped,161,Technics Stores Inc.,Burlingame,USA,1165,Leslie Jennings
10168,2003-10-28,2003-11-01,S24_1578,1997 BMW R 1100 S,Motorcycles,60.86,103.68,50,Shipped,161,Technics Stores Inc.,Burlingame,USA,1165,Leslie Jennings
10168,2003-10-28,2003-11-01,S24_1785,1928 British Royal Navy Airplane,Planes,66.74,93.01,49,Shipped,161,Technics Stores Inc.,Burlingame,USA,1165,Leslie Jennings
10168,2003-10-28,2003-11-01,S24_2000,1960 BSA Gold Star DBD34,Motorcycles,37.32,72.36,29,Shipped,161,Technics Stores Inc.,Burlingame,USA,1165,Leslie Jennings
10168,2003-10-28,2003-11-01,S24_3949,Corsair F4U ( Bird Cage),Planes,29.34,57.32,27,Shipped,161,Technics Stores Inc.,Burlingame,USA,1165,Leslie Jennings
10168,2003-10-28,2003-11-01,S24_4278,1900s Vintage Tri-Plane,Planes,36.23,68.1,48,Shipped,161,Technics Stores Inc.,Burlingame,USA,1165,Leslie Jennings
10168,2003-10-28,2003-11-01,S32_1374,1997 BMW F650 ST,Motorcycles,66.92,89.9,28,Shipped,161,Technics Stores Inc.,Burlingame,USA,1165,Leslie Jennings
10168,2003-10-28,2003-11-01,S32_4289,1928 Ford Phaeton Deluxe,Vintage Cars,33.02,57.78,31,Shipped,161,Technics Stores Inc.,Burlingame,USA,1165,Leslie Jennings
10168,2003-10-28,2003-11-01,S50_1341,1930 Buick Marquette Phaeton,Vintage Cars,27.06,39.71,48,Shipped,161,Technics Stores Inc.,Burlingame,USA,1165,Leslie Jennings
10168,2003-10-28,2003-11-01,S700_1691,American Airlines: B767-300,Planes,51.15,91.34,28,Shipped,161,Technics Stores Inc.,Burlingame,USA,1165,Leslie Jennings
10168,2003-10-28,2003-11-01,S700_2466,America West Airlines B757-200,Planes,68.8,87.75,31,Shipped,161,Technics Stores Inc.,Burlingame,USA,1165,Leslie Jennings
10168,2003-10-28,2003-11-01,S700_2834,ATA: B757-300,Planes,59.33,94.92,36,Shipped,161,Technics Stores Inc.,Burlingame,USA,1165,Leslie Jennings
10168,2003-10-28,2003-11-01,S700_3167,F/A 18 Hornet 1/72,Planes,54.4,72.0,48,Shipped,161,Technics Stores Inc.,Burlingame,USA,1165,Leslie Jennings
10168,2003-10-28,2003-11-01,S700_4002,American Airlines: MD-11S,Planes,36.27,67.37,39,Shipped,161,Technics Stores Inc.,Burlingame,USA,1165,Leslie Jennings
10169,2003-11-04,2003-11-09,S12_1099,1968 Ford Mustang,Classic Cars,95.34,163.44,30,Shipped,276,"Anna's Decorations, Ltd",North Sydney,Australia,1611,Andy Fixter
10169,2003-11-04,2003-11-09,S12_2823,2002 Suzuki XREO,Motorcycles,66.27,126.52,35,Shipped,276,"Anna's Decorations, Ltd",North Sydney,Australia,1611,Andy Fixter
10169,2003-11-04,2003-11-09,S12_3990,1970 Plymouth Hemi Cuda,Classic Cars,31.92,71.82,36,Shipped,276,"Anna's Decorations, Ltd",North Sydney,Australia,1611,Andy Fixter
10169,2003-11-04,2003-11-09,S18_3278,1969 Dodge Super Bee,Classic Cars,49.05,65.13,32,Shipped,276,"Anna's Decorations, Ltd",North Sydney,Australia,1611,Andy Fixter
10169,2003-11-04,2003-11-09,S18_3482,1976 Ford Gran Torino,Classic Cars,73.49,136.7,36,Shipped,276,"Anna's Decorations, Ltd",North Sydney,Australia,1611,Andy Fixter
10169,2003-11-04,2003-11-09,S18_3782,1957 Vespa GS150,Motorcycles,32.95,52.84,38,Shipped,276,"Anna's Decorations, Ltd",North Sydney,Australia,1611,Andy Fixter
10169,2003-11-04,2003-11-09,S18_4721,1957 Corvette Convertible,Classic Cars,69.93,120.53,33,Shipped,276,"Anna's Decorations, Ltd",North Sydney,Australia,1611,Andy Fixter
10169,2003-11-04,2003-11-09,S24_2360,1982 Ducati 900 Monster,Motorcycles,47.1,66.49,38,Shipped,276,"Anna's Decorations, Ltd",North Sydney,Australia,1611,Andy Fixter
10169,2003-11-04,2003-11-09,S24_3371,1971 Alpine Renault 1600s,Classic Cars,38.58,53.27,34,Shipped,276,"Anna's Decorations, Ltd",North Sydney,Australia,1611,Andy Fixter
10169,2003-11-04,2003-11-09,S24_4620,1961 Chevrolet Impala,Classic Cars,32.33,77.61,24,Shipped,276,"Anna's Decorations, Ltd",North Sydney,Australia,1611,Andy Fixter
10169,2003-11-04,2003-11-09,S32_2206,1982 Ducati 996 R,Motorcycles,24.14,37.01,26,Shipped,276,"Anna's Decorations, Ltd",North Sydney,Australia,1611,Andy Fixter
10169,2003-11-04,2003-11-09,S32_4485,1974 Ducati 350 Mk3 Desmo,Motorcycles,56.13,83.68,34,Shipped,276,"Anna's Decorations, Ltd",North Sydney,Australia,1611,Andy Fixter
10169,2003-11-04,2003-11-09,S50_4713,2002 Yamaha YZR M1,Motorcycles,34.17,75.66,48,Shipped,276,"Anna's Decorations, Ltd",North Sydney,Australia,1611,Andy Fixter
10170,2003-11-04,2003-11-07,S12_3380,1968 Dodge Charger,Classic Cars,75.16,116.27,47,Shipped,452,Mini Auto Werke,Graz,Austria,1401,Pamela Castillo
10170,2003-11-04,2003-11-07,S12_4675,1969 Dodge Charger,Classic Cars,58.73,93.28,41,Shipped,452,Mini Auto Werke,Graz,Austria,1401,Pamela Castillo
10170,2003-11-04,2003-11-07,S18_1889,1948 Porsche 356-A Roadster,Classic Cars,53.9,70.07,20,Shipped,452,Mini Auto Werke,Graz,Austria,1401,Pamela Castillo
10170,2003-11-04,2003-11-07,S24_3856,1956 Porsche 356A Coupe,Classic Cars,98.3,130.6,34,Shipped,452,Mini Auto Werke,Graz,Austria,1401,Pamela Castillo
10171,2003-11-05,2003-11-07,S18_1129,1993 Mazda RX-7,Classic Cars,83.51,134.46,35,Shipped,233,Québec Home Shopping Network,Montréal,Canada,1286,Foon Yue Tseng
10171,2003-11-05,2003-11-07,S18_1984,1995 Honda Civic,Classic Cars,93.89,128.03,35,Shipped,233,Québec Home Shopping Network,Montréal,Canada,1286,Foon Yue Tseng
10171,2003-11-05,2003-11-07,S18_3232,1992 Ferrari 360 Spider red,Classic Cars,77.9,165.95,39,Shipped,233,Québec Home Shopping Network,Montréal,Canada,1286,Foon Yue Tseng
10171,2003-11-05,2003-11-07,S24_2972,1982 Lamborghini Diablo,Classic Cars,16.24,34.74,36,Shipped,233,Québec Home Shopping Network,Montréal,Canada,1286,Foon Yue Tseng
10172,2003-11-05,2003-11-11,S18_1589,1965 Aston Martin DB5,Classic Cars,65.96,109.51,42,Shipped,175,Gift Depot Inc.,Bridgewater,USA,1323,George Vanauf
10172,2003-11-05,2003-11-11,S18_2870,1999 Indy 500 Monte Carlo SS,Classic Cars,56.76,117.48,39,Shipped,175,Gift Depot Inc.,Bridgewater,USA,1323,George Vanauf
10172,2003-11-05,2003-11-11,S18_3685,1948 Porsche Type 356 Roadster,Classic Cars,62.16,139.87,48,Shipped,175,Gift Depot Inc.,Bridgewater,USA,1323,George Vanauf
10172,2003-11-05,2003-11-11,S24_1046,1970 Chevy Chevelle SS 454,Classic Cars,49.24,61.0,32,Shipped,175,Gift Depot Inc.,Bridgewater,USA,1323,George Vanauf
10172,2003-11-05,2003-11-11,S24_1628,1966 Shelby Cobra 427 S/C,Classic Cars,29.18,43.27,34,Shipped,175,Gift Depot Inc.,Bridgewater,USA,1323,George Vanauf
10172,2003-11-05,2003-11-11,S24_2766,1949 Jaguar XK 120,Classic Cars,47.25,79.97,22,Shipped,175,Gift Depot Inc.,Bridgewater,USA,1323,George Vanauf
10172,2003-11-05,2003-11-11,S24_3191,1969 Chevrolet Camaro Z28,Classic Cars,50.51,77.91,24,Shipped,175,Gift Depot Inc.,Bridgewater,USA,1323,George Vanauf
10172,2003-11-05,2003-11-11,S24_3432,2002 Chevy Corvette,Classic Cars,62.11,87.81,22,Shipped,175,Gift Depot Inc.,Bridgewater,USA,1323,George Vanauf
10173,2003-11-05,2003-11-09,S18_1342,1937 Lincoln Berline,Vintage Cars,60.62,101.71,43,Shipped,278,Rovelli Gifts,Bergamo,Italy,1401,Pamela Castillo
10173,2003-11-05,2003-11-09,S18_1367,1936 Mercedes-Benz 500K Special Roadster,Vintage Cars,24.26,51.75,48,Shipped,278,Rovelli Gifts,Bergamo,Italy,1401,Pamela Castillo
10173,2003-11-05,2003-11-09,S18_1749,1917 Grand Touring Sedan,Vintage Cars,86.7,168.3,24,Shipped,278,Rovelli Gifts,Bergamo,Italy,1401,Pamela Castillo
10173,2003-11-05,2003-11-09,S18_2248,1911 Ford Town Car,Vintage Cars,33.3,55.09,26,Shipped,278,Rovelli Gifts,Bergamo,Italy,1401,Pamela Castillo
10173,2003-11-05,2003-11-09,S18_2325,1932 Model A Ford J-Coupe,Vintage Cars,58.48,127.13,31,Shipped,278,Rovelli Gifts,Bergamo,Italy,1401,Pamela Castillo
10173,2003-11-05,2003-11-09,S18_2795,1928 Mercedes-Benz SSK,Vintage Cars,72.56,140.06,22,Shipped,278,Rovelli Gifts,Bergamo,Italy,1401,Pamela Castillo
10173,2003-11-05,2003-11-09,S18_2957,1934 Ford V8 Coupe,Vintage Cars,34.35,56.84,28,Shipped,278,Rovelli Gifts,Bergamo,Italy,1401,Pamela Castillo
10173,2003-11-05,2003-11-09,S18_3136,18th Century Vintage Horse Carriage,Vintage Cars,60.74,86.92,31,Shipped,278,Rovelli Gifts,Bergamo,Italy,1401,Pamela Castillo
10173,2003-11-05,2003-11-09,S18_3320,1917 Maxwell Touring Car,Vintage Cars,57.54,90.28,29,Shipped,278,Rovelli Gifts,Bergamo,Italy,1401,Pamela Castillo
10173,2003-11-05,2003-11-09,S18_4409,1932 Alfa Romeo 8C2300 Spider Sport,Vintage Cars,43.26,77.31,21,Shipped,278,Rovelli Gifts,Bergamo,Italy,1401,Pamela Castillo
10173,2003-11-05,2003-11-09,S18_4933,1957 Ford Thunderbird,Classic Cars,34.21,58.44,39,Shipped,278,Rovelli Gifts,Bergamo,Italy,1401,Pamela Castillo
10173,2003-11-05,2003-11-09,S24_1937,1939 Chevrolet Deluxe Coupe,Vintage Cars,22.57,29.87,31,Shipped,278,Rovelli Gifts,Bergamo,Italy,1401,Pamela Castillo
10173,2003-11-05,2003-11-09,S24_2022,1938 Cadillac V-16 Presidential Limousine,Vintage Cars,20.61,39.42,27,Shipped,278,Rovelli Gifts,Bergamo,Italy,1401,Pamela Castillo
10173,2003-11-05,2003-11-09,S24_2887,1952 Citroen-15CV,Classic Cars,72.82,98.65,23,Shipped,278,Rovelli Gifts,Bergamo,Italy,1401,Pamela Castillo
10173,2003-11-05,2003-11-09,S24_3969,1936 Mercedes Benz 500k Roadster,Vintage Cars,21.75,35.7,35,Shipped,278,Rovelli Gifts,Bergamo,Italy,1401,Pamela Castillo
10173,2003-11-05,2003-11-09,S24_4258,1936 Chrysler Airflow,Vintage Cars,57.46,93.49,22,Shipped,278,Rovelli Gifts,Bergamo,Italy,1401,Pamela Castillo
10174,2003-11-06,2003-11-10,S10_1949,1952 Alpine Renault 1300,Classic Cars,98.58,207.87,34,Shipped,333,"Australian Gift Network, Co",South Brisbane,Australia,1611,Andy Fixter
10174,2003-11-06,2003-11-10,S12_1666,1958 Setra Bus,Trucks and Buses,77.9,113.44,43,Shipped,333,"Australian Gift Network, Co",South Brisbane,Australia,1611,Andy Fixter
10174,2003-11-06,2003-11-10,S18_1097,1940 Ford Pickup Truck,Trucks and Buses,58.33,108.5,48,Shipped,333,"Australian Gift Network, Co",South Brisbane,Australia,1611,Andy Fixter
10174,2003-11-06,2003-11-10,S18_2949,1913 Ford Model T Speedster,Vintage Cars,60.78,100.3,46,Shipped,333,"Australian Gift Network, Co",South Brisbane,Australia,1611,Andy Fixter
10174,2003-11-06,2003-11-10,S18_4668,1939 Cadillac Limousine,Vintage Cars,23.14,44.27,49,Shipped,333,"Australian Gift Network, Co",South Brisbane,Australia,1611,Andy Fixter
10175,2003-11-06,2003-11-09,S10_4962,1962 LanciaA Delta 16V,Classic Cars,103.42,119.67,33,Shipped,324,"Stylish Desk Decors, Co.",London,UK,1501,Larry Bott
10175,2003-11-06,2003-11-09,S12_4473,1957 Chevy Pickup,Trucks and Buses,55.7,109.02,26,Shipped,324,"Stylish Desk Decors, Co.",London,UK,1501,Larry Bott
10175,2003-11-06,2003-11-09,S18_2319,1964 Mercedes Tour Bus,Trucks and Buses,74.86,101.87,48,Shipped,324,"Stylish Desk Decors, Co.",London,UK,1501,Larry Bott
10175,2003-11-06,2003-11-09,S18_2432,1926 Ford Fire Engine,Trucks and Buses,24.92,59.55,41,Shipped,324,"Stylish Desk Decors, Co.",London,UK,1501,Larry Bott
10175,2003-11-06,2003-11-09,S18_3232,1992 Ferrari 360 Spider red,Classic Cars,77.9,150.71,29,Shipped,324,"Stylish Desk Decors, Co.",London,UK,1501,Larry Bott
10175,2003-11-06,2003-11-09,S18_4600,1940s Ford truck,Trucks and Buses,84.76,102.92,47,Shipped,324,"Stylish Desk Decors, Co.",London,UK,1501,Larry Bott
10175,2003-11-06,2003-11-09,S24_2300,1962 Volkswagen Microbus,Trucks and Buses,61.34,121.4,28,Shipped,324,"Stylish Desk Decors, Co.",London,UK,1501,Larry Bott
10175,2003-11-06,2003-11-09,S24_2840,1958 Chevy Corvette Limited Edition,Classic Cars,15.91,32.18,37,Shipped,324,"Stylish Desk Decors, Co.",London,UK,1501,Larry Bott
10175,2003-11-06,2003-11-09,S32_1268,1980’s GM Manhattan Express,Trucks and Buses,53.93,89.57,22,Shipped,324,"Stylish Desk Decors, Co.",London,UK,1501,Larry Bott
10175,2003-11-06,2003-11-09,S32_2509,1954 Greyhound Scenicruiser,Trucks and Buses,25.98,50.86,50,Shipped,324,"Stylish Desk Decors, Co.",London,UK,1501,Larry Bott
10175,2003-11-06,2003-11-09,S32_3522,1996 Peterbilt 379 Stake Bed with Outrigger,Trucks and Buses,33.61,56.24,29,Shipped,324,"Stylish Desk Decors, Co.",London,UK,1501,Larry Bott
10175,2003-11-06,2003-11-09,S700_2824,1982 Camaro Z28,Classic Cars,46.53,80.92,42,Shipped,324,"Stylish Desk Decors, Co.",London,UK,1501,Larry Bott
10176,2003-11-06,2003-11-12,S12_1108,2001 Ferrari Enzo,Classic Cars,95.59,166.24,33,Shipped,386,L'ordine Souveniers,Reggio Emilia,Italy,1401,Pamela Castillo
10176,2003-11-06,2003-11-12,S12_3148,1969 Corvair Monza,Classic Cars,89.14,145.04,47,Shipped,386,L'ordine Souveniers,Reggio Emilia,Italy,1401,Pamela Castillo
10176,2003-11-06,2003-11-12,S12_3891,1969 Ford Falcon,Classic Cars,83.05,160.91,50,Shipped,386,L'ordine Souveniers,Reggio Emilia,Italy,1401,Pamela Castillo
10176,2003-11-06,2003-11-12,S18_2238,1998 Chrysler Plymouth Prowler,Classic Cars,101.51,139.17,20,Shipped,386,L'ordine Souveniers,Reggio Emilia,Italy,1401,Pamela Castillo
10176,2003-11-06,2003-11-12,S18_4027,1970 Triumph Spitfire,Classic Cars,91.92,140.75,36,Shipped,386,L'ordine Souveniers,Reggio Emilia,Italy,1401,Pamela Castillo
10176,2003-11-06,2003-11-12,S24_1444,1970 Dodge Coronet,Classic Cars,32.37,55.49,27,Shipped,386,L'ordine Souveniers,Reggio Emilia,Italy,1401,Pamela Castillo
10176,2003-11-06,2003-11-12,S24_4048,1992 Porsche Cayenne Turbo Silver,Classic Cars,69.78,101.72,29,Shipped,386,L'ordine Souveniers,Reggio Emilia,Italy,1401,Pamela Castillo
10176,2003-11-06,2003-11-12,S32_3207,1950's Chicago Surface Lines Streetcar,Trains,26.72,62.14,22,Shipped,386,L'ordine Souveniers,Reggio Emilia,Italy,1401,Pamela Castillo
10176,2003-11-06,2003-11-12,S50_1392,Diamond T620 Semi-Skirted Tanker,Trucks and Buses,68.29,109.96,23,Shipped,386,L'ordine Souveniers,Reggio Emilia,Italy,1401,Pamela Castillo
10176,2003-11-06,2003-11-12,S50_1514,1962 City of Detroit Streetcar,Trains,37.49,52.14,38,Shipped,386,L'ordine Souveniers,Reggio Emilia,Italy,1401,Pamela Castillo
10177,2003-11-07,2003-11-12,S18_3140,1903 Ford Model A,Vintage Cars,68.3,113.37,23,Shipped,344,CAF Imports,Madrid,Spain,1702,Martin Gerard
10177,2003-11-07,2003-11-12,S18_3259,Collectable Wooden Train,Trains,67.56,92.77,29,Shipped,344,CAF Imports,Madrid,Spain,1702,Martin Gerard
10177,2003-11-07,2003-11-12,S18_4522,1904 Buick Runabout,Vintage Cars,52.66,82.5,35,Shipped,344,CAF Imports,Madrid,Spain,1702,Martin Gerard
10177,2003-11-07,2003-11-12,S24_2011,18th century schooner,Ships,82.34,115.52,50,Shipped,344,CAF Imports,Madrid,Spain,1702,Martin Gerard
10177,2003-11-07,2003-11-12,S24_3151,1912 Ford Model T Delivery Wagon,Vintage Cars,46.91,79.66,45,Shipped,344,CAF Imports,Madrid,Spain,1702,Martin Gerard
10177,2003-11-07,2003-11-12,S700_1138,The Schooner Bluenose,Ships,34.0,58.67,24,Shipped,344,CAF Imports,Madrid,Spain,1702,Martin Gerard
10177,2003-11-07,2003-11-12,S700_1938,The Mayflower,Ships,43.3,77.95,31,Shipped,344,CAF Imports,Madrid,Spain,1702,Martin Gerard
10177,2003-11-07,2003-11-12,S700_2610,The USS Constitution Ship,Ships,33.97,64.33,32,Shipped,344,CAF Imports,Madrid,Spain,1702,Martin Gerard
10177,2003-11-07,2003-11-12,S700_3505,The Titanic,Ships,51.09,88.15,44,Shipped,344,CAF Imports,Madrid,Spain,1702,Martin Gerard
10177,2003-11-07,2003-11-12,S700_3962,The Queen Mary,Ships,53.63,83.42,24,Shipped,344,CAF Imports,Madrid,Spain,1702,Martin Gerard
10177,2003-11-07,2003-11-12,S72_3212,Pont Yacht,Ships,33.3,52.96,40,Shipped,344,CAF Imports,Madrid,Spain,1702,Martin Gerard
10178,2003-11-08,2003-11-10,S10_4757,1972 Alfa Romeo GTA,Classic Cars,85.68,131.92,24,Shipped,242,Alpha Cognac,Toulouse,France,1370,Gerard Hernandez
10178,2003-11-08,2003-11-10,S18_1662,1980s Black Hawk Helicopter,Planes,77.27,127.73,42,Shipped,242,Alpha Cognac,Toulouse,France,1370,Gerard Hernandez
10178,2003-11-08,2003-11-10,S18_3029,1999 Yamaha Speed Boat,Ships,51.61,70.54,41,Shipped,242,Alpha Cognac,Toulouse,France,1370,Gerard Hernandez
10178,2003-11-08,2003-11-10,S18_3856,1941 Chevrolet Special Deluxe Cabriolet,Vintage Cars,64.58,104.81,48,Shipped,242,Alpha Cognac,Toulouse,France,1370,Gerard Hernandez
10178,2003-11-08,2003-11-10,S24_2841,1900s Vintage Bi-Plane,Planes,34.25,67.82,34,Shipped,242,Alpha Cognac,Toulouse,France,1370,Gerard Hernandez
10178,2003-11-08,2003-11-10,S24_3420,1937 Horch 930V Limousine,Vintage Cars,26.3,65.75,27,Shipped,242,Alpha Cognac,Toulouse,France,1370,Gerard Hernandez
10178,2003-11-08,2003-11-10,S24_3816,1940 Ford Delivery Sedan,Vintage Cars,48.64,68.77,21,Shipped,242,Alpha Cognac,Toulouse,France,1370,Gerard Hernandez
10178,2003-11-08,2003-11-10,S24_3949,Corsair F4U ( Bird Cage),Planes,29.34,64.15,30,Shipped,242,Alpha Cognac,Toulouse,France,1370,Gerard Hernandez
10178,2003-11-08,2003-11-10,S700_2047,HMS Bounty,Ships,39.83,86.9,34,Shipped,242,Alpha Cognac,Toulouse,France,1370,Gerard Hernandez
10178,2003-11-08,2003-11-10,S700_2466,America West Airlines B757-200,Planes,68.8,91.74,22,Shipped,242,Alpha Cognac,Toulouse,France,1370,Gerard Hernandez
10178,2003-11-08,2003-11-10,S700_4002,American Airlines: MD-11S,Planes,36.27,68.11,45,Shipped,242,Alpha Cognac,Toulouse,France,1370,Gerard Hernandez
10178,2003-11-08,2003-11-10,S72_1253,Boeing X-32A JSF,Planes,32.77,41.71,45,Shipped,242,Alpha Cognac,Toulouse,France,1370,Gerard Hernandez
10179,2003-11-11,2003-11-13,S18_2581,P-51-D Mustang,Planes,49.0,82.79,24,Cancelled,496,Kelly's Gift Shop,Auckland,New Zealand,1612,Peter Marsh
10179,2003-11-11,2003-11-13,S24_1785,1928 British Royal Navy Airplane,Planes,66.74,105.04,47,Cancelled,496,Kelly's Gift Shop,Auckland,New Zealand,1612,Peter Marsh
10179,2003-11-11,2003-11-13,S24_4278,1900s Vintage Tri-Plane,Planes,36.23,66.65,27,Cancelled,496,Kelly's Gift Shop,Auckland,New Zealand,1612,Peter Marsh
10179,2003-11-11,2003-11-13,S32_1374,1997 BMW F650 ST,Motorcycles,66.92,86.9,45,Cancelled,496,Kelly's Gift Shop,Auckland,New Zealand,1612,Peter Marsh
10179,2003-11-11,2003-11-13,S32_4289,1928 Ford Phaeton Deluxe,Vintage Cars,33.02,63.97,24,Cancelled,496,Kelly's Gift Shop,Auckland,New Zealand,1612,Peter Marsh
10179,2003-11-11,2003-11-13,S50_1341,1930 Buick Marquette Phaeton,Vintage Cars,27.06,43.2,34,Cancelled,496,Kelly's Gift Shop,Auckland,New Zealand,1612,Peter Marsh
10179,2003-11-11,2003-11-13,S700_1691,American Airlines: B767-300,Planes,51.15,75.81,23,Cancelled,496,Kelly's Gift Shop,Auckland,New Zealand,1612,Peter Marsh
10179,2003-11-11,2003-11-13,S700_2834,ATA: B757-300,Planes,59.33,98.48,25,Cancelled,496,Kelly's Gift Shop,Auckland,New Zealand,1612,Peter Marsh
10179,2003-11-11,2003-11-13,S700_3167,F/A 18 Hornet 1/72,Planes,54.4,80.0,39,Cancelled,496,Kelly's Gift Shop,Auckland,New Zealand,1612,Peter Marsh
10180,2003-11-11,2003-11-14,S10_1678,1969 Harley Davidson Ultimate Chopper,Motorcycles,48.81,76.56,29,Shipped,171,Daedalus Designs Imports,Lille,France,1370,Gerard Hernandez
10180,2003-11-11,2003-11-14,S10_2016,1996 Moto Guzzi 1100i,Motorcycles,68.99,99.91,42,Shipped,171,Daedalus Designs Imports,Lille,France,1370,Gerard Hernandez
10180,2003-11-11,2003-11-14,S10_4698,2003 Harley-Davidson Eagle Drag Bike,Motorcycles,91.02,164.61,41,Shipped,171,Daedalus Designs Imports,Lille,France,1370,Gerard Hernandez
10180,2003-11-11,2003-11-14,S12_2823,2002 Suzuki XREO,Motorcycles,66.27,131.04,40,Shipped,171,Daedalus Designs Imports,Lille,France,1370,Gerard Hernandez
10180,2003-11-11,2003-11-14,S18_2625,1936 Harley Davidson El Knucklehead,Motorcycles,24.23,48.46,25,Shipped,171,Daedalus Designs Imports,Lille,France,1370,Gerard Hernandez
10180,2003-11-11,2003-11-14,S18_3782,1957 Vespa GS150,Motorcycles,32.95,59.06,21,Shipped,171,Daedalus Designs Imports,Lille,France,1370,Gerard Hernandez
10180,2003-11-11,2003-11-14,S18_4721,1957 Corvette Convertible,Classic Cars,69.93,147.31,44,Shipped,171,Daedalus Designs Imports,Lille,France,1370,Gerard Hernandez
10180,2003-11-11,2003-11-14,S24_1578,1997 BMW R 1100 S,Motorcycles,60.86,98.05,48,Shipped,171,Daedalus Designs Imports,Lille,France,1370,Gerard Hernandez
10180,2003-11-11,2003-11-14,S24_2000,1960 BSA Gold Star DBD34,Motorcycles,37.32,61.7,28,Shipped,171,Daedalus Designs Imports,Lille,France,1370,Gerard Hernandez
10180,2003-11-11,2003-11-14,S24_2360,1982 Ducati 900 Monster,Motorcycles,47.1,60.95,35,Shipped,171,Daedalus Designs Imports,Lille,France,1370,Gerard Hernandez
10180,2003-11-11,2003-11-14,S24_4620,1961 Chevrolet Impala,Classic Cars,32.33,68.71,28,Shipped,171,Daedalus Designs Imports,Lille,France,1370,Gerard Hernandez
10180,2003-11-11,2003-11-14,S32_2206,1982 Ducati 996 R,Motorcycles,24.14,33.39,34,Shipped,171,Daedalus Designs Imports,Lille,France,1370,Gerard Hernandez
10180,2003-11-11,2003-11-14,S32_4485,1974 Ducati 350 Mk3 Desmo,Motorcycles,56.13,102.05,22,Shipped,171,Daedalus Designs Imports,Lille,France,1370,Gerard Hernandez
10180,2003-11-11,2003-11-14,S50_4713,2002 Yamaha YZR M1,Motorcycles,34.17,74.85,21,Shipped,171,Daedalus Designs Imports,Lille,France,1370,Gerard Hernandez
10181,2003-11-12,2003-11-15,S12_1099,1968 Ford Mustang,Classic Cars,95.34,155.66,27,Shipped,167,Herkku Gifts,Bergen,Norway,1504,Barry Jones
10181,2003-11-12,2003-11-15,S12_3380,1968 Dodge Charger,Classic Cars,75.16,113.92,28,Shipped,167,Herkku Gifts,Bergen,Norway,1504,Barry Jones
10181,2003-11-12,2003-11-15,S12_3990,1970 Plymouth Hemi Cuda,Classic Cars,31.92,67.03,20,Shipped,167,Herkku Gifts,Bergen,Norway,1504,Barry Jones
10181,2003-11-12,2003-11-15,S12_4675,1969 Dodge Charger,Classic Cars,58.73,107.1,36,Shipped,167,Herkku Gifts,Bergen,Norway,1504,Barry Jones
10181,2003-11-12,2003-11-15,S18_1129,1993 Mazda RX-7,Classic Cars,83.51,124.56,44,Shipped,167,Herkku Gifts,Bergen,Norway,1504,Barry Jones
10181,2003-11-12,2003-11-15,S18_1589,1965 Aston Martin DB5,Classic Cars,65.96,124.44,42,Shipped,167,Herkku Gifts,Bergen,Norway,1504,Barry Jones
10181,2003-11-12,2003-11-15,S18_1889,1948 Porsche 356-A Roadster,Classic Cars,53.9,74.69,22,Shipped,167,Herkku Gifts,Bergen,Norway,1504,Barry Jones
10181,2003-11-12,2003-11-15,S18_1984,1995 Honda Civic,Classic Cars,93.89,129.45,21,Shipped,167,Herkku Gifts,Bergen,Norway,1504,Barry Jones
10181,2003-11-12,2003-11-15,S18_2870,1999 Indy 500 Monte Carlo SS,Classic Cars,56.76,130.68,27,Shipped,167,Herkku Gifts,Bergen,Norway,1504,Barry Jones
10181,2003-11-12,2003-11-15,S18_3232,1992 Ferrari 360 Spider red,Classic Cars,77.9,147.33,45,Shipped,167,Herkku Gifts,Bergen,Norway,1504,Barry Jones
10181,2003-11-12,2003-11-15,S18_3278,1969 Dodge Super Bee,Classic Cars,49.05,73.17,30,Shipped,167,Herkku Gifts,Bergen,Norway,1504,Barry Jones
10181,2003-11-12,2003-11-15,S18_3482,1976 Ford Gran Torino,Classic Cars,73.49,120.53,22,Shipped,167,Herkku Gifts,Bergen,Norway,1504,Barry Jones
10181,2003-11-12,2003-11-15,S18_3685,1948 Porsche Type 356 Roadster,Classic Cars,62.16,137.04,39,Shipped,167,Herkku Gifts,Bergen,Norway,1504,Barry Jones
10181,2003-11-12,2003-11-15,S24_1628,1966 Shelby Cobra 427 S/C,Classic Cars,29.18,45.28,34,Shipped,167,Herkku Gifts,Bergen,Norway,1504,Barry Jones
10181,2003-11-12,2003-11-15,S24_2972,1982 Lamborghini Diablo,Classic Cars,16.24,32.85,37,Shipped,167,Herkku Gifts,Bergen,Norway,1504,Barry Jones
10181,2003-11-12,2003-11-15,S24_3371,1971 Alpine Renault 1600s,Classic Cars,38.58,54.49,23,Shipped,167,Herkku Gifts,Bergen,Norway,1504,Barry Jones
10181,2003-11-12,2003-11-15,S24_3856,1956 Porsche 356A Coupe,Classic Cars,98.3,122.17,25,Shipped,167,Herkku Gifts,Bergen,Norway,1504,Barry Jones
10182,2003-11-12,2003-11-18,S18_1342,1937 Lincoln Berline,Vintage Cars,60.62,83.22,25,Shipped,124,Mini Gifts Distributors Ltd.,San Rafael,USA,1165,Leslie Jennings
10182,2003-11-12,2003-11-18,S18_1367,1936 Mercedes-Benz 500K Special Roadster,Vintage Cars,24.26,44.21,32,Shipped,124,Mini Gifts Distributors Ltd.,San Rafael,USA,1165,Leslie Jennings
10182,2003-11-12,2003-11-18,S18_1749,1917 Grand Touring Sedan,Vintage Cars,86.7,159.8,44,Shipped,124,Mini Gifts Distributors Ltd.,San Rafael,USA,1165,Leslie Jennings
10182,2003-11-12,2003-11-18,S18_2248,1911 Ford Town Car,Vintage Cars,33.3,54.49,38,Shipped,124,Mini Gifts Distributors Ltd.,San Rafael,USA,1165,Leslie Jennings
10182,2003-11-12,2003-11-18,S18_2325,1932 Model A Ford J-Coupe,Vintage Cars,58.48,105.52,20,Shipped,124,Mini Gifts Distributors Ltd.,San Rafael,USA,1165,Leslie Jennings
10182,2003-11-12,2003-11-18,S18_2795,1928 Mercedes-Benz SSK,Vintage Cars,72.56,135.0,21,Shipped,124,Mini Gifts Distributors Ltd.,San Rafael,USA,1165,Leslie Jennings
10182,2003-11-12,2003-11-18,S18_3320,1917 Maxwell Touring Car,Vintage Cars,57.54,86.31,33,Shipped,124,Mini Gifts Distributors Ltd.,San Rafael,USA,1165,Leslie Jennings
10182,2003-11-12,2003-11-18,S18_4409,1932 Alfa Romeo 8C2300 Spider Sport,Vintage Cars,43.26,88.35,36,Shipped,124,Mini Gifts Distributors Ltd.,San Rafael,USA,1165,Leslie Jennings
10182,2003-11-12,2003-11-18,S18_4933,1957 Ford Thunderbird,Classic Cars,34.21,61.29,44,Shipped,124,Mini Gifts Distributors Ltd.,San Rafael,USA,1165,Leslie Jennings
10182,2003-11-12,2003-11-18,S24_1046,1970 Chevy Chevelle SS 454,Classic Cars,49.24,63.2,47,Shipped,124,Mini Gifts Distributors Ltd.,San Rafael,USA,1165,Leslie Jennings
10182,2003-11-12,2003-11-18,S24_1937,1939 Chevrolet Deluxe Coupe,Vintage Cars,22.57,31.86,39,Shipped,124,Mini Gifts Distributors Ltd.,San Rafael,USA,1165,Leslie Jennings
10182,2003-11-12,2003-11-18,S24_2022,1938 Cadillac V-16 Presidential Limousine,Vintage Cars,20.61,39.87,31,Shipped,124,Mini Gifts Distributors Ltd.,San Rafael,USA,1165,Leslie Jennings
10182,2003-11-12,2003-11-18,S24_2766,1949 Jaguar XK 120,Classic Cars,47.25,87.24,36,Shipped,124,Mini Gifts Distributors Ltd.,San Rafael,USA,1165,Leslie Jennings
10182,2003-11-12,2003-11-18,S24_2887,1952 Citroen-15CV,Classic Cars,72.82,116.27,20,Shipped,124,Mini Gifts Distributors Ltd.,San Rafael,USA,1165,Leslie Jennings
10182,2003-11-12,2003-11-18,S24_3191,1969 Chevrolet Camaro Z28,Classic Cars,50.51,73.62,33,Shipped,124,Mini Gifts Distributors Ltd.,San Rafael,USA,1165,Leslie Jennings
10182,2003-11-12,2003-11-18,S24_3432,2002 Chevy Corvette,Classic Cars,62.11,95.3,49,Shipped,124,Mini Gifts Distributors Ltd.,San Rafael,USA,1165,Leslie Jennings
10182,2003-11-12,2003-11-18,S24_3969,1936 Mercedes Benz 500k Roadster,Vintage Cars,21.75,34.88,23,Shipped,124,Mini Gifts Distributors Ltd.,San Rafael,USA,1165,Leslie Jennings
10183,2003-11-13,2003-11-15,S10_1949,1952 Alpine Renault 1300,Classic Cars,98.58,180.01,23,Shipped,339,"Classic Gift Ideas, Inc",Philadelphia,USA,1188,Julie Firrelli
10183,2003-11-13,2003-11-15,S10_4962,1962 LanciaA Delta 16V,Classic Cars,103.42,127.06,28,Shipped,339,"Classic Gift Ideas, Inc",Philadelphia,USA,1188,Julie Firrelli
10183,2003-11-13,2003-11-15,S12_1666,1958 Setra Bus,Trucks and Buses,77.9,114.8,41,Shipped,339,"Classic Gift Ideas, Inc",Philadelphia,USA,1188,Julie Firrelli
10183,2003-11-13,2003-11-15,S18_1097,1940 Ford Pickup Truck,Trucks and Buses,58.33,108.5,21,Shipped,339,"Classic Gift Ideas, Inc",Philadelphia,USA,1188,Julie Firrelli
10183,2003-11-13,2003-11-15,S18_2949,1913 Ford Model T Speedster,Vintage Cars,60.78,91.18,37,Shipped,339,"Classic Gift Ideas, Inc",Philadelphia,USA,1188,Julie Firrelli
10183,2003-11-13,2003-11-15,S18_2957,1934 Ford V8 Coupe,Vintage Cars,34.35,51.22,39,Shipped,339,"Classic Gift Ideas, Inc",Philadelphia,USA,1188,Julie Firrelli
10183,2003-11-13,2003-11-15,S18_3136,18th Century Vintage Horse Carriage,Vintage Cars,60.74,90.06,22,Shipped,339,"Classic Gift Ideas, Inc",Philadelphia,USA,1188,Julie Firrelli
10183,2003-11-13,2003-11-15,S18_4600,1940s Ford truck,Trucks and Buses,84.76,118.66,21,Shipped,339,"Classic Gift Ideas, Inc",Philadelphia,USA,1188,Julie Firrelli
10183,2003-11-13,2003-11-15,S18_4668,1939 Cadillac Limousine,Vintage Cars,23.14,42.26,40,Shipped,339,"Classic Gift Ideas, Inc",Philadelphia,USA,1188,Julie Firrelli
10183,2003-11-13,2003-11-15,S24_4258,1936 Chrysler Airflow,Vintage Cars,57.46,81.81,47,Shipped,339,"Classic Gift Ideas, Inc",Philadelphia,USA,1188,Julie Firrelli
10183,2003-11-13,2003-11-15,S32_3522,1996 Peterbilt 379 Stake Bed with Outrigger,Trucks and Buses,33.61,52.36,49,Shipped,339,"Classic Gift Ideas, Inc",Philadelphia,USA,1188,Julie Firrelli
10183,2003-11-13,2003-11-15,S700_2824,1982 Camaro Z28,Classic Cars,46.53,85.98,23,Shipped,339,"Classic Gift Ideas, Inc",Philadelphia,USA,1188,Julie Firrelli
10184,2003-11-14,2003-11-20,S12_4473,1957 Chevy Pickup,Trucks and Buses,55.7,105.47,37,Shipped,484,"Iberia Gift Imports, Corp.",Sevilla,Spain,1702,Martin Gerard
10184,2003-11-14,2003-11-20,S18_2238,1998 Chrysler Plymouth Prowler,Classic Cars,101.51,145.72,46,Shipped,484,"Iberia Gift Imports, Corp.",Sevilla,Spain,1702,Martin Gerard
10184,2003-11-14,2003-11-20,S18_2319,1964 Mercedes Tour Bus,Trucks and Buses,74.86,119.05,46,Shipped,484,"Iberia Gift Imports, Corp.",Sevilla,Spain,1702,Martin Gerard
10184,2003-11-14,2003-11-20,S18_2432,1926 Ford Fire Engine,Trucks and Buses,24.92,60.77,44,Shipped,484,"Iberia Gift Imports, Corp.",Sevilla,Spain,1702,Martin Gerard
10184,2003-11-14,2003-11-20,S18_3232,1992 Ferrari 360 Spider red,Classic Cars,77.9,165.95,28,Shipped,484,"Iberia Gift Imports, Corp.",Sevilla,Spain,1702,Martin Gerard
10184,2003-11-14,2003-11-20,S24_1444,1970 Dodge Coronet,Classic Cars,32.37,57.22,31,Shipped,484,"Iberia Gift Imports, Corp.",Sevilla,Spain,1702,Martin Gerard
10184,2003-11-14,2003-11-20,S24_2300,1962 Volkswagen Microbus,Trucks and Buses,61.34,117.57,24,Shipped,484,"Iberia Gift Imports, Corp.",Sevilla,Spain,1702,Martin Gerard
10184,2003-11-14,2003-11-20,S24_2840,1958 Chevy Corvette Limited Edition,Classic Cars,15.91,30.06,42,Shipped,484,"Iberia Gift Imports, Corp.",Sevilla,Spain,1702,Martin Gerard
10184,2003-11-14,2003-11-20,S24_4048,1992 Porsche Cayenne Turbo Silver,Classic Cars,69.78,114.73,49,Shipped,484,"Iberia Gift Imports, Corp.",Sevilla,Spain,1702,Martin Gerard
10184,2003-11-14,2003-11-20,S32_1268,1980’s GM Manhattan Express,Trucks and Buses,53.93,84.75,46,Shipped,484,"Iberia Gift Imports, Corp.",Sevilla,Spain,1702,Martin Gerard
10184,2003-11-14,2003-11-20,S32_2509,1954 Greyhound Scenicruiser,Trucks and Buses,25.98,52.49,33,Shipped,484,"Iberia Gift Imports, Corp.",Sevilla,Spain,1702,Martin Gerard
10184,2003-11-14,2003-11-20,S32_3207,1950's Chicago Surface Lines Streetcar,Trains,26.72,59.03,48,Shipped,484,"Iberia Gift Imports, Corp.",Sevilla,Spain,1702,Martin Gerard
10184,2003-11-14,2003-11-20,S50_1392,Diamond T620 Semi-Skirted Tanker,Trucks and Buses,68.29,92.6,45,Shipped,484,"Iberia Gift Imports, Corp.",Sevilla,Spain,1702,Martin Gerard
10185,2003-11-14,2003-11-20,S12_1108,2001 Ferrari Enzo,Classic Cars,95.59,195.33,21,Shipped,320,Mini Creations Ltd.,New Bedford,USA,1188,Julie Firrelli
10185,2003-11-14,2003-11-20,S12_3148,1969 Corvair Monza,Classic Cars,89.14,146.55,33,Shipped,320,Mini Creations Ltd.,New Bedford,USA,1188,Julie Firrelli
10185,2003-11-14,2003-11-20,S12_3891,1969 Ford Falcon,Classic Cars,83.05,147.07,43,Shipped,320,Mini Creations Ltd.,New Bedford,USA,1188,Julie Firrelli
10185,2003-11-14,2003-11-20,S18_3140,1903 Ford Model A,Vintage Cars,68.3,124.3,28,Shipped,320,Mini Creations Ltd.,New Bedford,USA,1188,Julie Firrelli
10185,2003-11-14,2003-11-20,S18_3259,Collectable Wooden Train,Trains,67.56,94.79,49,Shipped,320,Mini Creations Ltd.,New Bedford,USA,1188,Julie Firrelli
10185,2003-11-14,2003-11-20,S18_4027,1970 Triumph Spitfire,Classic Cars,91.92,127.82,39,Shipped,320,Mini Creations Ltd.,New Bedford,USA,1188,Julie Firrelli
10185,2003-11-14,2003-11-20,S18_4522,1904 Buick Runabout,Vintage Cars,52.66,87.77,47,Shipped,320,Mini Creations Ltd.,New Bedford,USA,1188,Julie Firrelli
10185,2003-11-14,2003-11-20,S24_2011,18th century schooner,Ships,82.34,105.69,30,Shipped,320,Mini Creations Ltd.,New Bedford,USA,1188,Julie Firrelli
10185,2003-11-14,2003-11-20,S24_3151,1912 Ford Model T Delivery Wagon,Vintage Cars,46.91,83.2,33,Shipped,320,Mini Creations Ltd.,New Bedford,USA,1188,Julie Firrelli
10185,2003-11-14,2003-11-20,S50_1514,1962 City of Detroit Streetcar,Trains,37.49,46.86,20,Shipped,320,Mini Creations Ltd.,New Bedford,USA,1188,Julie Firrelli
10185,2003-11-14,2003-11-20,S700_1138,The Schooner Bluenose,Ships,34.0,64.67,21,Shipped,320,Mini Creations Ltd.,New Bedford,USA,1188,Julie Firrelli
10185,2003-11-14,2003-11-20,S700_1938,The Mayflower,Ships,43.3,79.68,30,Shipped,320,Mini Creations Ltd.,New Bedford,USA,1188,Julie Firrelli
10185,2003-11-14,2003-11-20,S700_2610,The USS Constitution Ship,Ships,33.97,61.44,39,Shipped,320,Mini Creations Ltd.,New Bedford,USA,1188,Julie Firrelli
10185,2003-11-14,2003-11-20,S700_3505,The Titanic,Ships,51.09,99.17,37,Shipped,320,Mini Creations Ltd.,New Bedford,USA,1188,Julie Firrelli
10185,2003-11-14,2003-11-20,S700_3962,The Queen Mary,Ships,53.63,93.35,22,Shipped,320,Mini Creations Ltd.,New Bedford,USA,1188,Julie Firrelli
10185,2003-11-14,2003-11-20,S72_3212,Pont Yacht,Ships,33.3,47.5,28,Shipped,320,Mini Creations Ltd.,New Bedford,USA,1188,Julie Firrelli
10186,2003-11-14,2003-11-18,S10_4757,1972 Alfa Romeo GTA,Classic Cars,85.68,108.8,26,Shipped,489,"Double Decker Gift Stores, Ltd",London,UK,1501,Larry Bott
10186,2003-11-14,2003-11-18,S18_1662,1980s Black Hawk Helicopter,Planes,77.27,137.19,32,Shipped,489,"Double Decker Gift Stores, Ltd",London,UK,1501,Larry Bott
10186,2003-11-14,2003-11-18,S18_3029,1999 Yamaha Speed Boat,Ships,51.61,73.12,32,Shipped,489,"Double Decker Gift Stores, Ltd",London,UK,1501,Larry Bott
10186,2003-11-14,2003-11-18,S18_3856,1941 Chevrolet Special Deluxe Cabriolet,Vintage Cars,64.58,98.46,46,Shipped,489,"Double Decker Gift Stores, Ltd",London,UK,1501,Larry Bott
10186,2003-11-14,2003-11-18,S24_2841,1900s Vintage Bi-Plane,Planes,34.25,60.29,22,Shipped,489,"Double Decker Gift Stores, Ltd",London,UK,1501,Larry Bott
10186,2003-11-14,2003-11-18,S24_3420,1937 Horch 930V Limousine,Vintage Cars,26.3,59.83,21,Shipped,489,"Double Decker Gift Stores, Ltd",London,UK,1501,Larry Bott
10186,2003-11-14,2003-11-18,S24_3816,1940 Ford Delivery Sedan,Vintage Cars,48.64,68.77,36,Shipped,489,"Double Decker Gift Stores, Ltd",London,UK,1501,Larry Bott
10186,2003-11-14,2003-11-18,S700_2047,HMS Bounty,Ships,39.83,80.56,24,Shipped,489,"Double Decker Gift Stores, Ltd",London,UK,1501,Larry Bott
10186,2003-11-14,2003-11-18,S72_1253,Boeing X-32A JSF,Planes,32.77,42.71,28,Shipped,489,"Double Decker Gift Stores, Ltd",London,UK,1501,Larry Bott
10187,2003-11-15,2003-11-16,S18_2581,P-51-D Mustang,Planes,49.0,70.12,45,Shipped,211,"King Kong Collectables, Co.",Central Hong Kong,Hong Kong,1621,Mami Nishi
10187,2003-11-15,2003-11-16,S24_1785,1928 British Royal Navy Airplane,Planes,66.74,96.29,46,Shipped,211,"King Kong Collectables, Co.",Central Hong Kong,Hong Kong,1621,Mami Nishi
10187,2003-11-15,2003-11-16,S24_3949,Corsair F4U ( Bird Cage),Planes,29.34,55.96,43,Shipped,211,"King Kong Collectables, Co.",Central Hong Kong,Hong Kong,1621,Mami Nishi
10187,2003-11-15,2003-11-16,S24_4278,1900s Vintage Tri-Plane,Planes,36.23,64.48,33,Shipped,211,"King Kong Collectables, Co.",Central Hong Kong,Hong Kong,1621,Mami Nishi
10187,2003-11-15,2003-11-16,S32_4289,1928 Ford Phaeton Deluxe,Vintage Cars,33.02,61.22,31,Shipped,211,"King Kong Collectables, Co.",Central Hong Kong,Hong Kong,1621,Mami Nishi
10187,2003-11-15,2003-11-16,S50_1341,1930 Buick Marquette Phaeton,Vintage Cars,27.06,39.71,41,Shipped,211,"King Kong Collectables, Co.",Central Hong Kong,Hong Kong,1621,Mami Nishi
10187,2003-11-15,2003-11-16,S700_1691,American Airlines: B767-300,Planes,51.15,84.95,34,Shipped,211,"King Kong Collectables, Co.",Central Hong Kong,Hong Kong,1621,Mami Nishi
10187,2003-11-15,2003-11-16,S700_2466,America West Airlines B757-200,Planes,68.8,95.73,44,Shipped,211,"King Kong Collectables, Co.",Central Hong Kong,Hong Kong,1621,Mami Nishi
10187,2003-11-15,2003-11-16,S700_3167,F/A 18 Hornet 1/72,Planes,54.4,72.0,34,Shipped,211,"King Kong Collectables, Co.",Central Hong Kong,Hong Kong,1621,Mami Nishi
10187,2003-11-15,2003-11-16,S700_4002,American Airlines: MD-11S,Planes,36.27,70.33,44,Shipped,211,"King Kong Collectables, Co.",Central Hong Kong,Hong Kong,1621,Mami Nishi
10188,2003-11-18,2003-11-24,S10_1678,1969 Harley Davidson Ultimate Chopper,Motorcycles,48.81,95.7,48,Shipped,167,Herkku Gifts,Bergen,Norway,1504,Barry Jones
10188,2003-11-18,2003-11-24,S10_2016,1996 Moto Guzzi 1100i,Motorcycles,68.99,111.8,38,Shipped,167,Herkku Gifts,Bergen,Norway,1504,Barry Jones
10188,2003-11-18,2003-11-24,S10_4698,2003 Harley-Davidson Eagle Drag Bike,Motorcycles,91.02,182.04,45,Shipped,167,Herkku Gifts,Bergen,Norway,1504,Barry Jones
10188,2003-11-18,2003-11-24,S18_2625,1936 Harley Davidson El Knucklehead,Motorcycles,24.23,52.09,32,Shipped,167,Herkku Gifts,Bergen,Norway,1504,Barry Jones
10188,2003-11-18,2003-11-24,S24_1578,1997 BMW R 1100 S,Motorcycles,60.86,95.8,25,Shipped,167,Herkku Gifts,Bergen,Norway,1504,Barry Jones
10188,2003-11-18,2003-11-24,S24_2000,1960 BSA Gold Star DBD34,Motorcycles,37.32,61.7,40,Shipped,167,Herkku Gifts,Bergen,Norway,1504,Barry Jones
10188,2003-11-18,2003-11-24,S32_1374,1997 BMW F650 ST,Motorcycles,66.92,81.91,44,Shipped,167,Herkku Gifts,Bergen,Norway,1504,Barry Jones
10188,2003-11-18,2003-11-24,S700_2834,ATA: B757-300,Planes,59.33,96.11,29,Shipped,167,Herkku Gifts,Bergen,Norway,1504,Barry Jones
10189,2003-11-18,2003-11-24,S12_2823,2002 Suzuki XREO,Motorcycles,66.27,138.57,28,Shipped,205,Toys4GrownUps.com,Pasadena,USA,1166,Leslie Thompson
10190,2003-11-19,2003-11-20,S24_2360,1982 Ducati 900 Monster,Motorcycles,47.1,58.87,42,Shipped,141,Euro+ Shopping Channel,Madrid,Spain,1370,Gerard Hernandez
10190,2003-11-19,2003-11-20,S32_2206,1982 Ducati 996 R,Motorcycles,24.14,38.62,46,Shipped,141,Euro+ Shopping Channel,Madrid,Spain,1370,Gerard Hernandez
10190,2003-11-19,2003-11-20,S32_4485,1974 Ducati 350 Mk3 Desmo,Motorcycles,56.13,89.8,42,Shipped,141,Euro+ Shopping Channel,Madrid,Spain,1370,Gerard Hernandez
10190,2003-11-19,2003-11-20,S50_4713,2002 Yamaha YZR M1,Motorcycles,34.17,67.53,40,Shipped,141,Euro+ Shopping Channel,Madrid,Spain,1370,Gerard Hernandez
10191,2003-11-20,2003-11-24,S12_1099,1968 Ford Mustang,Classic Cars,95.34,155.66,21,Shipped,259,"Toms Spezialitäten, Ltd",Köln,Germany,1504,Barry Jones
10191,2003-11-20,2003-11-24,S12_3380,1968 Dodge Charger,Classic Cars,75.16,104.52,40,Shipped,259,"Toms Spezialitäten, Ltd",Köln,Germany,1504,Barry Jones
10191,2003-11-20,2003-11-24,S12_3990,1970 Plymouth Hemi Cuda,Classic Cars,31.92,70.22,30,Shipped,259,"Toms Spezialitäten, Ltd",Köln,Germany,1504,Barry Jones
10191,2003-11-20,2003-11-24,S18_3278,1969 Dodge Super Bee,Classic Cars,49.05,75.59,36,Shipped,259,"Toms Spezialitäten, Ltd",Köln,Germany,1504,Barry Jones
10191,2003-11-20,2003-11-24,S18_3482,1976 Ford Gran Torino,Classic Cars,73.49,119.06,23,Shipped,259,"Toms Spezialitäten, Ltd",Köln,Germany,1504,Barry Jones
10191,2003-11-20,2003-11-24,S18_3782,1957 Vespa GS150,Motorcycles,32.95,60.93,43,Shipped,259,"Toms Spezialitäten, Ltd",Köln,Germany,1504,Barry Jones
10191,2003-11-20,2003-11-24,S18_4721,1957 Corvette Convertible,Classic Cars,69.93,136.9,32,Shipped,259,"Toms Spezialitäten, Ltd",Köln,Germany,1504,Barry Jones
10191,2003-11-20,2003-11-24,S24_3371,1971 Alpine Renault 1600s,Classic Cars,38.58,53.27,48,Shipped,259,"Toms Spezialitäten, Ltd",Köln,Germany,1504,Barry Jones
10191,2003-11-20,2003-11-24,S24_4620,1961 Chevrolet Impala,Classic Cars,32.33,77.61,44,Shipped,259,"Toms Spezialitäten, Ltd",Köln,Germany,1504,Barry Jones
10192,2003-11-20,2003-11-25,S12_4675,1969 Dodge Charger,Classic Cars,58.73,99.04,27,Shipped,363,Online Diecast Creations Co.,Nashua,USA,1216,Steve Patterson
10192,2003-11-20,2003-11-25,S18_1129,1993 Mazda RX-7,Classic Cars,83.51,140.12,22,Shipped,363,Online Diecast Creations Co.,Nashua,USA,1216,Steve Patterson
10192,2003-11-20,2003-11-25,S18_1589,1965 Aston Martin DB5,Classic Cars,65.96,100.8,29,Shipped,363,Online Diecast Creations Co.,Nashua,USA,1216,Steve Patterson
10192,2003-11-20,2003-11-25,S18_1889,1948 Porsche 356-A Roadster,Classic Cars,53.9,70.84,45,Shipped,363,Online Diecast Creations Co.,Nashua,USA,1216,Steve Patterson
10192,2003-11-20,2003-11-25,S18_1984,1995 Honda Civic,Classic Cars,93.89,128.03,47,Shipped,363,Online Diecast Creations Co.,Nashua,USA,1216,Steve Patterson
10192,2003-11-20,2003-11-25,S18_2870,1999 Indy 500 Monte Carlo SS,Classic Cars,56.76,110.88,38,Shipped,363,Online Diecast Creations Co.,Nashua,USA,1216,Steve Patterson
10192,2003-11-20,2003-11-25,S18_3232,1992 Ferrari 360 Spider red,Classic Cars,77.9,137.17,26,Shipped,363,Online Diecast Creations Co.,Nashua,USA,1216,Steve Patterson
10192,2003-11-20,2003-11-25,S18_3685,1948 Porsche Type 356 Roadster,Classic Cars,62.16,125.74,45,Shipped,363,Online Diecast Creations Co.,Nashua,USA,1216,Steve Patterson
10192,2003-11-20,2003-11-25,S24_1046,1970 Chevy Chevelle SS 454,Classic Cars,49.24,72.02,37,Shipped,363,Online Diecast Creations Co.,Nashua,USA,1216,Steve Patterson
10192,2003-11-20,2003-11-25,S24_1628,1966 Shelby Cobra 427 S/C,Classic Cars,29.18,49.3,47,Shipped,363,Online Diecast Creations Co.,Nashua,USA,1216,Steve Patterson
10192,2003-11-20,2003-11-25,S24_2766,1949 Jaguar XK 120,Classic Cars,47.25,86.33,46,Shipped,363,Online Diecast Creations Co.,Nashua,USA,1216,Steve Patterson
10192,2003-11-20,2003-11-25,S24_2887,1952 Citroen-15CV,Classic Cars,72.82,112.74,23,Shipped,363,Online Diecast Creations Co.,Nashua,USA,1216,Steve Patterson
10192,2003-11-20,2003-11-25,S24_2972,1982 Lamborghini Diablo,Classic Cars,16.24,33.23,30,Shipped,363,Online Diecast Creations Co.,Nashua,USA,1216,Steve Patterson
10192,2003-11-20,2003-11-25,S24_3191,1969 Chevrolet Camaro Z28,Classic Cars,50.51,69.34,32,Shipped,363,Online Diecast Creations Co.,Nashua,USA,1216,Steve Patterson
10192,2003-11-20,2003-11-25,S24_3432,2002 Chevy Corvette,Classic Cars,62.11,93.16,46,Shipped,363,Online Diecast Creations Co.,Nashua,USA,1216,Steve Patterson
10192,2003-11-20,2003-11-25,S24_3856,1956 Porsche 356A Coupe,Classic Cars,98.3,112.34,45,Shipped,363,Online Diecast Creations Co.,Nashua,USA,1216,Steve Patterson
10193,2003-11-21,2003-11-27,S18_1342,1937 Lincoln Berline,Vintage Cars,60.62,92.47,28,Shipped,471,"Australian Collectables, Ltd",Glen Waverly,Australia,1611,Andy Fixter
10193,2003-11-21,2003-11-27,S18_1367,1936 Mercedes-Benz 500K Special Roadster,Vintage Cars,24.26,46.36,46,Shipped,471,"Australian Collectables, Ltd",Glen Waverly,Australia,1611,Andy Fixter
10193,2003-11-21,2003-11-27,S18_1749,1917 Grand Touring Sedan,Vintage Cars,86.7,153.0,21,Shipped,471,"Australian Collectables, Ltd",Glen Waverly,Australia,1611,Andy Fixter
10193,2003-11-21,2003-11-27,S18_2248,1911 Ford Town Car,Vintage Cars,33.3,60.54,42,Shipped,471,"Australian Collectables, Ltd",Glen Waverly,Australia,1611,Andy Fixter
10193,2003-11-21,2003-11-27,S18_2325,1932 Model A Ford J-Coupe,Vintage Cars,58.48,115.69,44,Shipped,471,"Australian Collectables, Ltd",Glen Waverly,Australia,1611,Andy Fixter
10193,2003-11-21,2003-11-27,S18_2795,1928 Mercedes-Benz SSK,Vintage Cars,72.56,143.44,22,Shipped,471,"Australian Collectables, Ltd",Glen Waverly,Australia,1611,Andy Fixter
10193,2003-11-21,2003-11-27,S18_2949,1913 Ford Model T Speedster,Vintage Cars,60.78,87.13,28,Shipped,471,"Australian Collectables, Ltd",Glen Waverly,Australia,1611,Andy Fixter
10193,2003-11-21,2003-11-27,S18_2957,1934 Ford V8 Coupe,Vintage Cars,34.35,53.09,24,Shipped,471,"Australian Collectables, Ltd",Glen Waverly,Australia,1611,Andy Fixter
10193,2003-11-21,2003-11-27,S18_3136,18th Century Vintage Horse Carriage,Vintage Cars,60.74,97.39,23,Shipped,471,"Australian Collectables, Ltd",Glen Waverly,Australia,1611,Andy Fixter
10193,2003-11-21,2003-11-27,S18_3320,1917 Maxwell Touring Car,Vintage Cars,57.54,79.37,32,Shipped,471,"Australian Collectables, Ltd",Glen Waverly,Australia,1611,Andy Fixter
10193,2003-11-21,2003-11-27,S18_4409,1932 Alfa Romeo 8C2300 Spider Sport,Vintage Cars,43.26,92.03,24,Shipped,471,"Australian Collectables, Ltd",Glen Waverly,Australia,1611,Andy Fixter
10193,2003-11-21,2003-11-27,S18_4933,1957 Ford Thunderbird,Classic Cars,34.21,66.28,25,Shipped,471,"Australian Collectables, Ltd",Glen Waverly,Australia,1611,Andy Fixter
10193,2003-11-21,2003-11-27,S24_1937,1939 Chevrolet Deluxe Coupe,Vintage Cars,22.57,32.19,26,Shipped,471,"Australian Collectables, Ltd",Glen Waverly,Australia,1611,Andy Fixter
10193,2003-11-21,2003-11-27,S24_2022,1938 Cadillac V-16 Presidential Limousine,Vintage Cars,20.61,44.8,20,Shipped,471,"Australian Collectables, Ltd",Glen Waverly,Australia,1611,Andy Fixter
10193,2003-11-21,2003-11-27,S24_3969,1936 Mercedes Benz 500k Roadster,Vintage Cars,21.75,38.16,22,Shipped,471,"Australian Collectables, Ltd",Glen Waverly,Australia,1611,Andy Fixter
10193,2003-11-21,2003-11-27,S24_4258,1936 Chrysler Airflow,Vintage Cars,57.46,92.52,20,Shipped,471,"Australian Collectables, Ltd",Glen Waverly,Australia,1611,Andy Fixter
10194,2003-11-25,2003-11-26,S10_1949,1952 Alpine Renault 1300,Classic Cars,98.58,203.59,42,Shipped,146,"Saveley & Henriot, Co.",Lyon,France,1337,Loui Bondur
10194,2003-11-25,2003-11-26,S10_4962,1962 LanciaA Delta 16V,Classic Cars,103.42,134.44,26,Shipped,146,"Saveley & Henriot, Co.",Lyon,France,1337,Loui Bondur
10194,2003-11-25,2003-11-26,S12_1666,1958 Setra Bus,Trucks and Buses,77.9,124.37,38,Shipped,146,"Saveley & Henriot, Co.",Lyon,France,1337,Loui Bondur
10194,2003-11-25,2003-11-26,S18_1097,1940 Ford Pickup Truck,Trucks and Buses,58.33,103.84,21,Shipped,146,"Saveley & Henriot, Co.",Lyon,France,1337,Loui Bondur
10194,2003-11-25,2003-11-26,S18_2432,1926 Ford Fire Engine,Trucks and Buses,24.92,51.05,45,Shipped,146,"Saveley & Henriot, Co.",Lyon,France,1337,Loui Bondur
10194,2003-11-25,2003-11-26,S18_4600,1940s Ford truck,Trucks and Buses,84.76,113.82,32,Shipped,146,"Saveley & Henriot, Co.",Lyon,France,1337,Loui Bondur
10194,2003-11-25,2003-11-26,S18_4668,1939 Cadillac Limousine,Vintage Cars,23.14,47.79,41,Shipped,146,"Saveley & Henriot, Co.",Lyon,France,1337,Loui Bondur
10194,2003-11-25,2003-11-26,S24_2300,1962 Volkswagen Microbus,Trucks and Buses,61.34,112.46,49,Shipped,146,"Saveley & Henriot, Co.",Lyon,France,1337,Loui Bondur
10194,2003-11-25,2003-11-26,S32_1268,1980’s GM Manhattan Express,Trucks and Buses,53.93,77.05,37,Shipped,146,"Saveley & Henriot, Co.",Lyon,France,1337,Loui Bondur
10194,2003-11-25,2003-11-26,S32_3522,1996 Peterbilt 379 Stake Bed with Outrigger,Trucks and Buses,33.61,61.41,39,Shipped,146,"Saveley & Henriot, Co.",Lyon,France,1337,Loui Bondur
10194,2003-11-25,2003-11-26,S700_2824,1982 Camaro Z28,Classic Cars,46.53,80.92,26,Shipped,146,"Saveley & Henriot, Co.",Lyon,France,1337,Loui Bondur
10195,2003-11-25,2003-11-28,S12_4473,1957 Chevy Pickup,Trucks and Buses,55.7,118.5,49,Shipped,319,Mini Classics,White Plains,USA,1323,George Vanauf
10195,2003-11-25,2003-11-28,S18_2238,1998 Chrysler Plymouth Prowler,Classic Cars,101.51,139.17,27,Shipped,319,Mini Classics,White Plains,USA,1323,George Vanauf
10195,2003-11-25,2003-11-28,S18_2319,1964 Mercedes Tour Bus,Trucks and Buses,74.86,112.91,35,Shipped,319,Mini Classics,White Plains,USA,1323,George Vanauf
10195,2003-11-25,2003-11-28,S18_3232,1992 Ferrari 360 Spider red,Classic Cars,77.9,150.71,50,Shipped,319,Mini Classics,White Plains,USA,1323,George Vanauf
10195,2003-11-25,2003-11-28,S24_1444,1970 Dodge Coronet,Classic Cars,32.37,54.33,44,Shipped,319,Mini Classics,White Plains,USA,1323,George Vanauf
10195,2003-11-25,2003-11-28,S24_2840,1958 Chevy Corvette Limited Edition,Classic Cars,15.91,31.82,32,Shipped,319,Mini Classics,White Plains,USA,1323,George Vanauf
10195,2003-11-25,2003-11-28,S24_4048,1992 Porsche Cayenne Turbo Silver,Classic Cars,69.78,95.81,34,Shipped,319,Mini Classics,White Plains,USA,1323,George Vanauf
10195,2003-11-25,2003-11-28,S32_2509,1954 Greyhound Scenicruiser,Trucks and Buses,25.98,51.95,32,Shipped,319,Mini Classics,White Plains,USA,1323,George Vanauf
10195,2003-11-25,2003-11-28,S32_3207,1950's Chicago Surface Lines Streetcar,Trains,26.72,59.03,33,Shipped,319,Mini Classics,White Plains,USA,1323,George Vanauf
10195,2003-11-25,2003-11-28,S50_1392,Diamond T620 Semi-Skirted Tanker,Trucks and Buses,68.29,97.23,49,Shipped,319,Mini Classics,White Plains,USA,1323,George Vanauf
10196,2003-11-26,2003-12-01,S12_1108,2001 Ferrari Enzo,Classic Cars,95.59,203.64,47,Shipped,455,Super Scale Inc.,New Haven,USA,1286,Foon Yue Tseng
10196,2003-11-26,2003-12-01,S12_3148,1969 Corvair Monza,Classic Cars,89.14,151.08,24,Shipped,455,Super Scale Inc.,New Haven,USA,1286,Foon Yue Tseng
10196,2003-11-26,2003-12-01,S12_3891,1969 Ford Falcon,Classic Cars,83.05,147.07,38,Shipped,455,Super Scale Inc.,New Haven,USA,1286,Foon Yue Tseng
10196,2003-11-26,2003-12-01,S18_3140,1903 Ford Model A,Vintage Cars,68.3,127.03,49,Shipped,455,Super Scale Inc.,New Haven,USA,1286,Foon Yue Tseng
10196,2003-11-26,2003-12-01,S18_3259,Collectable Wooden Train,Trains,67.56,81.68,35,Shipped,455,Super Scale Inc.,New Haven,USA,1286,Foon Yue Tseng
10196,2003-11-26,2003-12-01,S18_4027,1970 Triumph Spitfire,Classic Cars,91.92,126.39,27,Shipped,455,Super Scale Inc.,New Haven,USA,1286,Foon Yue Tseng
10196,2003-11-26,2003-12-01,S50_1514,1962 City of Detroit Streetcar,Trains,37.49,56.82,46,Shipped,455,Super Scale Inc.,New Haven,USA,1286,Foon Yue Tseng
10196,2003-11-26,2003-12-01,S700_1938,The Mayflower,Ships,43.3,84.88,50,Shipped,455,Super Scale Inc.,New Haven,USA,1286,Foon Yue Tseng
10197,2003-11-26,2003-12-01,S10_4757,1972 Alfa Romeo GTA,Classic Cars,85.68,118.32,45,Shipped,216,Enaco Distributors,Barcelona,Spain,1702,Martin Gerard
10197,2003-11-26,2003-12-01,S18_3029,1999 Yamaha Speed Boat,Ships,51.61,83.44,46,Shipped,216,Enaco Distributors,Barcelona,Spain,1702,Martin Gerard
10197,2003-11-26,2003-12-01,S18_3856,1941 Chevrolet Special Deluxe Cabriolet,Vintage Cars,64.58,85.75,22,Shipped,216,Enaco Distributors,Barcelona,Spain,1702,Martin Gerard
10197,2003-11-26,2003-12-01,S18_4522,1904 Buick Runabout,Vintage Cars,52.66,78.99,50,Shipped,216,Enaco Distributors,Barcelona,Spain,1702,Martin Gerard
10197,2003-11-26,2003-12-01,S24_2011,18th century schooner,Ships,82.34,109.37,41,Shipped,216,Enaco Distributors,Barcelona,Spain,1702,Martin Gerard
10197,2003-11-26,2003-12-01,S24_3151,1912 Ford Model T Delivery Wagon,Vintage Cars,46.91,83.2,47,Shipped,216,Enaco Distributors,Barcelona,Spain,1702,Martin Gerard
10197,2003-11-26,2003-12-01,S24_3816,1940 Ford Delivery Sedan,Vintage Cars,48.64,67.93,22,Shipped,216,Enaco Distributors,Barcelona,Spain,1702,Martin Gerard
10197,2003-11-26,2003-12-01,S700_1138,The Schooner Bluenose,Ships,34.0,60.0,23,Shipped,216,Enaco Distributors,Barcelona,Spain,1702,Martin Gerard
10197,2003-11-26,2003-12-01,S700_2047,HMS Bounty,Ships,39.83,78.75,24,Shipped,216,Enaco Distributors,Barcelona,Spain,1702,Martin Gerard
10197,2003-11-26,2003-12-01,S700_2610,The USS Constitution Ship,Ships,33.97,66.5,50,Shipped,216,Enaco Distributors,Barcelona,Spain,1702,Martin Gerard
10197,2003-11-26,2003-12-01,S700_3505,The Titanic,Ships,51.09,100.17,27,Shipped,216,Enaco Distributors,Barcelona,Spain,1702,Martin Gerard
10197,2003-11-26,2003-12-01,S700_3962,The Queen Mary,Ships,53.63,88.39,35,Shipped,216,Enaco Distributors,Barcelona,Spain,1702,Martin Gerard
10197,2003-11-26,2003-12-01,S72_1253,Boeing X-32A JSF,Planes,32.77,39.73,29,Shipped,216,Enaco Distributors,Barcelona,Spain,1702,Martin Gerard
10197,2003-11-26,2003-12-01,S72_3212,Pont Yacht,Ships,33.3,48.59,42,Shipped,216,Enaco Distributors,Barcelona,Spain,1702,Martin Gerard
10198,2003-11-27,2003-12-03,S18_1662,1980s Black Hawk Helicopter,Planes,77.27,149.81,42,Shipped,385,Cruz & Sons Co.,Makati City,Philippines,1621,Mami Nishi
10198,2003-11-27,2003-12-03,S24_2841,1900s Vintage Bi-Plane,Planes,34.25,60.97,48,Shipped,385,Cruz & Sons Co.,Makati City,Philippines,1621,Mami Nishi
10198,2003-11-27,2003-12-03,S24_3420,1937 Horch 930V Limousine,Vintage Cars,26.3,61.81,27,Shipped,385,Cruz & Sons Co.,Makati City,Philippines,1621,Mami Nishi
10198,2003-11-27,2003-12-03,S24_3949,Corsair F4U ( Bird Cage),Planes,29.34,65.51,43,Shipped,385,Cruz & Sons Co.,Makati City,Philippines,1621,Mami Nishi
10198,2003-11-27,2003-12-03,S700_2466,America West Airlines B757-200,Planes,68.8,94.73,42,Shipped,385,Cruz & Sons Co.,Makati City,Philippines,1621,Mami Nishi
10198,2003-11-27,2003-12-03,S700_4002,American Airlines: MD-11S,Planes,36.27,74.03,40,Shipped,385,Cruz & Sons Co.,Makati City,Philippines,1621,Mami Nishi
10199,2003-12-01,2003-12-06,S50_1341,1930 Buick Marquette Phaeton,Vintage Cars,27.06,37.97,29,Shipped,475,West Coast Collectables Co.,Burbank,USA,1166,Leslie Thompson
10199,2003-12-01,2003-12-06,S700_1691,American Airlines: B767-300,Planes,51.15,81.29,48,Shipped,475,West Coast Collectables Co.,Burbank,USA,1166,Leslie Thompson
10199,2003-12-01,2003-12-06,S700_3167,F/A 18 Hornet 1/72,Planes,54.4,70.4,38,Shipped,475,West Coast Collectables Co.,Burbank,USA,1166,Leslie Thompson
10200,2003-12-01,2003-12-06,S18_2581,P-51-D Mustang,Planes,49.0,74.34,28,Shipped,211,"King Kong Collectables, Co.",Central Hong Kong,Hong Kong,1621,Mami Nishi
10200,2003-12-01,2003-12-06,S24_1785,1928 British Royal Navy Airplane,Planes,66.74,99.57,33,Shipped,211,"King Kong Collectables, Co.",Central Hong Kong,Hong Kong,1621,Mami Nishi
10200,2003-12-01,2003-12-06,S24_4278,1900s Vintage Tri-Plane,Planes,36.23,70.28,39,Shipped,211,"King Kong Collectables, Co.",Central Hong Kong,Hong Kong,1621,Mami Nishi
10200,2003-12-01,2003-12-06,S32_1374,1997 BMW F650 ST,Motorcycles,66.92,80.91,35,Shipped,211,"King Kong Collectables, Co.",Central Hong Kong,Hong Kong,1621,Mami Nishi
10200,2003-12-01,2003-12-06,S32_4289,1928 Ford Phaeton Deluxe,Vintage Cars,33.02,65.35,27,Shipped,211,"King Kong Collectables, Co.",Central Hong Kong,Hong Kong,1621,Mami Nishi
10200,2003-12-01,2003-12-06,S700_2834,ATA: B757-300,Planes,59.33,115.09,39,Shipped,211,"King Kong Collectables, Co.",Central Hong Kong,Hong Kong,1621,Mami Nishi
10201,2003-12-01,2003-12-02,S10_1678,1969 Harley Davidson Ultimate Chopper,Motorcycles,48.81,82.3,22,Shipped,129,Mini Wheels Co.,San Francisco,USA,1165,Leslie Jennings
10201,2003-12-01,2003-12-02,S10_2016,1996 Moto Guzzi 1100i,Motorcycles,68.99,116.56,24,Shipped,129,Mini Wheels Co.,San Francisco,USA,1165,Leslie Jennings
10201,2003-12-01,2003-12-02,S10_4698,2003 Harley-Davidson Eagle Drag Bike,Motorcycles,91.02,191.72,49,Shipped,129,Mini Wheels Co.,San Francisco,USA,1165,Leslie Jennings
10201,2003-12-01,2003-12-02,S12_2823,2002 Suzuki XREO,Motorcycles,66.27,126.52,25,Shipped,129,Mini Wheels Co.,San Francisco,USA,1165,Leslie Jennings
10201,2003-12-01,2003-12-02,S18_2625,1936 Harley Davidson El Knucklehead,Motorcycles,24.23,48.46,30,Shipped,129,Mini Wheels Co.,San Francisco,USA,1165,Leslie Jennings
10201,2003-12-01,2003-12-02,S24_1578,1997 BMW R 1100 S,Motorcycles,60.86,93.54,39,Shipped,129,Mini Wheels Co.,San Francisco,USA,1165,Leslie Jennings
10201,2003-12-01,2003-12-02,S24_2000,1960 BSA Gold Star DBD34,Motorcycles,37.32,66.27,25,Shipped,129,Mini Wheels Co.,San Francisco,USA,1165,Leslie Jennings
10202,2003-12-02,2003-12-06,S18_3782,1957 Vespa GS150,Motorcycles,32.95,55.33,30,Shipped,357,GiftsForHim.com,Auckland,New Zealand,1612,Peter Marsh
10202,2003-12-02,2003-12-06,S18_4721,1957 Corvette Convertible,Classic Cars,69.93,124.99,43,Shipped,357,GiftsForHim.com,Auckland,New Zealand,1612,Peter Marsh
10202,2003-12-02,2003-12-06,S24_2360,1982 Ducati 900 Monster,Motorcycles,47.1,56.1,50,Shipped,357,GiftsForHim.com,Auckland,New Zealand,1612,Peter Marsh
10202,2003-12-02,2003-12-06,S24_4620,1961 Chevrolet Impala,Classic Cars,32.33,75.18,50,Shipped,357,GiftsForHim.com,Auckland,New Zealand,1612,Peter Marsh
10202,2003-12-02,2003-12-06,S32_2206,1982 Ducati 996 R,Motorcycles,24.14,33.39,27,Shipped,357,GiftsForHim.com,Auckland,New Zealand,1612,Peter Marsh
10202,2003-12-02,2003-12-06,S32_4485,1974 Ducati 350 Mk3 Desmo,Motorcycles,56.13,81.64,31,Shipped,357,GiftsForHim.com,Auckland,New Zealand,1612,Peter Marsh
10202,2003-12-02,2003-12-06,S50_4713,2002 Yamaha YZR M1,Motorcycles,34.17,79.73,40,Shipped,357,GiftsForHim.com,Auckland,New Zealand,1612,Peter Marsh
10203,2003-12-02,2003-12-07,S12_1099,1968 Ford Mustang,Classic Cars,95.34,161.49,20,Shipped,141,Euro+ Shopping Channel,Madrid,Spain,1370,Gerard Hernandez
10203,2003-12-02,2003-12-07,S12_3380,1968 Dodge Charger,Classic Cars,75.16,111.57,20,Shipped,141,Euro+ Shopping Channel,Madrid,Spain,1370,Gerard Hernandez
10203,2003-12-02,2003-12-07,S12_3990,1970 Plymouth Hemi Cuda,Classic Cars,31.92,63.84,44,Shipped,141,Euro+ Shopping Channel,Madrid,Spain,1370,Gerard Hernandez
10203,2003-12-02,2003-12-07,S12_4675,1969 Dodge Charger,Classic Cars,58.73,115.16,47,Shipped,141,Euro+ Shopping Channel,Madrid,Spain,1370,Gerard Hernandez
10203,2003-12-02,2003-12-07,S18_1889,1948 Porsche 356-A Roadster,Classic Cars,53.9,73.15,45,Shipped,141,Euro+ Shopping Channel,Madrid,Spain,1370,Gerard Hernandez
10203,2003-12-02,2003-12-07,S18_3232,1992 Ferrari 360 Spider red,Classic Cars,77.9,157.49,48,Shipped,141,Euro+ Shopping Channel,Madrid,Spain,1370,Gerard Hernandez
10203,2003-12-02,2003-12-07,S18_3278,1969 Dodge Super Bee,Classic Cars,49.05,66.74,33,Shipped,141,Euro+ Shopping Channel,Madrid,Spain,1370,Gerard Hernandez
10203,2003-12-02,2003-12-07,S18_3482,1976 Ford Gran Torino,Classic Cars,73.49,127.88,32,Shipped,141,Euro+ Shopping Channel,Madrid,Spain,1370,Gerard Hernandez
10203,2003-12-02,2003-12-07,S24_2972,1982 Lamborghini Diablo,Classic Cars,16.24,33.23,21,Shipped,141,Euro+ Shopping Channel,Madrid,Spain,1370,Gerard Hernandez
10203,2003-12-02,2003-12-07,S24_3371,1971 Alpine Renault 1600s,Classic Cars,38.58,56.94,34,Shipped,141,Euro+ Shopping Channel,Madrid,Spain,1370,Gerard Hernandez
10203,2003-12-02,2003-12-07,S24_3856,1956 Porsche 356A Coupe,Classic Cars,98.3,140.43,47,Shipped,141,Euro+ Shopping Channel,Madrid,Spain,1370,Gerard Hernandez
10204,2003-12-02,2003-12-04,S18_1129,1993 Mazda RX-7,Classic Cars,83.51,114.65,42,Shipped,151,Muscle Machine Inc,NYC,USA,1286,Foon Yue Tseng
10204,2003-12-02,2003-12-04,S18_1589,1965 Aston Martin DB5,Classic Cars,65.96,113.24,40,Shipped,151,Muscle Machine Inc,NYC,USA,1286,Foon Yue Tseng
10204,2003-12-02,2003-12-04,S18_1749,1917 Grand Touring Sedan,Vintage Cars,86.7,153.0,33,Shipped,151,Muscle Machine Inc,NYC,USA,1286,Foon Yue Tseng
10204,2003-12-02,2003-12-04,S18_1984,1995 Honda Civic,Classic Cars,93.89,133.72,38,Shipped,151,Muscle Machine Inc,NYC,USA,1286,Foon Yue Tseng
10204,2003-12-02,2003-12-04,S18_2248,1911 Ford Town Car,Vintage Cars,33.3,59.33,23,Shipped,151,Muscle Machine Inc,NYC,USA,1286,Foon Yue Tseng
10204,2003-12-02,2003-12-04,S18_2325,1932 Model A Ford J-Coupe,Vintage Cars,58.48,119.5,26,Shipped,151,Muscle Machine Inc,NYC,USA,1286,Foon Yue Tseng
10204,2003-12-02,2003-12-04,S18_2870,1999 Indy 500 Monte Carlo SS,Classic Cars,56.76,106.92,27,Shipped,151,Muscle Machine Inc,NYC,USA,1286,Foon Yue Tseng
10204,2003-12-02,2003-12-04,S18_3685,1948 Porsche Type 356 Roadster,Classic Cars,62.16,132.8,35,Shipped,151,Muscle Machine Inc,NYC,USA,1286,Foon Yue Tseng
10204,2003-12-02,2003-12-04,S18_4409,1932 Alfa Romeo 8C2300 Spider Sport,Vintage Cars,43.26,83.75,29,Shipped,151,Muscle Machine Inc,NYC,USA,1286,Foon Yue Tseng
10204,2003-12-02,2003-12-04,S18_4933,1957 Ford Thunderbird,Classic Cars,34.21,69.84,45,Shipped,151,Muscle Machine Inc,NYC,USA,1286,Foon Yue Tseng
10204,2003-12-02,2003-12-04,S24_1046,1970 Chevy Chevelle SS 454,Classic Cars,49.24,69.82,20,Shipped,151,Muscle Machine Inc,NYC,USA,1286,Foon Yue Tseng
10204,2003-12-02,2003-12-04,S24_1628,1966 Shelby Cobra 427 S/C,Classic Cars,29.18,46.79,45,Shipped,151,Muscle Machine Inc,NYC,USA,1286,Foon Yue Tseng
10204,2003-12-02,2003-12-04,S24_2766,1949 Jaguar XK 120,Classic Cars,47.25,79.06,47,Shipped,151,Muscle Machine Inc,NYC,USA,1286,Foon Yue Tseng
10204,2003-12-02,2003-12-04,S24_2887,1952 Citroen-15CV,Classic Cars,72.82,112.74,42,Shipped,151,Muscle Machine Inc,NYC,USA,1286,Foon Yue Tseng
10204,2003-12-02,2003-12-04,S24_3191,1969 Chevrolet Camaro Z28,Classic Cars,50.51,84.75,40,Shipped,151,Muscle Machine Inc,NYC,USA,1286,Foon Yue Tseng
10204,2003-12-02,2003-12-04,S24_3432,2002 Chevy Corvette,Classic Cars,62.11,104.94,48,Shipped,151,Muscle Machine Inc,NYC,USA,1286,Foon Yue Tseng
10204,2003-12-02,2003-12-04,S24_3969,1936 Mercedes Benz 500k Roadster,Vintage Cars,21.75,34.88,39,Shipped,151,Muscle Machine Inc,NYC,USA,1286,Foon Yue Tseng
10205,2003-12-03,2003-12-07,S18_1342,1937 Lincoln Berline,Vintage Cars,60.62,98.63,36,Shipped,141,Euro+ Shopping Channel,Madrid,Spain,1370,Gerard Hernandez
10205,2003-12-03,2003-12-07,S18_1367,1936 Mercedes-Benz 500K Special Roadster,Vintage Cars,24.26,45.82,48,Shipped,141,Euro+ Shopping Channel,Madrid,Spain,1370,Gerard Hernandez
10205,2003-12-03,2003-12-07,S18_2795,1928 Mercedes-Benz SSK,Vintage Cars,72.56,138.38,40,Shipped,141,Euro+ Shopping Channel,Madrid,Spain,1370,Gerard Hernandez
10205,2003-12-03,2003-12-07,S24_1937,1939 Chevrolet Deluxe Coupe,Vintage Cars,22.57,27.88,32,Shipped,141,Euro+ Shopping Channel,Madrid,Spain,1370,Gerard Hernandez
10205,2003-12-03,2003-12-07,S24_2022,1938 Cadillac V-16 Presidential Limousine,Vintage Cars,20.61,36.74,24,Shipped,141,Euro+ Shopping Channel,Madrid,Spain,1370,Gerard Hernandez
10206,2003-12-05,2003-12-08,S10_1949,1952 Alpine Renault 1300,Classic Cars,98.58,203.59,47,Shipped,202,Canadian Gift Exchange Network,Vancouver,Canada,1323,George Vanauf
10206,2003-12-05,2003-12-08,S12_1666,1958 Setra Bus,Trucks and Buses,77.9,109.34,28,Shipped,202,Canadian Gift Exchange Network,Vancouver,Canada,1323,George Vanauf
10206,2003-12-05,2003-12-08,S18_1097,1940 Ford Pickup Truck,Trucks and Buses,58.33,115.5,34,Shipped,202,Canadian Gift Exchange Network,Vancouver,Canada,1323,George Vanauf
10206,2003-12-05,2003-12-08,S18_2949,1913 Ford Model T Speedster,Vintage Cars,60.78,98.27,37,Shipped,202,Canadian Gift Exchange Network,Vancouver,Canada,1323,George Vanauf
10206,2003-12-05,2003-12-08,S18_2957,1934 Ford V8 Coupe,Vintage Cars,34.35,51.84,28,Shipped,202,Canadian Gift Exchange Network,Vancouver,Canada,1323,George Vanauf
10206,2003-12-05,2003-12-08,S18_3136,18th Century Vintage Horse Carriage,Vintage Cars,60.74,102.63,30,Shipped,202,Canadian Gift Exchange Network,Vancouver,Canada,1323,George Vanauf
10206,2003-12-05,2003-12-08,S18_3320,1917 Maxwell Touring Car,Vintage Cars,57.54,99.21,28,Shipped,202,Canadian Gift Exchange Network,Vancouver,Canada,1323,George Vanauf
10206,2003-12-05,2003-12-08,S18_4668,1939 Cadillac Limousine,Vintage Cars,23.14,45.78,21,Shipped,202,Canadian Gift Exchange Network,Vancouver,Canada,1323,George Vanauf
10206,2003-12-05,2003-12-08,S24_4258,1936 Chrysler Airflow,Vintage Cars,57.46,95.44,33,Shipped,202,Canadian Gift Exchange Network,Vancouver,Canada,1323,George Vanauf
10206,2003-12-05,2003-12-08,S32_3522,1996 Peterbilt 379 Stake Bed with Outrigger,Trucks and Buses,33.61,54.94,36,Shipped,202,Canadian Gift Exchange Network,Vancouver,Canada,1323,George Vanauf
10206,2003-12-05,2003-12-08,S700_2824,1982 Camaro Z28,Classic Cars,46.53,89.01,33,Shipped,202,Canadian Gift Exchange Network,Vancouver,Canada,1323,George Vanauf
10207,2003-12-09,2003-12-11,S10_4962,1962 LanciaA Delta 16V,Classic Cars,103.42,125.58,31,Shipped,495,Diecast Collectables,Boston,USA,1188,Julie Firrelli
10207,2003-12-09,2003-12-11,S12_4473,1957 Chevy Pickup,Trucks and Buses,55.7,95.99,34,Shipped,495,Diecast Collectables,Boston,USA,1188,Julie Firrelli
10207,2003-12-09,2003-12-11,S18_2238,1998 Chrysler Plymouth Prowler,Classic Cars,101.51,140.81,44,Shipped,495,Diecast Collectables,Boston,USA,1188,Julie Firrelli
10207,2003-12-09,2003-12-11,S18_2319,1964 Mercedes Tour Bus,Trucks and Buses,74.86,109.23,43,Shipped,495,Diecast Collectables,Boston,USA,1188,Julie Firrelli
10207,2003-12-09,2003-12-11,S18_2432,1926 Ford Fire Engine,Trucks and Buses,24.92,60.77,37,Shipped,495,Diecast Collectables,Boston,USA,1188,Julie Firrelli
10207,2003-12-09,2003-12-11,S18_3232,1992 Ferrari 360 Spider red,Classic Cars,77.9,140.55,25,Shipped,495,Diecast Collectables,Boston,USA,1188,Julie Firrelli
10207,2003-12-09,2003-12-11,S18_4027,1970 Triumph Spitfire,Classic Cars,91.92,143.62,40,Shipped,495,Diecast Collectables,Boston,USA,1188,Julie Firrelli
10207,2003-12-09,2003-12-11,S18_4600,1940s Ford truck,Trucks and Buses,84.76,119.87,47,Shipped,495,Diecast Collectables,Boston,USA,1188,Julie Firrelli
10207,2003-12-09,2003-12-11,S24_1444,1970 Dodge Coronet,Classic Cars,32.37,57.8,49,Shipped,495,Diecast Collectables,Boston,USA,1188,Julie Firrelli
10207,2003-12-09,2003-12-11,S24_2300,1962 Volkswagen Microbus,Trucks and Buses,61.34,127.79,46,Shipped,495,Diecast Collectables,Boston,USA,1188,Julie Firrelli
10207,2003-12-09,2003-12-11,S24_2840,1958 Chevy Corvette Limited Edition,Classic Cars,15.91,30.76,42,Shipped,495,Diecast Collectables,Boston,USA,1188,Julie Firrelli
10207,2003-12-09,2003-12-11,S24_4048,1992 Porsche Cayenne Turbo Silver,Classic Cars,69.78,108.82,28,Shipped,495,Diecast Collectables,Boston,USA,1188,Julie Firrelli
10207,2003-12-09,2003-12-11,S32_1268,1980’s GM Manhattan Express,Trucks and Buses,53.93,84.75,49,Shipped,495,Diecast Collectables,Boston,USA,1188,Julie Firrelli
10207,2003-12-09,2003-12-11,S32_2509,1954 Greyhound Scenicruiser,Trucks and Buses,25.98,51.95,27,Shipped,495,Diecast Collectables,Boston,USA,1188,Julie Firrelli
10207,2003-12-09,2003-12-11,S32_3207,1950's Chicago Surface Lines Streetcar,Trains,26.72,55.3,45,Shipped,495,Diecast Collectables,Boston,USA,1188,Julie Firrelli
10207,2003-12-09,2003-12-11,S50_1392,Diamond T620 Semi-Skirted Tanker,Trucks and Buses,68.29,106.49,28,Shipped,495,Diecast Collectables,Boston,USA,1188,Julie Firrelli
10208,2004-01-02,2004-01-04,S12_1108,2001 Ferrari Enzo,Classic Cars,95.59,176.63,46,Shipped,146,"Saveley & Henriot, Co.",Lyon,France,1337,Loui Bondur
10208,2004-01-02,2004-01-04,S12_3148,1969 Corvair Monza,Classic Cars,89.14,128.42,26,Shipped,146,"Saveley & Henriot, Co.",Lyon,France,1337,Loui Bondur
10208,2004-01-02,2004-01-04,S12_3891,1969 Ford Falcon,Classic Cars,83.05,152.26,20,Shipped,146,"Saveley & Henriot, Co.",Lyon,France,1337,Loui Bondur
10208,2004-01-02,2004-01-04,S18_3140,1903 Ford Model A,Vintage Cars,68.3,117.47,24,Shipped,146,"Saveley & Henriot, Co.",Lyon,France,1337,Loui Bondur
10208,2004-01-02,2004-01-04,S18_3259,Collectable Wooden Train,Trains,67.56,96.81,48,Shipped,146,"Saveley & Henriot, Co.",Lyon,France,1337,Loui Bondur
10208,2004-01-02,2004-01-04,S18_4522,1904 Buick Runabout,Vintage Cars,52.66,72.85,45,Shipped,146,"Saveley & Henriot, Co.",Lyon,France,1337,Loui Bondur
10208,2004-01-02,2004-01-04,S24_2011,18th century schooner,Ships,82.34,122.89,35,Shipped,146,"Saveley & Henriot, Co.",Lyon,France,1337,Loui Bondur
10208,2004-01-02,2004-01-04,S24_3151,1912 Ford Model T Delivery Wagon,Vintage Cars,46.91,80.54,20,Shipped,146,"Saveley & Henriot, Co.",Lyon,France,1337,Loui Bondur
10208,2004-01-02,2004-01-04,S50_1514,1962 City of Detroit Streetcar,Trains,37.49,57.99,30,Shipped,146,"Saveley & Henriot, Co.",Lyon,France,1337,Loui Bondur
10208,2004-01-02,2004-01-04,S700_1138,The Schooner Bluenose,Ships,34.0,56.67,38,Shipped,146,"Saveley & Henriot, Co.",Lyon,France,1337,Loui Bondur
10208,2004-01-02,2004-01-04,S700_1938,The Mayflower,Ships,43.3,73.62,40,Shipped,146,"Saveley & Henriot, Co.",Lyon,France,1337,Loui Bondur
10208,2004-01-02,2004-01-04,S700_2610,The USS Constitution Ship,Ships,33.97,63.61,46,Shipped,146,"Saveley & Henriot, Co.",Lyon,France,1337,Loui Bondur
10208,2004-01-02,2004-01-04,S700_3505,The Titanic,Ships,51.09,95.16,37,Shipped,146,"Saveley & Henriot, Co.",Lyon,France,1337,Loui Bondur
10208,2004-01-02,2004-01-04,S700_3962,The Queen Mary,Ships,53.63,95.34,33,Shipped,146,"Saveley & Henriot, Co.",Lyon,France,1337,Loui Bondur
10208,2004-01-02,2004-01-04,S72_3212,Pont Yacht,Ships,33.3,48.05,42,Shipped,146,"Saveley & Henriot, Co.",Lyon,France,1337,Loui Bondur
10209,2004-01-09,2004-01-12,S10_4757,1972 Alfa Romeo GTA,Classic Cars,85.68,129.2,39,Shipped,347,"Men 'R' US Retailers, Ltd.",Los Angeles,USA,1166,Leslie Thompson
10209,2004-01-09,2004-01-12,S18_3029,1999 Yamaha Speed Boat,Ships,51.61,82.58,28,Shipped,347,"Men 'R' US Retailers, Ltd.",Los Angeles,USA,1166,Leslie Thompson
10209,2004-01-09,2004-01-12,S18_3856,1941 Chevrolet Special Deluxe Cabriolet,Vintage Cars,64.58,97.4,20,Shipped,347,"Men 'R' US Retailers, Ltd.",Los Angeles,USA,1166,Leslie Thompson
10209,2004-01-09,2004-01-12,S24_2841,1900s Vintage Bi-Plane,Planes,34.25,66.45,43,Shipped,347,"Men 'R' US Retailers, Ltd.",Los Angeles,USA,1166,Leslie Thompson
10209,2004-01-09,2004-01-12,S24_3420,1937 Horch 930V Limousine,Vintage Cars,26.3,56.55,36,Shipped,347,"Men 'R' US Retailers, Ltd.",Los Angeles,USA,1166,Leslie Thompson
10209,2004-01-09,2004-01-12,S24_3816,1940 Ford Delivery Sedan,Vintage Cars,48.64,79.67,22,Shipped,347,"Men 'R' US Retailers, Ltd.",Los Angeles,USA,1166,Leslie Thompson
10209,2004-01-09,2004-01-12,S700_2047,HMS Bounty,Ships,39.83,90.52,33,Shipped,347,"Men 'R' US Retailers, Ltd.",Los Angeles,USA,1166,Leslie Thompson
10209,2004-01-09,2004-01-12,S72_1253,Boeing X-32A JSF,Planes,32.77,44.2,48,Shipped,347,"Men 'R' US Retailers, Ltd.",Los Angeles,USA,1166,Leslie Thompson
10210,2004-01-12,2004-01-20,S10_2016,1996 Moto Guzzi 1100i,Motorcycles,68.99,112.99,23,Shipped,177,Osaka Souveniers Co.,Kita-ku,Japan,1621,Mami Nishi
10210,2004-01-12,2004-01-20,S10_4698,2003 Harley-Davidson Eagle Drag Bike,Motorcycles,91.02,189.79,34,Shipped,177,Osaka Souveniers Co.,Kita-ku,Japan,1621,Mami Nishi
10210,2004-01-12,2004-01-20,S18_1662,1980s Black Hawk Helicopter,Planes,77.27,141.92,31,Shipped,177,Osaka Souveniers Co.,Kita-ku,Japan,1621,Mami Nishi
10210,2004-01-12,2004-01-20,S18_2581,P-51-D Mustang,Planes,49.0,68.43,50,Shipped,177,Osaka Souveniers Co.,Kita-ku,Japan,1621,Mami Nishi
10210,2004-01-12,2004-01-20,S18_2625,1936 Harley Davidson El Knucklehead,Motorcycles,24.23,51.48,40,Shipped,177,Osaka Souveniers Co.,Kita-ku,Japan,1621,Mami Nishi
10210,2004-01-12,2004-01-20,S24_1785,1928 British Royal Navy Airplane,Planes,66.74,100.67,27,Shipped,177,Osaka Souveniers Co.,Kita-ku,Japan,1621,Mami Nishi
10210,2004-01-12,2004-01-20,S24_2000,1960 BSA Gold Star DBD34,Motorcycles,37.32,63.22,30,Shipped,177,Osaka Souveniers Co.,Kita-ku,Japan,1621,Mami Nishi
10210,2004-01-12,2004-01-20,S24_3949,Corsair F4U ( Bird Cage),Planes,29.34,56.64,29,Shipped,177,Osaka Souveniers Co.,Kita-ku,Japan,1621,Mami Nishi
10210,2004-01-12,2004-01-20,S24_4278,1900s Vintage Tri-Plane,Planes,36.23,68.1,40,Shipped,177,Osaka Souveniers Co.,Kita-ku,Japan,1621,Mami Nishi
10210,2004-01-12,2004-01-20,S32_1374,1997 BMW F650 ST,Motorcycles,66.92,84.91,46,Shipped,177,Osaka Souveniers Co.,Kita-ku,Japan,1621,Mami Nishi
10210,2004-01-12,2004-01-20,S32_4289,1928 Ford Phaeton Deluxe,Vintage Cars,33.02,57.1,39,Shipped,177,Osaka Souveniers Co.,Kita-ku,Japan,1621,Mami Nishi
10210,2004-01-12,2004-01-20,S50_1341,1930 Buick Marquette Phaeton,Vintage Cars,27.06,43.2,43,Shipped,177,Osaka Souveniers Co.,Kita-ku,Japan,1621,Mami Nishi
10210,2004-01-12,2004-01-20,S700_1691,American Airlines: B767-300,Planes,51.15,87.69,21,Shipped,177,Osaka Souveniers Co.,Kita-ku,Japan,1621,Mami Nishi
10210,2004-01-12,2004-01-20,S700_2466,America West Airlines B757-200,Planes,68.8,93.74,26,Shipped,177,Osaka Souveniers Co.,Kita-ku,Japan,1621,Mami Nishi
10210,2004-01-12,2004-01-20,S700_2834,ATA: B757-300,Planes,59.33,98.48,25,Shipped,177,Osaka Souveniers Co.,Kita-ku,Japan,1621,Mami Nishi
10210,2004-01-12,2004-01-20,S700_3167,F/A 18 Hornet 1/72,Planes,54.4,64.0,31,Shipped,177,Osaka Souveniers Co.,Kita-ku,Japan,1621,Mami Nishi
10210,2004-01-12,2004-01-20,S700_4002,American Airlines: MD-11S,Planes,36.27,60.7,42,Shipped,177,Osaka Souveniers Co.,Kita-ku,Japan,1621,Mami Nishi
10211,2004-01-15,2004-01-18,S10_1678,1969 Harley Davidson Ultimate Chopper,Motorcycles,48.81,90.92,41,Shipped,406,Auto Canal+ Petit,Paris,France,1337,Loui Bondur
10211,2004-01-15,2004-01-18,S12_1099,1968 Ford Mustang,Classic Cars,95.34,171.22,41,Shipped,406,Auto Canal+ Petit,Paris,France,1337,Loui Bondur
10211,2004-01-15,2004-01-18,S12_2823,2002 Suzuki XREO,Motorcycles,66.27,126.52,36,Shipped,406,Auto Canal+ Petit,Paris,France,1337,Loui Bondur
10211,2004-01-15,2004-01-18,S12_3990,1970 Plymouth Hemi Cuda,Classic Cars,31.92,79.8,28,Shipped,406,Auto Canal+ Petit,Paris,France,1337,Loui Bondur
10211,2004-01-15,2004-01-18,S18_3278,1969 Dodge Super Bee,Classic Cars,49.05,73.17,35,Shipped,406,Auto Canal+ Petit,Paris,France,1337,Loui Bondur
10211,2004-01-15,2004-01-18,S18_3482,1976 Ford Gran Torino,Classic Cars,73.49,138.17,28,Shipped,406,Auto Canal+ Petit,Paris,France,1337,Loui Bondur
10211,2004-01-15,2004-01-18,S18_3782,1957 Vespa GS150,Motorcycles,32.95,60.3,46,Shipped,406,Auto Canal+ Petit,Paris,France,1337,Loui Bondur
10211,2004-01-15,2004-01-18,S18_4721,1957 Corvette Convertible,Classic Cars,69.93,148.8,41,Shipped,406,Auto Canal+ Petit,Paris,France,1337,Loui Bondur
10211,2004-01-15,2004-01-18,S24_1578,1997 BMW R 1100 S,Motorcycles,60.86,109.32,25,Shipped,406,Auto Canal+ Petit,Paris,France,1337,Loui Bondur
10211,2004-01-15,2004-01-18,S24_2360,1982 Ducati 900 Monster,Motorcycles,47.1,62.33,21,Shipped,406,Auto Canal+ Petit,Paris,France,1337,Loui Bondur
10211,2004-01-15,2004-01-18,S24_3371,1971 Alpine Renault 1600s,Classic Cars,38.58,52.66,48,Shipped,406,Auto Canal+ Petit,Paris,France,1337,Loui Bondur
10211,2004-01-15,2004-01-18,S24_4620,1961 Chevrolet Impala,Classic Cars,32.33,80.84,22,Shipped,406,Auto Canal+ Petit,Paris,France,1337,Loui Bondur
10211,2004-01-15,2004-01-18,S32_2206,1982 Ducati 996 R,Motorcycles,24.14,39.83,41,Shipped,406,Auto Canal+ Petit,Paris,France,1337,Loui Bondur
10211,2004-01-15,2004-01-18,S32_4485,1974 Ducati 350 Mk3 Desmo,Motorcycles,56.13,94.91,37,Shipped,406,Auto Canal+ Petit,Paris,France,1337,Loui Bondur
10211,2004-01-15,2004-01-18,S50_4713,2002 Yamaha YZR M1,Motorcycles,34.17,70.78,40,Shipped,406,Auto Canal+ Petit,Paris,France,1337,Loui Bondur
10212,2004-01-16,2004-01-18,S12_3380,1968 Dodge Charger,Classic Cars,75.16,99.82,39,Shipped,141,Euro+ Shopping Channel,Madrid,Spain,1370,Gerard Hernandez
10212,2004-01-16,2004-01-18,S12_4675,1969 Dodge Charger,Classic Cars,58.73,110.55,33,Shipped,141,Euro+ Shopping Channel,Madrid,Spain,1370,Gerard Hernandez
10212,2004-01-16,2004-01-18,S18_1129,1993 Mazda RX-7,Classic Cars,83.51,117.48,29,Shipped,141,Euro+ Shopping Channel,Madrid,Spain,1370,Gerard Hernandez
10212,2004-01-16,2004-01-18,S18_1589,1965 Aston Martin DB5,Classic Cars,65.96,105.77,38,Shipped,141,Euro+ Shopping Channel,Madrid,Spain,1370,Gerard Hernandez
10212,2004-01-16,2004-01-18,S18_1889,1948 Porsche 356-A Roadster,Classic Cars,53.9,64.68,20,Shipped,141,Euro+ Shopping Channel,Madrid,Spain,1370,Gerard Hernandez
10212,2004-01-16,2004-01-18,S18_1984,1995 Honda Civic,Classic Cars,93.89,133.72,41,Shipped,141,Euro+ Shopping Channel,Madrid,Spain,1370,Gerard Hernandez
10212,2004-01-16,2004-01-18,S18_2870,1999 Indy 500 Monte Carlo SS,Classic Cars,56.76,117.48,40,Shipped,141,Euro+ Shopping Channel,Madrid,Spain,1370,Gerard Hernandez
10212,2004-01-16,2004-01-18,S18_3232,1992 Ferrari 360 Spider red,Classic Cars,77.9,155.79,40,Shipped,141,Euro+ Shopping Channel,Madrid,Spain,1370,Gerard Hernandez
10212,2004-01-16,2004-01-18,S18_3685,1948 Porsche Type 356 Roadster,Classic Cars,62.16,115.85,45,Shipped,141,Euro+ Shopping Channel,Madrid,Spain,1370,Gerard Hernandez
10212,2004-01-16,2004-01-18,S24_1046,1970 Chevy Chevelle SS 454,Classic Cars,49.24,61.73,41,Shipped,141,Euro+ Shopping Channel,Madrid,Spain,1370,Gerard Hernandez
10212,2004-01-16,2004-01-18,S24_1628,1966 Shelby Cobra 427 S/C,Classic Cars,29.18,43.27,45,Shipped,141,Euro+ Shopping Channel,Madrid,Spain,1370,Gerard Hernandez
10212,2004-01-16,2004-01-18,S24_2766,1949 Jaguar XK 120,Classic Cars,47.25,81.78,45,Shipped,141,Euro+ Shopping Channel,Madrid,Spain,1370,Gerard Hernandez
10212,2004-01-16,2004-01-18,S24_2972,1982 Lamborghini Diablo,Classic Cars,16.24,37.38,34,Shipped,141,Euro+ Shopping Channel,Madrid,Spain,1370,Gerard Hernandez
10212,2004-01-16,2004-01-18,S24_3191,1969 Chevrolet Camaro Z28,Classic Cars,50.51,77.91,27,Shipped,141,Euro+ Shopping Channel,Madrid,Spain,1370,Gerard Hernandez
10212,2004-01-16,2004-01-18,S24_3432,2002 Chevy Corvette,Classic Cars,62.11,100.66,46,Shipped,141,Euro+ Shopping Channel,Madrid,Spain,1370,Gerard Hernandez
10212,2004-01-16,2004-01-18,S24_3856,1956 Porsche 356A Coupe,Classic Cars,98.3,117.96,49,Shipped,141,Euro+ Shopping Channel,Madrid,Spain,1370,Gerard Hernandez
10213,2004-01-22,2004-01-27,S18_4409,1932 Alfa Romeo 8C2300 Spider Sport,Vintage Cars,43.26,84.67,38,Shipped,489,"Double Decker Gift Stores, Ltd",London,UK,1501,Larry Bott
10213,2004-01-22,2004-01-27,S18_4933,1957 Ford Thunderbird,Classic Cars,34.21,58.44,25,Shipped,489,"Double Decker Gift Stores, Ltd",London,UK,1501,Larry Bott
10213,2004-01-22,2004-01-27,S24_2887,1952 Citroen-15CV,Classic Cars,72.82,97.48,27,Shipped,489,"Double Decker Gift Stores, Ltd",London,UK,1501,Larry Bott
10214,2004-01-26,2004-01-29,S18_1749,1917 Grand Touring Sedan,Vintage Cars,86.7,166.6,30,Shipped,458,"Corrida Auto Replicas, Ltd",Madrid,Spain,1702,Martin Gerard
10214,2004-01-26,2004-01-29,S18_2248,1911 Ford Town Car,Vintage Cars,33.3,53.28,21,Shipped,458,"Corrida Auto Replicas, Ltd",Madrid,Spain,1702,Martin Gerard
10214,2004-01-26,2004-01-29,S18_2325,1932 Model A Ford J-Coupe,Vintage Cars,58.48,125.86,27,Shipped,458,"Corrida Auto Replicas, Ltd",Madrid,Spain,1702,Martin Gerard
10214,2004-01-26,2004-01-29,S18_2795,1928 Mercedes-Benz SSK,Vintage Cars,72.56,167.06,50,Shipped,458,"Corrida Auto Replicas, Ltd",Madrid,Spain,1702,Martin Gerard
10214,2004-01-26,2004-01-29,S24_1937,1939 Chevrolet Deluxe Coupe,Vintage Cars,22.57,32.19,20,Shipped,458,"Corrida Auto Replicas, Ltd",Madrid,Spain,1702,Martin Gerard
10214,2004-01-26,2004-01-29,S24_2022,1938 Cadillac V-16 Presidential Limousine,Vintage Cars,20.61,39.87,49,Shipped,458,"Corrida Auto Replicas, Ltd",Madrid,Spain,1702,Martin Gerard
10214,2004-01-26,2004-01-29,S24_3969,1936 Mercedes Benz 500k Roadster,Vintage Cars,21.75,38.57,44,Shipped,458,"Corrida Auto Replicas, Ltd",Madrid,Spain,1702,Martin Gerard
10215,2004-01-29,2004-02-01,S10_1949,1952 Alpine Renault 1300,Classic Cars,98.58,205.73,35,Shipped,475,West Coast Collectables Co.,Burbank,USA,1166,Leslie Thompson
10215,2004-01-29,2004-02-01,S18_1097,1940 Ford Pickup Truck,Trucks and Buses,58.33,100.34,46,Shipped,475,West Coast Collectables Co.,Burbank,USA,1166,Leslie Thompson
10215,2004-01-29,2004-02-01,S18_1342,1937 Lincoln Berline,Vintage Cars,60.62,92.47,27,Shipped,475,West Coast Collectables Co.,Burbank,USA,1166,Leslie Thompson
10215,2004-01-29,2004-02-01,S18_1367,1936 Mercedes-Benz 500K Special Roadster,Vintage Cars,24.26,53.91,33,Shipped,475,West Coast Collectables Co.,Burbank,USA,1166,Leslie Thompson
10215,2004-01-29,2004-02-01,S18_2949,1913 Ford Model T Speedster,Vintage Cars,60.78,97.26,49,Shipped,475,West Coast Collectables Co.,Burbank,USA,1166,Leslie Thompson
10215,2004-01-29,2004-02-01,S18_2957,1934 Ford V8 Coupe,Vintage Cars,34.35,56.21,31,Shipped,475,West Coast Collectables Co.,Burbank,USA,1166,Leslie Thompson
10215,2004-01-29,2004-02-01,S18_3136,18th Century Vintage Horse Carriage,Vintage Cars,60.74,89.01,49,Shipped,475,West Coast Collectables Co.,Burbank,USA,1166,Leslie Thompson
10215,2004-01-29,2004-02-01,S18_3320,1917 Maxwell Touring Car,Vintage Cars,57.54,84.33,41,Shipped,475,West Coast Collectables Co.,Burbank,USA,1166,Leslie Thompson
10215,2004-01-29,2004-02-01,S18_4668,1939 Cadillac Limousine,Vintage Cars,23.14,42.76,46,Shipped,475,West Coast Collectables Co.,Burbank,USA,1166,Leslie Thompson
10215,2004-01-29,2004-02-01,S24_4258,1936 Chrysler Airflow,Vintage Cars,57.46,94.47,39,Shipped,475,West Coast Collectables Co.,Burbank,USA,1166,Leslie Thompson
10216,2004-02-02,2004-02-04,S12_1666,1958 Setra Bus,Trucks and Buses,77.9,133.94,43,Shipped,256,Auto Associés & Cie.,Versailles,France,1370,Gerard Hernandez
10217,2004-02-04,2004-02-06,S10_4962,1962 LanciaA Delta 16V,Classic Cars,103.42,132.97,48,Shipped,166,Handji Gifts& Co,Singapore,Singapore,1612,Peter Marsh
10217,2004-02-04,2004-02-06,S18_2432,1926 Ford Fire Engine,Trucks and Buses,24.92,58.34,35,Shipped,166,Handji Gifts& Co,Singapore,Singapore,1612,Peter Marsh
10217,2004-02-04,2004-02-06,S18_4600,1940s Ford truck,Trucks and Buses,84.76,118.66,38,Shipped,166,Handji Gifts& Co,Singapore,Singapore,1612,Peter Marsh
10217,2004-02-04,2004-02-06,S24_2300,1962 Volkswagen Microbus,Trucks and Buses,61.34,103.51,28,Shipped,166,Handji Gifts& Co,Singapore,Singapore,1612,Peter Marsh
10217,2004-02-04,2004-02-06,S32_1268,1980’s GM Manhattan Express,Trucks and Buses,53.93,78.97,21,Shipped,166,Handji Gifts& Co,Singapore,Singapore,1612,Peter Marsh
10217,2004-02-04,2004-02-06,S32_3522,1996 Peterbilt 379 Stake Bed with Outrigger,Trucks and Buses,33.61,56.24,39,Shipped,166,Handji Gifts& Co,Singapore,Singapore,1612,Peter Marsh
10217,2004-02-04,2004-02-06,S700_2824,1982 Camaro Z28,Classic Cars,46.53,90.02,31,Shipped,166,Handji Gifts& Co,Singapore,Singapore,1612,Peter Marsh
10218,2004-02-09,2004-02-11,S18_2319,1964 Mercedes Tour Bus,Trucks and Buses,74.86,110.46,22,Shipped,473,Frau da Collezione,Milan,Italy,1401,Pamela Castillo
10218,2004-02-09,2004-02-11,S18_3232,1992 Ferrari 360 Spider red,Classic Cars,77.9,152.41,34,Shipped,473,Frau da Collezione,Milan,Italy,1401,Pamela Castillo
10219,2004-02-10,2004-02-12,S12_4473,1957 Chevy Pickup,Trucks and Buses,55.7,94.8,48,Shipped,487,Signal Collectibles Ltd.,Brisbane,USA,1165,Leslie Jennings
10219,2004-02-10,2004-02-12,S18_2238,1998 Chrysler Plymouth Prowler,Classic Cars,101.51,132.62,43,Shipped,487,Signal Collectibles Ltd.,Brisbane,USA,1165,Leslie Jennings
10219,2004-02-10,2004-02-12,S24_2840,1958 Chevy Corvette Limited Edition,Classic Cars,15.91,31.12,21,Shipped,487,Signal Collectibles Ltd.,Brisbane,USA,1165,Leslie Jennings
10219,2004-02-10,2004-02-12,S32_2509,1954 Greyhound Scenicruiser,Trucks and Buses,25.98,47.62,35,Shipped,487,Signal Collectibles Ltd.,Brisbane,USA,1165,Leslie Jennings
10220,2004-02-12,2004-02-16,S12_1108,2001 Ferrari Enzo,Classic Cars,95.59,189.1,32,Shipped,189,"Clover Collections, Co.",Dublin,Ireland,1504,Barry Jones
10220,2004-02-12,2004-02-16,S12_3148,1969 Corvair Monza,Classic Cars,89.14,151.08,30,Shipped,189,"Clover Collections, Co.",Dublin,Ireland,1504,Barry Jones
10220,2004-02-12,2004-02-16,S12_3891,1969 Ford Falcon,Classic Cars,83.05,166.1,27,Shipped,189,"Clover Collections, Co.",Dublin,Ireland,1504,Barry Jones
10220,2004-02-12,2004-02-16,S18_4027,1970 Triumph Spitfire,Classic Cars,91.92,126.39,50,Shipped,189,"Clover Collections, Co.",Dublin,Ireland,1504,Barry Jones
10220,2004-02-12,2004-02-16,S24_1444,1970 Dodge Coronet,Classic Cars,32.37,48.55,26,Shipped,189,"Clover Collections, Co.",Dublin,Ireland,1504,Barry Jones
10220,2004-02-12,2004-02-16,S24_4048,1992 Porsche Cayenne Turbo Silver,Classic Cars,69.78,101.72,37,Shipped,189,"Clover Collections, Co.",Dublin,Ireland,1504,Barry Jones
10220,2004-02-12,2004-02-16,S32_3207,1950's Chicago Surface Lines Streetcar,Trains,26.72,49.71,20,Shipped,189,"Clover Collections, Co.",Dublin,Ireland,1504,Barry Jones
10220,2004-02-12,2004-02-16,S50_1392,Diamond T620 Semi-Skirted Tanker,Trucks and Buses,68.29,92.6,37,Shipped,189,"Clover Collections, Co.",Dublin,Ireland,1504,Barry Jones
10220,2004-02-12,2004-02-16,S50_1514,1962 City of Detroit Streetcar,Trains,37.49,56.82,30,Shipped,189,"Clover Collections, Co.",Dublin,Ireland,1504,Barry Jones
10221,2004-02-18,2004-02-19,S18_3140,1903 Ford Model A,Vintage Cars,68.3,133.86,33,Shipped,314,Petit Auto,Bruxelles,Belgium,1401,Pamela Castillo
10221,2004-02-18,2004-02-19,S18_3259,Collectable Wooden Train,Trains,67.56,89.75,23,Shipped,314,Petit Auto,Bruxelles,Belgium,1401,Pamela Castillo
10221,2004-02-18,2004-02-19,S18_4522,1904 Buick Runabout,Vintage Cars,52.66,84.26,39,Shipped,314,Petit Auto,Bruxelles,Belgium,1401,Pamela Castillo
10221,2004-02-18,2004-02-19,S24_2011,18th century schooner,Ships,82.34,113.06,49,Shipped,314,Petit Auto,Bruxelles,Belgium,1401,Pamela Castillo
10221,2004-02-18,2004-02-19,S700_1938,The Mayflower,Ships,43.3,69.29,23,Shipped,314,Petit Auto,Bruxelles,Belgium,1401,Pamela Castillo
10222,2004-02-19,2004-02-20,S10_4757,1972 Alfa Romeo GTA,Classic Cars,85.68,133.28,49,Shipped,239,Collectable Mini Designs Co.,San Diego,USA,1166,Leslie Thompson
10222,2004-02-19,2004-02-20,S18_1662,1980s Black Hawk Helicopter,Planes,77.27,137.19,49,Shipped,239,Collectable Mini Designs Co.,San Diego,USA,1166,Leslie Thompson
10222,2004-02-19,2004-02-20,S18_3029,1999 Yamaha Speed Boat,Ships,51.61,79.14,49,Shipped,239,Collectable Mini Designs Co.,San Diego,USA,1166,Leslie Thompson
10222,2004-02-19,2004-02-20,S18_3856,1941 Chevrolet Special Deluxe Cabriolet,Vintage Cars,64.58,88.93,45,Shipped,239,Collectable Mini Designs Co.,San Diego,USA,1166,Leslie Thompson
10222,2004-02-19,2004-02-20,S24_2841,1900s Vintage Bi-Plane,Planes,34.25,56.86,32,Shipped,239,Collectable Mini Designs Co.,San Diego,USA,1166,Leslie Thompson
10222,2004-02-19,2004-02-20,S24_3151,1912 Ford Model T Delivery Wagon,Vintage Cars,46.91,74.35,47,Shipped,239,Collectable Mini Designs Co.,San Diego,USA,1166,Leslie Thompson
10222,2004-02-19,2004-02-20,S24_3420,1937 Horch 930V Limousine,Vintage Cars,26.3,61.15,43,Shipped,239,Collectable Mini Designs Co.,San Diego,USA,1166,Leslie Thompson
10222,2004-02-19,2004-02-20,S24_3816,1940 Ford Delivery Sedan,Vintage Cars,48.64,77.99,46,Shipped,239,Collectable Mini Designs Co.,San Diego,USA,1166,Leslie Thompson
10222,2004-02-19,2004-02-20,S24_3949,Corsair F4U ( Bird Cage),Planes,29.34,55.27,48,Shipped,239,Collectable Mini Designs Co.,San Diego,USA,1166,Leslie Thompson
10222,2004-02-19,2004-02-20,S700_1138,The Schooner Bluenose,Ships,34.0,58.67,31,Shipped,239,Collectable Mini Designs Co.,San Diego,USA,1166,Leslie Thompson
10222,2004-02-19,2004-02-20,S700_2047,HMS Bounty,Ships,39.83,80.56,26,Shipped,239,Collectable Mini Designs Co.,San Diego,USA,1166,Leslie Thompson
10222,2004-02-19,2004-02-20,S700_2466,America West Airlines B757-200,Planes,68.8,90.75,37,Shipped,239,Collectable Mini Designs Co.,San Diego,USA,1166,Leslie Thompson
10222,2004-02-19,2004-02-20,S700_2610,The USS Constitution Ship,Ships,33.97,69.39,36,Shipped,239,Collectable Mini Designs Co.,San Diego,USA,1166,Leslie Thompson
10222,2004-02-19,2004-02-20,S700_3505,The Titanic,Ships,51.09,84.14,38,Shipped,239,Collectable Mini Designs Co.,San Diego,USA,1166,Leslie Thompson
10222,2004-02-19,2004-02-20,S700_3962,The Queen Mary,Ships,53.63,81.43,31,Shipped,239,Collectable Mini Designs Co.,San Diego,USA,1166,Leslie Thompson
10222,2004-02-19,2004-02-20,S700_4002,American Airlines: MD-11S,Planes,36.27,66.63,43,Shipped,239,Collectable Mini Designs Co.,San Diego,USA,1166,Leslie Thompson
10222,2004-02-19,2004-02-20,S72_1253,Boeing X-32A JSF,Planes,32.77,45.19,31,Shipped,239,Collectable Mini Designs Co.,San Diego,USA,1166,Leslie Thompson
10222,2004-02-19,2004-02-20,S72_3212,Pont Yacht,Ships,33.3,48.59,36,Shipped,239,Collectable Mini Designs Co.,San Diego,USA,1166,Leslie Thompson
10223,2004-02-20,2004-02-24,S10_1678,1969 Harley Davidson Ultimate Chopper,Motorcycles,48.81,80.39,37,Shipped,114,"Australian Collectors, Co.",Melbourne,Australia,1611,Andy Fixter
10223,2004-02-20,2004-02-24,S10_2016,1996 Moto Guzzi 1100i,Motorcycles,68.99,110.61,47,Shipped,114,"Australian Collectors, Co.",Melbourne,Australia,1611,Andy Fixter
10223,2004-02-20,2004-02-24,S10_4698,2003 Harley-Davidson Eagle Drag Bike,Motorcycles,91.02,189.79,49,Shipped,114,"Australian Collectors, Co.",Melbourne,Australia,1611,Andy Fixter
10223,2004-02-20,2004-02-24,S18_2581,P-51-D Mustang,Planes,49.0,67.58,47,Shipped,114,"Australian Collectors, Co.",Melbourne,Australia,1611,Andy Fixter
10223,2004-02-20,2004-02-24,S18_2625,1936 Harley Davidson El Knucklehead,Motorcycles,24.23,58.75,28,Shipped,114,"Australian Collectors, Co.",Melbourne,Australia,1611,Andy Fixter
10223,2004-02-20,2004-02-24,S24_1578,1997 BMW R 1100 S,Motorcycles,60.86,104.81,32,Shipped,114,"Australian Collectors, Co.",Melbourne,Australia,1611,Andy Fixter
10223,2004-02-20,2004-02-24,S24_1785,1928 British Royal Navy Airplane,Planes,66.74,87.54,34,Shipped,114,"Australian Collectors, Co.",Melbourne,Australia,1611,Andy Fixter
10223,2004-02-20,2004-02-24,S24_2000,1960 BSA Gold Star DBD34,Motorcycles,37.32,60.94,38,Shipped,114,"Australian Collectors, Co.",Melbourne,Australia,1611,Andy Fixter
10223,2004-02-20,2004-02-24,S24_4278,1900s Vintage Tri-Plane,Planes,36.23,68.1,23,Shipped,114,"Australian Collectors, Co.",Melbourne,Australia,1611,Andy Fixter
10223,2004-02-20,2004-02-24,S32_1374,1997 BMW F650 ST,Motorcycles,66.92,90.9,21,Shipped,114,"Australian Collectors, Co.",Melbourne,Australia,1611,Andy Fixter
10223,2004-02-20,2004-02-24,S32_4289,1928 Ford Phaeton Deluxe,Vintage Cars,33.02,66.73,20,Shipped,114,"Australian Collectors, Co.",Melbourne,Australia,1611,Andy Fixter
10223,2004-02-20,2004-02-24,S50_1341,1930 Buick Marquette Phaeton,Vintage Cars,27.06,41.02,41,Shipped,114,"Australian Collectors, Co.",Melbourne,Australia,1611,Andy Fixter
10223,2004-02-20,2004-02-24,S700_1691,American Airlines: B767-300,Planes,51.15,84.03,25,Shipped,114,"Australian Collectors, Co.",Melbourne,Australia,1611,Andy Fixter
10223,2004-02-20,2004-02-24,S700_2834,ATA: B757-300,Planes,59.33,113.9,29,Shipped,114,"Australian Collectors, Co.",Melbourne,Australia,1611,Andy Fixter
10223,2004-02-20,2004-02-24,S700_3167,F/A 18 Hornet 1/72,Planes,54.4,79.2,26,Shipped,114,"Australian Collectors, Co.",Melbourne,Australia,1611,Andy Fixter
10224,2004-02-21,2004-02-26,S12_2823,2002 Suzuki XREO,Motorcycles,66.27,141.58,43,Shipped,171,Daedalus Designs Imports,Lille,France,1370,Gerard Hernandez
10224,2004-02-21,2004-02-26,S18_3782,1957 Vespa GS150,Motorcycles,32.95,57.2,38,Shipped,171,Daedalus Designs Imports,Lille,France,1370,Gerard Hernandez
10224,2004-02-21,2004-02-26,S24_2360,1982 Ducati 900 Monster,Motorcycles,47.1,60.26,37,Shipped,171,Daedalus Designs Imports,Lille,France,1370,Gerard Hernandez
10224,2004-02-21,2004-02-26,S32_2206,1982 Ducati 996 R,Motorcycles,24.14,37.01,43,Shipped,171,Daedalus Designs Imports,Lille,France,1370,Gerard Hernandez
10224,2004-02-21,2004-02-26,S32_4485,1974 Ducati 350 Mk3 Desmo,Motorcycles,56.13,94.91,30,Shipped,171,Daedalus Designs Imports,Lille,France,1370,Gerard Hernandez
10224,2004-02-21,2004-02-26,S50_4713,2002 Yamaha YZR M1,Motorcycles,34.17,81.36,50,Shipped,171,Daedalus Designs Imports,Lille,France,1370,Gerard Hernandez
10225,2004-02-22,2004-02-24,S12_1099,1968 Ford Mustang,Classic Cars,95.34,157.6,27,Shipped,298,"Vida Sport, Ltd",Genève,Switzerland,1702,Martin Gerard
10225,2004-02-22,2004-02-24,S12_3380,1968 Dodge Charger,Classic Cars,75.16,101.0,25,Shipped,298,"Vida Sport, Ltd",Genève,Switzerland,1702,Martin Gerard
10225,2004-02-22,2004-02-24,S12_3990,1970 Plymouth Hemi Cuda,Classic Cars,31.92,64.64,37,Shipped,298,"Vida Sport, Ltd",Genève,Switzerland,1702,Martin Gerard
10225,2004-02-22,2004-02-24,S12_4675,1969 Dodge Charger,Classic Cars,58.73,100.19,21,Shipped,298,"Vida Sport, Ltd",Genève,Switzerland,1702,Martin Gerard
10225,2004-02-22,2004-02-24,S18_1129,1993 Mazda RX-7,Classic Cars,83.51,116.06,32,Shipped,298,"Vida Sport, Ltd",Genève,Switzerland,1702,Martin Gerard
10225,2004-02-22,2004-02-24,S18_1889,1948 Porsche 356-A Roadster,Classic Cars,53.9,71.61,47,Shipped,298,"Vida Sport, Ltd",Genève,Switzerland,1702,Martin Gerard
10225,2004-02-22,2004-02-24,S18_3232,1992 Ferrari 360 Spider red,Classic Cars,77.9,162.57,43,Shipped,298,"Vida Sport, Ltd",Genève,Switzerland,1702,Martin Gerard
10225,2004-02-22,2004-02-24,S18_3278,1969 Dodge Super Bee,Classic Cars,49.05,69.96,37,Shipped,298,"Vida Sport, Ltd",Genève,Switzerland,1702,Martin Gerard
10225,2004-02-22,2004-02-24,S18_3482,1976 Ford Gran Torino,Classic Cars,73.49,119.06,27,Shipped,298,"Vida Sport, Ltd",Genève,Switzerland,1702,Martin Gerard
10225,2004-02-22,2004-02-24,S18_4721,1957 Corvette Convertible,Classic Cars,69.93,135.41,35,Shipped,298,"Vida Sport, Ltd",Genève,Switzerland,1702,Martin Gerard
10225,2004-02-22,2004-02-24,S24_2972,1982 Lamborghini Diablo,Classic Cars,16.24,34.74,42,Shipped,298,"Vida Sport, Ltd",Genève,Switzerland,1702,Martin Gerard
10225,2004-02-22,2004-02-24,S24_3371,1971 Alpine Renault 1600s,Classic Cars,38.58,51.43,24,Shipped,298,"Vida Sport, Ltd",Genève,Switzerland,1702,Martin Gerard
10225,2004-02-22,2004-02-24,S24_3856,1956 Porsche 356A Coupe,Classic Cars,98.3,130.6,40,Shipped,298,"Vida Sport, Ltd",Genève,Switzerland,1702,Martin Gerard
10225,2004-02-22,2004-02-24,S24_4620,1961 Chevrolet Impala,Classic Cars,32.33,77.61,46,Shipped,298,"Vida Sport, Ltd",Genève,Switzerland,1702,Martin Gerard
10226,2004-02-26,2004-03-02,S18_1589,1965 Aston Martin DB5,Classic Cars,65.96,108.26,38,Shipped,239,Collectable Mini Designs Co.,San Diego,USA,1166,Leslie Thompson
10226,2004-02-26,2004-03-02,S18_1984,1995 Honda Civic,Classic Cars,93.89,129.45,24,Shipped,239,Collectable Mini Designs Co.,San Diego,USA,1166,Leslie Thompson
10226,2004-02-26,2004-03-02,S18_2870,1999 Indy 500 Monte Carlo SS,Classic Cars,56.76,125.4,24,Shipped,239,Collectable Mini Designs Co.,San Diego,USA,1166,Leslie Thompson
10226,2004-02-26,2004-03-02,S18_3685,1948 Porsche Type 356 Roadster,Classic Cars,62.16,122.91,46,Shipped,239,Collectable Mini Designs Co.,San Diego,USA,1166,Leslie Thompson
10226,2004-02-26,2004-03-02,S24_1046,1970 Chevy Chevelle SS 454,Classic Cars,49.24,65.41,21,Shipped,239,Collectable Mini Designs Co.,San Diego,USA,1166,Leslie Thompson
10226,2004-02-26,2004-03-02,S24_1628,1966 Shelby Cobra 427 S/C,Classic Cars,29.18,47.79,36,Shipped,239,Collectable Mini Designs Co.,San Diego,USA,1166,Leslie Thompson
10226,2004-02-26,2004-03-02,S24_3432,2002 Chevy Corvette,Classic Cars,62.11,95.3,48,Shipped,239,Collectable Mini Designs Co.,San Diego,USA,1166,Leslie Thompson
10227,2004-03-02,2004-03-08,S18_1342,1937 Lincoln Berline,Vintage Cars,60.62,85.27,25,Shipped,146,"Saveley & Henriot, Co.",Lyon,France,1337,Loui Bondur
10227,2004-03-02,2004-03-08,S18_1367,1936 Mercedes-Benz 500K Special Roadster,Vintage Cars,24.26,50.14,31,Shipped,146,"Saveley & Henriot, Co.",Lyon,France,1337,Loui Bondur
10227,2004-03-02,2004-03-08,S18_1749,1917 Grand Touring Sedan,Vintage Cars,86.7,136.0,26,Shipped,146,"Saveley & Henriot, Co.",Lyon,France,1337,Loui Bondur
10227,2004-03-02,2004-03-08,S18_2248,1911 Ford Town Car,Vintage Cars,33.3,59.93,28,Shipped,146,"Saveley & Henriot, Co.",Lyon,France,1337,Loui Bondur
10227,2004-03-02,2004-03-08,S18_2325,1932 Model A Ford J-Coupe,Vintage Cars,58.48,118.23,46,Shipped,146,"Saveley & Henriot, Co.",Lyon,France,1337,Loui Bondur
10227,2004-03-02,2004-03-08,S18_2795,1928 Mercedes-Benz SSK,Vintage Cars,72.56,146.81,29,Shipped,146,"Saveley & Henriot, Co.",Lyon,France,1337,Loui Bondur
10227,2004-03-02,2004-03-08,S18_3320,1917 Maxwell Touring Car,Vintage Cars,57.54,99.21,33,Shipped,146,"Saveley & Henriot, Co.",Lyon,France,1337,Loui Bondur
10227,2004-03-02,2004-03-08,S18_4409,1932 Alfa Romeo 8C2300 Spider Sport,Vintage Cars,43.26,87.43,34,Shipped,146,"Saveley & Henriot, Co.",Lyon,France,1337,Loui Bondur
10227,2004-03-02,2004-03-08,S18_4933,1957 Ford Thunderbird,Classic Cars,34.21,70.56,37,Shipped,146,"Saveley & Henriot, Co.",Lyon,France,1337,Loui Bondur
10227,2004-03-02,2004-03-08,S24_1937,1939 Chevrolet Deluxe Coupe,Vintage Cars,22.57,27.22,42,Shipped,146,"Saveley & Henriot, Co.",Lyon,France,1337,Loui Bondur
10227,2004-03-02,2004-03-08,S24_2022,1938 Cadillac V-16 Presidential Limousine,Vintage Cars,20.61,39.42,24,Shipped,146,"Saveley & Henriot, Co.",Lyon,France,1337,Loui Bondur
10227,2004-03-02,2004-03-08,S24_2766,1949 Jaguar XK 120,Classic Cars,47.25,84.51,47,Shipped,146,"Saveley & Henriot, Co.",Lyon,France,1337,Loui Bondur
10227,2004-03-02,2004-03-08,S24_2887,1952 Citroen-15CV,Classic Cars,72.82,102.17,33,Shipped,146,"Saveley & Henriot, Co.",Lyon,France,1337,Loui Bondur
10227,2004-03-02,2004-03-08,S24_3191,1969 Chevrolet Camaro Z28,Classic Cars,50.51,78.76,40,Shipped,146,"Saveley & Henriot, Co.",Lyon,France,1337,Loui Bondur
10227,2004-03-02,2004-03-08,S24_3969,1936 Mercedes Benz 500k Roadster,Vintage Cars,21.75,34.88,27,Shipped,146,"Saveley & Henriot, Co.",Lyon,France,1337,Loui Bondur
10228,2004-03-10,2004-03-13,S10_1949,1952 Alpine Renault 1300,Classic Cars,98.58,214.3,29,Shipped,173,Cambridge Collectables Co.,Cambridge,USA,1188,Julie Firrelli
10228,2004-03-10,2004-03-13,S18_1097,1940 Ford Pickup Truck,Trucks and Buses,58.33,100.34,32,Shipped,173,Cambridge Collectables Co.,Cambridge,USA,1188,Julie Firrelli
10228,2004-03-10,2004-03-13,S18_2949,1913 Ford Model T Speedster,Vintage Cars,60.78,101.31,24,Shipped,173,Cambridge Collectables Co.,Cambridge,USA,1188,Julie Firrelli
10228,2004-03-10,2004-03-13,S18_2957,1934 Ford V8 Coupe,Vintage Cars,34.35,57.46,45,Shipped,173,Cambridge Collectables Co.,Cambridge,USA,1188,Julie Firrelli
10228,2004-03-10,2004-03-13,S18_3136,18th Century Vintage Horse Carriage,Vintage Cars,60.74,100.53,31,Shipped,173,Cambridge Collectables Co.,Cambridge,USA,1188,Julie Firrelli
10228,2004-03-10,2004-03-13,S24_4258,1936 Chrysler Airflow,Vintage Cars,57.46,84.73,33,Shipped,173,Cambridge Collectables Co.,Cambridge,USA,1188,Julie Firrelli
10229,2004-03-11,2004-03-12,S10_4962,1962 LanciaA Delta 16V,Classic Cars,103.42,138.88,50,Shipped,124,Mini Gifts Distributors Ltd.,San Rafael,USA,1165,Leslie Jennings
10229,2004-03-11,2004-03-12,S12_1666,1958 Setra Bus,Trucks and Buses,77.9,110.7,25,Shipped,124,Mini Gifts Distributors Ltd.,San Rafael,USA,1165,Leslie Jennings
10229,2004-03-11,2004-03-12,S12_4473,1957 Chevy Pickup,Trucks and Buses,55.7,95.99,36,Shipped,124,Mini Gifts Distributors Ltd.,San Rafael,USA,1165,Leslie Jennings
10229,2004-03-11,2004-03-12,S18_2319,1964 Mercedes Tour Bus,Trucks and Buses,74.86,104.32,26,Shipped,124,Mini Gifts Distributors Ltd.,San Rafael,USA,1165,Leslie Jennings
10229,2004-03-11,2004-03-12,S18_2432,1926 Ford Fire Engine,Trucks and Buses,24.92,53.48,28,Shipped,124,Mini Gifts Distributors Ltd.,San Rafael,USA,1165,Leslie Jennings
10229,2004-03-11,2004-03-12,S18_3232,1992 Ferrari 360 Spider red,Classic Cars,77.9,157.49,22,Shipped,124,Mini Gifts Distributors Ltd.,San Rafael,USA,1165,Leslie Jennings
10229,2004-03-11,2004-03-12,S18_4600,1940s Ford truck,Trucks and Buses,84.76,119.87,41,Shipped,124,Mini Gifts Distributors Ltd.,San Rafael,USA,1165,Leslie Jennings
10229,2004-03-11,2004-03-12,S18_4668,1939 Cadillac Limousine,Vintage Cars,23.14,43.77,39,Shipped,124,Mini Gifts Distributors Ltd.,San Rafael,USA,1165,Leslie Jennings
10229,2004-03-11,2004-03-12,S24_2300,1962 Volkswagen Microbus,Trucks and Buses,61.34,115.01,48,Shipped,124,Mini Gifts Distributors Ltd.,San Rafael,USA,1165,Leslie Jennings
10229,2004-03-11,2004-03-12,S24_2840,1958 Chevy Corvette Limited Edition,Classic Cars,15.91,34.65,33,Shipped,124,Mini Gifts Distributors Ltd.,San Rafael,USA,1165,Leslie Jennings
10229,2004-03-11,2004-03-12,S32_1268,1980’s GM Manhattan Express,Trucks and Buses,53.93,78.97,25,Shipped,124,Mini Gifts Distributors Ltd.,San Rafael,USA,1165,Leslie Jennings
10229,2004-03-11,2004-03-12,S32_2509,1954 Greyhound Scenicruiser,Trucks and Buses,25.98,49.78,23,Shipped,124,Mini Gifts Distributors Ltd.,San Rafael,USA,1165,Leslie Jennings
10229,2004-03-11,2004-03-12,S32_3522,1996 Peterbilt 379 Stake Bed with Outrigger,Trucks and Buses,33.61,52.36,30,Shipped,124,Mini Gifts Distributors Ltd.,San Rafael,USA,1165,Leslie Jennings
10229,2004-03-11,2004-03-12,S700_2824,1982 Camaro Z28,Classic Cars,46.53,91.04,50,Shipped,124,Mini Gifts Distributors Ltd.,San Rafael,USA,1165,Leslie Jennings
10230,2004-03-15,2004-03-20,S12_3148,1969 Corvair Monza,Classic Cars,89.14,128.42,43,Shipped,128,"Blauer See Auto, Co.",Frankfurt,Germany,1504,Barry Jones
10230,2004-03-15,2004-03-20,S18_2238,1998 Chrysler Plymouth Prowler,Classic Cars,101.51,153.91,49,Shipped,128,"Blauer See Auto, Co.",Frankfurt,Germany,1504,Barry Jones
10230,2004-03-15,2004-03-20,S18_4027,1970 Triumph Spitfire,Classic Cars,91.92,142.18,42,Shipped,128,"Blauer See Auto, Co.",Frankfurt,Germany,1504,Barry Jones
10230,2004-03-15,2004-03-20,S24_1444,1970 Dodge Coronet,Classic Cars,32.37,47.4,36,Shipped,128,"Blauer See Auto, Co.",Frankfurt,Germany,1504,Barry Jones
10230,2004-03-15,2004-03-20,S24_4048,1992 Porsche Cayenne Turbo Silver,Classic Cars,69.78,99.36,45,Shipped,128,"Blauer See Auto, Co.",Frankfurt,Germany,1504,Barry Jones
10230,2004-03-15,2004-03-20,S32_3207,1950's Chicago Surface Lines Streetcar,Trains,26.72,59.03,46,Shipped,128,"Blauer See Auto, Co.",Frankfurt,Germany,1504,Barry Jones
10230,2004-03-15,2004-03-20,S50_1392,Diamond T620 Semi-Skirted Tanker,Trucks and Buses,68.29,100.7,34,Shipped,128,"Blauer See Auto, Co.",Frankfurt,Germany,1504,Barry Jones
10230,2004-03-15,2004-03-20,S50_1514,1962 City of Detroit Streetcar,Trains,37.49,57.41,43,Shipped,128,"Blauer See Auto, Co.",Frankfurt,Germany,1504,Barry Jones
10231,2004-03-19,2004-03-25,S12_1108,2001 Ferrari Enzo,Classic Cars,95.59,193.25,42,Shipped,344,CAF Imports,Madrid,Spain,1702,Martin Gerard
10231,2004-03-19,2004-03-25,S12_3891,1969 Ford Falcon,Classic Cars,83.05,147.07,49,Shipped,344,CAF Imports,Madrid,Spain,1702,Martin Gerard
10232,2004-03-20,2004-03-25,S18_3140,1903 Ford Model A,Vintage Cars,68.3,133.86,22,Shipped,240,giftsbymail.co.uk,Cowes,UK,1501,Larry Bott
10232,2004-03-20,2004-03-25,S18_3259,Collectable Wooden Train,Trains,67.56,97.81,48,Shipped,240,giftsbymail.co.uk,Cowes,UK,1501,Larry Bott
10232,2004-03-20,2004-03-25,S18_4522,1904 Buick Runabout,Vintage Cars,52.66,78.12,23,Shipped,240,giftsbymail.co.uk,Cowes,UK,1501,Larry Bott
10232,2004-03-20,2004-03-25,S24_2011,18th century schooner,Ships,82.34,113.06,46,Shipped,240,giftsbymail.co.uk,Cowes,UK,1501,Larry Bott
10232,2004-03-20,2004-03-25,S700_1938,The Mayflower,Ships,43.3,84.88,26,Shipped,240,giftsbymail.co.uk,Cowes,UK,1501,Larry Bott
10232,2004-03-20,2004-03-25,S700_3505,The Titanic,Ships,51.09,86.15,48,Shipped,240,giftsbymail.co.uk,Cowes,UK,1501,Larry Bott
10232,2004-03-20,2004-03-25,S700_3962,The Queen Mary,Ships,53.63,81.43,35,Shipped,240,giftsbymail.co.uk,Cowes,UK,1501,Larry Bott
10232,2004-03-20,2004-03-25,S72_3212,Pont Yacht,Ships,33.3,48.59,24,Shipped,240,giftsbymail.co.uk,Cowes,UK,1501,Larry Bott
10233,2004-03-29,2004-04-02,S24_3151,1912 Ford Model T Delivery Wagon,Vintage Cars,46.91,70.81,40,Shipped,328,Tekni Collectables Inc.,Newark,USA,1323,George Vanauf
10233,2004-03-29,2004-04-02,S700_1138,The Schooner Bluenose,Ships,34.0,66.0,36,Shipped,328,Tekni Collectables Inc.,Newark,USA,1323,George Vanauf
10233,2004-03-29,2004-04-02,S700_2610,The USS Constitution Ship,Ships,33.97,67.94,29,Shipped,328,Tekni Collectables Inc.,Newark,USA,1323,George Vanauf
10234,2004-03-30,2004-04-02,S10_4757,1972 Alfa Romeo GTA,Classic Cars,85.68,118.32,48,Shipped,412,"Extreme Desk Decorations, Ltd",Wellington,New Zealand,1612,Peter Marsh
10234,2004-03-30,2004-04-02,S18_1662,1980s Black Hawk Helicopter,Planes,77.27,146.65,50,Shipped,412,"Extreme Desk Decorations, Ltd",Wellington,New Zealand,1612,Peter Marsh
10234,2004-03-30,2004-04-02,S18_3029,1999 Yamaha Speed Boat,Ships,51.61,84.3,48,Shipped,412,"Extreme Desk Decorations, Ltd",Wellington,New Zealand,1612,Peter Marsh
10234,2004-03-30,2004-04-02,S18_3856,1941 Chevrolet Special Deluxe Cabriolet,Vintage Cars,64.58,85.75,39,Shipped,412,"Extreme Desk Decorations, Ltd",Wellington,New Zealand,1612,Peter Marsh
10234,2004-03-30,2004-04-02,S24_2841,1900s Vintage Bi-Plane,Planes,34.25,67.14,44,Shipped,412,"Extreme Desk Decorations, Ltd",Wellington,New Zealand,1612,Peter Marsh
10234,2004-03-30,2004-04-02,S24_3420,1937 Horch 930V Limousine,Vintage Cars,26.3,65.09,25,Shipped,412,"Extreme Desk Decorations, Ltd",Wellington,New Zealand,1612,Peter Marsh
10234,2004-03-30,2004-04-02,S24_3816,1940 Ford Delivery Sedan,Vintage Cars,48.64,78.83,31,Shipped,412,"Extreme Desk Decorations, Ltd",Wellington,New Zealand,1612,Peter Marsh
10234,2004-03-30,2004-04-02,S700_2047,HMS Bounty,Ships,39.83,83.28,29,Shipped,412,"Extreme Desk Decorations, Ltd",Wellington,New Zealand,1612,Peter Marsh
10234,2004-03-30,2004-04-02,S72_1253,Boeing X-32A JSF,Planes,32.77,45.69,40,Shipped,412,"Extreme Desk Decorations, Ltd",Wellington,New Zealand,1612,Peter Marsh
10235,2004-04-02,2004-04-06,S18_2581,P-51-D Mustang,Planes,49.0,81.95,24,Shipped,260,"Royal Canadian Collectables, Ltd.",Tsawassen,Canada,1323,George Vanauf
10235,2004-04-02,2004-04-06,S24_1785,1928 British Royal Navy Airplane,Planes,66.74,89.72,23,Shipped,260,"Royal Canadian Collectables, Ltd.",Tsawassen,Canada,1323,George Vanauf
10235,2004-04-02,2004-04-06,S24_3949,Corsair F4U ( Bird Cage),Planes,29.34,55.27,33,Shipped,260,"Royal Canadian Collectables, Ltd.",Tsawassen,Canada,1323,George Vanauf
10235,2004-04-02,2004-04-06,S24_4278,1900s Vintage Tri-Plane,Planes,36.23,63.03,40,Shipped,260,"Royal Canadian Collectables, Ltd.",Tsawassen,Canada,1323,George Vanauf
10235,2004-04-02,2004-04-06,S32_1374,1997 BMW F650 ST,Motorcycles,66.92,90.9,41,Shipped,260,"Royal Canadian Collectables, Ltd.",Tsawassen,Canada,1323,George Vanauf
10235,2004-04-02,2004-04-06,S32_4289,1928 Ford Phaeton Deluxe,Vintage Cars,33.02,66.73,34,Shipped,260,"Royal Canadian Collectables, Ltd.",Tsawassen,Canada,1323,George Vanauf
10235,2004-04-02,2004-04-06,S50_1341,1930 Buick Marquette Phaeton,Vintage Cars,27.06,37.09,41,Shipped,260,"Royal Canadian Collectables, Ltd.",Tsawassen,Canada,1323,George Vanauf
10235,2004-04-02,2004-04-06,S700_1691,American Airlines: B767-300,Planes,51.15,88.6,25,Shipped,260,"Royal Canadian Collectables, Ltd.",Tsawassen,Canada,1323,George Vanauf
10235,2004-04-02,2004-04-06,S700_2466,America West Airlines B757-200,Planes,68.8,92.74,38,Shipped,260,"Royal Canadian Collectables, Ltd.",Tsawassen,Canada,1323,George Vanauf
10235,2004-04-02,2004-04-06,S700_2834,ATA: B757-300,Planes,59.33,116.28,25,Shipped,260,"Royal Canadian Collectables, Ltd.",Tsawassen,Canada,1323,George Vanauf
10235,2004-04-02,2004-04-06,S700_3167,F/A 18 Hornet 1/72,Planes,54.4,73.6,32,Shipped,260,"Royal Canadian Collectables, Ltd.",Tsawassen,Canada,1323,George Vanauf
10235,2004-04-02,2004-04-06,S700_4002,American Airlines: MD-11S,Planes,36.27,70.33,34,Shipped,260,"Royal Canadian Collectables, Ltd.",Tsawassen,Canada,1323,George Vanauf
10236,2004-04-03,2004-04-08,S10_2016,1996 Moto Guzzi 1100i,Motorcycles,68.99,105.86,22,Shipped,486,Motor Mint Distributors Inc.,Philadelphia,USA,1323,George Vanauf
10236,2004-04-03,2004-04-08,S18_2625,1936 Harley Davidson El Knucklehead,Motorcycles,24.23,52.7,23,Shipped,486,Motor Mint Distributors Inc.,Philadelphia,USA,1323,George Vanauf
10236,2004-04-03,2004-04-08,S24_2000,1960 BSA Gold Star DBD34,Motorcycles,37.32,65.51,36,Shipped,486,Motor Mint Distributors Inc.,Philadelphia,USA,1323,George Vanauf
10237,2004-04-05,2004-04-10,S10_1678,1969 Harley Davidson Ultimate Chopper,Motorcycles,48.81,91.87,23,Shipped,181,Vitachrome Inc.,NYC,USA,1286,Foon Yue Tseng
10237,2004-04-05,2004-04-10,S10_4698,2003 Harley-Davidson Eagle Drag Bike,Motorcycles,91.02,158.8,39,Shipped,181,Vitachrome Inc.,NYC,USA,1286,Foon Yue Tseng
10237,2004-04-05,2004-04-10,S12_2823,2002 Suzuki XREO,Motorcycles,66.27,129.53,32,Shipped,181,Vitachrome Inc.,NYC,USA,1286,Foon Yue Tseng
10237,2004-04-05,2004-04-10,S18_3782,1957 Vespa GS150,Motorcycles,32.95,49.74,26,Shipped,181,Vitachrome Inc.,NYC,USA,1286,Foon Yue Tseng
10237,2004-04-05,2004-04-10,S24_1578,1997 BMW R 1100 S,Motorcycles,60.86,109.32,20,Shipped,181,Vitachrome Inc.,NYC,USA,1286,Foon Yue Tseng
10237,2004-04-05,2004-04-10,S24_2360,1982 Ducati 900 Monster,Motorcycles,47.1,62.33,26,Shipped,181,Vitachrome Inc.,NYC,USA,1286,Foon Yue Tseng
10237,2004-04-05,2004-04-10,S32_2206,1982 Ducati 996 R,Motorcycles,24.14,35.0,26,Shipped,181,Vitachrome Inc.,NYC,USA,1286,Foon Yue Tseng
10237,2004-04-05,2004-04-10,S32_4485,1974 Ducati 350 Mk3 Desmo,Motorcycles,56.13,94.91,27,Shipped,181,Vitachrome Inc.,NYC,USA,1286,Foon Yue Tseng
10237,2004-04-05,2004-04-10,S50_4713,2002 Yamaha YZR M1,Motorcycles,34.17,78.92,20,Shipped,181,Vitachrome Inc.,NYC,USA,1286,Foon Yue Tseng
10238,2004-04-09,2004-04-10,S12_1099,1968 Ford Mustang,Classic Cars,95.34,161.49,28,Shipped,145,Danish Wholesale Imports,Kobenhavn,Denmark,1401,Pamela Castillo
10238,2004-04-09,2004-04-10,S12_3380,1968 Dodge Charger,Classic Cars,75.16,104.52,29,Shipped,145,Danish Wholesale Imports,Kobenhavn,Denmark,1401,Pamela Castillo
10238,2004-04-09,2004-04-10,S12_3990,1970 Plymouth Hemi Cuda,Classic Cars,31.92,73.42,20,Shipped,145,Danish Wholesale Imports,Kobenhavn,Denmark,1401,Pamela Castillo
10238,2004-04-09,2004-04-10,S18_3278,1969 Dodge Super Bee,Classic Cars,49.05,68.35,41,Shipped,145,Danish Wholesale Imports,Kobenhavn,Denmark,1401,Pamela Castillo
10238,2004-04-09,2004-04-10,S18_3482,1976 Ford Gran Torino,Classic Cars,73.49,144.05,49,Shipped,145,Danish Wholesale Imports,Kobenhavn,Denmark,1401,Pamela Castillo
10238,2004-04-09,2004-04-10,S18_4721,1957 Corvette Convertible,Classic Cars,69.93,120.53,44,Shipped,145,Danish Wholesale Imports,Kobenhavn,Denmark,1401,Pamela Castillo
10238,2004-04-09,2004-04-10,S24_3371,1971 Alpine Renault 1600s,Classic Cars,38.58,53.88,47,Shipped,145,Danish Wholesale Imports,Kobenhavn,Denmark,1401,Pamela Castillo
10238,2004-04-09,2004-04-10,S24_4620,1961 Chevrolet Impala,Classic Cars,32.33,67.91,22,Shipped,145,Danish Wholesale Imports,Kobenhavn,Denmark,1401,Pamela Castillo
10239,2004-04-12,2004-04-17,S12_4675,1969 Dodge Charger,Classic Cars,58.73,100.19,21,Shipped,311,"Oulu Toy Supplies, Inc.",Oulu,Finland,1501,Larry Bott
10239,2004-04-12,2004-04-17,S18_1889,1948 Porsche 356-A Roadster,Classic Cars,53.9,70.07,46,Shipped,311,"Oulu Toy Supplies, Inc.",Oulu,Finland,1501,Larry Bott
10239,2004-04-12,2004-04-17,S18_3232,1992 Ferrari 360 Spider red,Classic Cars,77.9,135.47,47,Shipped,311,"Oulu Toy Supplies, Inc.",Oulu,Finland,1501,Larry Bott
10239,2004-04-12,2004-04-17,S24_2972,1982 Lamborghini Diablo,Classic Cars,16.24,32.47,20,Shipped,311,"Oulu Toy Supplies, Inc.",Oulu,Finland,1501,Larry Bott
10239,2004-04-12,2004-04-17,S24_3856,1956 Porsche 356A Coupe,Classic Cars,98.3,133.41,29,Shipped,311,"Oulu Toy Supplies, Inc.",Oulu,Finland,1501,Larry Bott
10240,2004-04-13,2004-04-20,S18_1129,1993 Mazda RX-7,Classic Cars,83.51,125.97,41,Shipped,177,Osaka Souveniers Co.,Kita-ku,Japan,1621,Mami Nishi
10240,2004-04-13,2004-04-20,S18_1984,1995 Honda Civic,Classic Cars,93.89,136.56,37,Shipped,177,Osaka Souveniers Co.,Kita-ku,Japan,1621,Mami Nishi
10240,2004-04-13,2004-04-20,S18_3685,1948 Porsche Type 356 Roadster,Classic Cars,62.16,134.22,37,Shipped,177,Osaka Souveniers Co.,Kita-ku,Japan,1621,Mami Nishi
10241,2004-04-13,2004-04-19,S18_1589,1965 Aston Martin DB5,Classic Cars,65.96,119.46,21,Shipped,209,Mini Caravy,Strasbourg,France,1370,Gerard Hernandez
10241,2004-04-13,2004-04-19,S18_1749,1917 Grand Touring Sedan,Vintage Cars,86.7,153.0,41,Shipped,209,Mini Caravy,Strasbourg,France,1370,Gerard Hernandez
10241,2004-04-13,2004-04-19,S18_2248,1911 Ford Town Car,Vintage Cars,33.3,55.7,33,Shipped,209,Mini Caravy,Strasbourg,France,1370,Gerard Hernandez
10241,2004-04-13,2004-04-19,S18_2870,1999 Indy 500 Monte Carlo SS,Classic Cars,56.76,126.72,44,Shipped,209,Mini Caravy,Strasbourg,France,1370,Gerard Hernandez
10241,2004-04-13,2004-04-19,S18_4409,1932 Alfa Romeo 8C2300 Spider Sport,Vintage Cars,43.26,77.31,42,Shipped,209,Mini Caravy,Strasbourg,France,1370,Gerard Hernandez
10241,2004-04-13,2004-04-19,S18_4933,1957 Ford Thunderbird,Classic Cars,34.21,62.72,30,Shipped,209,Mini Caravy,Strasbourg,France,1370,Gerard Hernandez
10241,2004-04-13,2004-04-19,S24_1046,1970 Chevy Chevelle SS 454,Classic Cars,49.24,72.02,22,Shipped,209,Mini Caravy,Strasbourg,France,1370,Gerard Hernandez
10241,2004-04-13,2004-04-19,S24_1628,1966 Shelby Cobra 427 S/C,Classic Cars,29.18,47.29,21,Shipped,209,Mini Caravy,Strasbourg,France,1370,Gerard Hernandez
10241,2004-04-13,2004-04-19,S24_2766,1949 Jaguar XK 120,Classic Cars,47.25,89.05,47,Shipped,209,Mini Caravy,Strasbourg,France,1370,Gerard Hernandez
10241,2004-04-13,2004-04-19,S24_2887,1952 Citroen-15CV,Classic Cars,72.82,117.44,28,Shipped,209,Mini Caravy,Strasbourg,France,1370,Gerard Hernandez
10241,2004-04-13,2004-04-19,S24_3191,1969 Chevrolet Camaro Z28,Classic Cars,50.51,69.34,26,Shipped,209,Mini Caravy,Strasbourg,France,1370,Gerard Hernandez
10241,2004-04-13,2004-04-19,S24_3432,2002 Chevy Corvette,Classic Cars,62.11,107.08,27,Shipped,209,Mini Caravy,Strasbourg,France,1370,Gerard Hernandez
10242,2004-04-20,2004-04-25,S24_3969,1936 Mercedes Benz 500k Roadster,Vintage Cars,21.75,36.52,46,Shipped,456,Microscale Inc.,NYC,USA,1286,Foon Yue Tseng
10243,2004-04-26,2004-04-28,S18_2325,1932 Model A Ford J-Coupe,Vintage Cars,58.48,111.87,47,Shipped,495,Diecast Collectables,Boston,USA,1188,Julie Firrelli
10243,2004-04-26,2004-04-28,S24_1937,1939 Chevrolet Deluxe Coupe,Vintage Cars,22.57,30.87,33,Shipped,495,Diecast Collectables,Boston,USA,1188,Julie Firrelli
10244,2004-04-29,2004-05-04,S18_1342,1937 Lincoln Berline,Vintage Cars,60.62,99.66,40,Shipped,141,Euro+ Shopping Channel,Madrid,Spain,1370,Gerard Hernandez
10244,2004-04-29,2004-05-04,S18_1367,1936 Mercedes-Benz 500K Special Roadster,Vintage Cars,24.26,48.52,20,Shipped,141,Euro+ Shopping Channel,Madrid,Spain,1370,Gerard Hernandez
10244,2004-04-29,2004-05-04,S18_2795,1928 Mercedes-Benz SSK,Vintage Cars,72.56,141.75,43,Shipped,141,Euro+ Shopping Channel,Madrid,Spain,1370,Gerard Hernandez
10244,2004-04-29,2004-05-04,S18_2949,1913 Ford Model T Speedster,Vintage Cars,60.78,87.13,30,Shipped,141,Euro+ Shopping Channel,Madrid,Spain,1370,Gerard Hernandez
10244,2004-04-29,2004-05-04,S18_2957,1934 Ford V8 Coupe,Vintage Cars,34.35,54.96,24,Shipped,141,Euro+ Shopping Channel,Madrid,Spain,1370,Gerard Hernandez
10244,2004-04-29,2004-05-04,S18_3136,18th Century Vintage Horse Carriage,Vintage Cars,60.74,85.87,29,Shipped,141,Euro+ Shopping Channel,Madrid,Spain,1370,Gerard Hernandez
10244,2004-04-29,2004-05-04,S18_3320,1917 Maxwell Touring Car,Vintage Cars,57.54,87.3,36,Shipped,141,Euro+ Shopping Channel,Madrid,Spain,1370,Gerard Hernandez
10244,2004-04-29,2004-05-04,S24_2022,1938 Cadillac V-16 Presidential Limousine,Vintage Cars,20.61,42.11,39,Shipped,141,Euro+ Shopping Channel,Madrid,Spain,1370,Gerard Hernandez
10244,2004-04-29,2004-05-04,S24_4258,1936 Chrysler Airflow,Vintage Cars,57.46,97.39,40,Shipped,141,Euro+ Shopping Channel,Madrid,Spain,1370,Gerard Hernandez
10245,2004-05-04,2004-05-09,S10_1949,1952 Alpine Renault 1300,Classic Cars,98.58,195.01,34,Shipped,455,Super Scale Inc.,New Haven,USA,1286,Foon Yue Tseng
10245,2004-05-04,2004-05-09,S10_4962,1962 LanciaA Delta 16V,Classic Cars,103.42,147.74,28,Shipped,455,Super Scale Inc.,New Haven,USA,1286,Foon Yue Tseng
10245,2004-05-04,2004-05-09,S12_1666,1958 Setra Bus,Trucks and Buses,77.9,120.27,38,Shipped,455,Super Scale Inc.,New Haven,USA,1286,Foon Yue Tseng
10245,2004-05-04,2004-05-09,S18_1097,1940 Ford Pickup Truck,Trucks and Buses,58.33,114.34,29,Shipped,455,Super Scale Inc.,New Haven,USA,1286,Foon Yue Tseng
10245,2004-05-04,2004-05-09,S18_4600,1940s Ford truck,Trucks and Buses,84.76,111.39,21,Shipped,455,Super Scale Inc.,New Haven,USA,1286,Foon Yue Tseng
10245,2004-05-04,2004-05-09,S18_4668,1939 Cadillac Limousine,Vintage Cars,23.14,48.8,45,Shipped,455,Super Scale Inc.,New Haven,USA,1286,Foon Yue Tseng
10245,2004-05-04,2004-05-09,S32_1268,1980’s GM Manhattan Express,Trucks and Buses,53.93,81.86,37,Shipped,455,Super Scale Inc.,New Haven,USA,1286,Foon Yue Tseng
10245,2004-05-04,2004-05-09,S32_3522,1996 Peterbilt 379 Stake Bed with Outrigger,Trucks and Buses,33.61,54.94,44,Shipped,455,Super Scale Inc.,New Haven,USA,1286,Foon Yue Tseng
10245,2004-05-04,2004-05-09,S700_2824,1982 Camaro Z28,Classic Cars,46.53,81.93,44,Shipped,455,Super Scale Inc.,New Haven,USA,1286,Foon Yue Tseng
10246,2004-05-05,2004-05-06,S12_4473,1957 Chevy Pickup,Trucks and Buses,55.7,99.54,46,Shipped,141,Euro+ Shopping Channel,Madrid,Spain,1370,Gerard Hernandez
10246,2004-05-05,2004-05-06,S18_2238,1998 Chrysler Plymouth Prowler,Classic Cars,101.51,144.08,40,Shipped,141,Euro+ Shopping Channel,Madrid,Spain,1370,Gerard Hernandez
10246,2004-05-05,2004-05-06,S18_2319,1964 Mercedes Tour Bus,Trucks and Buses,74.86,100.64,22,Shipped,141,Euro+ Shopping Channel,Madrid,Spain,1370,Gerard Hernandez
10246,2004-05-05,2004-05-06,S18_2432,1926 Ford Fire Engine,Trucks and Buses,24.92,57.73,30,Shipped,141,Euro+ Shopping Channel,Madrid,Spain,1370,Gerard Hernandez
10246,2004-05-05,2004-05-06,S18_3232,1992 Ferrari 360 Spider red,Classic Cars,77.9,145.63,36,Shipped,141,Euro+ Shopping Channel,Madrid,Spain,1370,Gerard Hernandez
10246,2004-05-05,2004-05-06,S24_1444,1970 Dodge Coronet,Classic Cars,32.37,46.24,44,Shipped,141,Euro+ Shopping Channel,Madrid,Spain,1370,Gerard Hernandez
10246,2004-05-05,2004-05-06,S24_2300,1962 Volkswagen Microbus,Trucks and Buses,61.34,118.84,29,Shipped,141,Euro+ Shopping Channel,Madrid,Spain,1370,Gerard Hernandez
10246,2004-05-05,2004-05-06,S24_2840,1958 Chevy Corvette Limited Edition,Classic Cars,15.91,34.65,49,Shipped,141,Euro+ Shopping Channel,Madrid,Spain,1370,Gerard Hernandez
10246,2004-05-05,2004-05-06,S24_4048,1992 Porsche Cayenne Turbo Silver,Classic Cars,69.78,100.54,46,Shipped,141,Euro+ Shopping Channel,Madrid,Spain,1370,Gerard Hernandez
10246,2004-05-05,2004-05-06,S32_2509,1954 Greyhound Scenicruiser,Trucks and Buses,25.98,45.45,35,Shipped,141,Euro+ Shopping Channel,Madrid,Spain,1370,Gerard Hernandez
10246,2004-05-05,2004-05-06,S50_1392,Diamond T620 Semi-Skirted Tanker,Trucks and Buses,68.29,113.44,22,Shipped,141,Euro+ Shopping Channel,Madrid,Spain,1370,Gerard Hernandez
10247,2004-05-05,2004-05-08,S12_1108,2001 Ferrari Enzo,Classic Cars,95.59,195.33,44,Shipped,334,Suominen Souveniers,Espoo,Finland,1501,Larry Bott
10247,2004-05-05,2004-05-08,S12_3148,1969 Corvair Monza,Classic Cars,89.14,140.5,25,Shipped,334,Suominen Souveniers,Espoo,Finland,1501,Larry Bott
10247,2004-05-05,2004-05-08,S12_3891,1969 Ford Falcon,Classic Cars,83.05,167.83,27,Shipped,334,Suominen Souveniers,Espoo,Finland,1501,Larry Bott
10247,2004-05-05,2004-05-08,S18_4027,1970 Triumph Spitfire,Classic Cars,91.92,143.62,48,Shipped,334,Suominen Souveniers,Espoo,Finland,1501,Larry Bott
10247,2004-05-05,2004-05-08,S32_3207,1950's Chicago Surface Lines Streetcar,Trains,26.72,58.41,40,Shipped,334,Suominen Souveniers,Espoo,Finland,1501,Larry Bott
10247,2004-05-05,2004-05-08,S50_1514,1962 City of Detroit Streetcar,Trains,37.49,51.55,49,Shipped,334,Suominen Souveniers,Espoo,Finland,1501,Larry Bott
10248,2004-05-07,NULL,S10_4757,1972 Alfa Romeo GTA,Classic Cars,85.68,126.48,20,Cancelled,131,Land of Toys Inc.,NYC,USA,1323,George Vanauf
10248,2004-05-07,NULL,S18_3029,1999 Yamaha Speed Boat,Ships,51.61,80.86,21,Cancelled,131,Land of Toys Inc.,NYC,USA,1323,George Vanauf
10248,2004-05-07,NULL,S18_3140,1903 Ford Model A,Vintage Cars,68.3,133.86,32,Cancelled,131,Land of Toys Inc.,NYC,USA,1323,George Vanauf
10248,2004-05-07,NULL,S18_3259,Collectable Wooden Train,Trains,67.56,95.8,42,Cancelled,131,Land of Toys Inc.,NYC,USA,1323,George Vanauf
10248,2004-05-07,NULL,S18_4522,1904 Buick Runabout,Vintage Cars,52.66,87.77,42,Cancelled,131,Land of Toys Inc.,NYC,USA,1323,George Vanauf
10248,2004-05-07,NULL,S24_2011,18th century schooner,Ships,82.34,122.89,48,Cancelled,131,Land of Toys Inc.,NYC,USA,1323,George Vanauf
10248,2004-05-07,NULL,S24_3151,1912 Ford Model T Delivery Wagon,Vintage Cars,46.91,85.85,30,Cancelled,131,Land of Toys Inc.,NYC,USA,1323,George Vanauf
10248,2004-05-07,NULL,S24_3816,1940 Ford Delivery Sedan,Vintage Cars,48.64,83.02,23,Cancelled,131,Land of Toys Inc.,NYC,USA,1323,George Vanauf
10248,2004-05-07,NULL,S700_1138,The Schooner Bluenose,Ships,34.0,66.0,36,Cancelled,131,Land of Toys Inc.,NYC,USA,1323,George Vanauf
10248,2004-05-07,NULL,S700_1938,The Mayflower,Ships,43.3,81.41,40,Cancelled,131,Land of Toys Inc.,NYC,USA,1323,George Vanauf
10248,2004-05-07,NULL,S700_2610,The USS Constitution Ship,Ships,33.97,69.39,32,Cancelled,131,Land of Toys Inc.,NYC,USA,1323,George Vanauf
10248,2004-05-07,NULL,S700_3505,The Titanic,Ships,51.09,84.14,30,Cancelled,131,Land of Toys Inc.,NYC,USA,1323,George Vanauf
10248,2004-05-07,NULL,S700_3962,The Queen Mary,Ships,53.63,92.36,35,Cancelled,131,Land of Toys Inc.,NYC,USA,1323,George Vanauf
10248,2004-05-07,NULL,S72_3212,Pont Yacht,Ships,33.3,53.51,23,Cancelled,131,Land of Toys Inc.,NYC,USA,1323,George Vanauf
10249,2004-05-08,2004-05-11,S18_3856,1941 Chevrolet Special Deluxe Cabriolet,Vintage Cars,64.58,88.93,46,Shipped,173,Cambridge Collectables Co.,Cambridge,USA,1188,Julie Firrelli
10249,2004-05-08,2004-05-11,S24_2841,1900s Vintage Bi-Plane,Planes,34.25,54.81,20,Shipped,173,Cambridge Collectables Co.,Cambridge,USA,1188,Julie Firrelli
10249,2004-05-08,2004-05-11,S24_3420,1937 Horch 930V Limousine,Vintage Cars,26.3,65.75,25,Shipped,173,Cambridge Collectables Co.,Cambridge,USA,1188,Julie Firrelli
10249,2004-05-08,2004-05-11,S700_2047,HMS Bounty,Ships,39.83,85.99,40,Shipped,173,Cambridge Collectables Co.,Cambridge,USA,1188,Julie Firrelli
10249,2004-05-08,2004-05-11,S72_1253,Boeing X-32A JSF,Planes,32.77,49.16,32,Shipped,173,Cambridge Collectables Co.,Cambridge,USA,1188,Julie Firrelli
10250,2004-05-11,2004-05-15,S18_1662,1980s Black Hawk Helicopter,Planes,77.27,148.23,45,Shipped,450,The Sharp Gifts Warehouse,San Jose,USA,1165,Leslie Jennings
10250,2004-05-11,2004-05-15,S18_2581,P-51-D Mustang,Planes,49.0,84.48,27,Shipped,450,The Sharp Gifts Warehouse,San Jose,USA,1165,Leslie Jennings
10250,2004-05-11,2004-05-15,S24_1785,1928 British Royal Navy Airplane,Planes,66.74,95.2,31,Shipped,450,The Sharp Gifts Warehouse,San Jose,USA,1165,Leslie Jennings
10250,2004-05-11,2004-05-15,S24_2000,1960 BSA Gold Star DBD34,Motorcycles,37.32,63.22,32,Shipped,450,The Sharp Gifts Warehouse,San Jose,USA,1165,Leslie Jennings
10250,2004-05-11,2004-05-15,S24_3949,Corsair F4U ( Bird Cage),Planes,29.34,61.42,40,Shipped,450,The Sharp Gifts Warehouse,San Jose,USA,1165,Leslie Jennings
10250,2004-05-11,2004-05-15,S24_4278,1900s Vintage Tri-Plane,Planes,36.23,72.45,37,Shipped,450,The Sharp Gifts Warehouse,San Jose,USA,1165,Leslie Jennings
10250,2004-05-11,2004-05-15,S32_1374,1997 BMW F650 ST,Motorcycles,66.92,99.89,31,Shipped,450,The Sharp Gifts Warehouse,San Jose,USA,1165,Leslie Jennings
10250,2004-05-11,2004-05-15,S32_4289,1928 Ford Phaeton Deluxe,Vintage Cars,33.02,62.6,50,Shipped,450,The Sharp Gifts Warehouse,San Jose,USA,1165,Leslie Jennings
10250,2004-05-11,2004-05-15,S50_1341,1930 Buick Marquette Phaeton,Vintage Cars,27.06,36.66,36,Shipped,450,The Sharp Gifts Warehouse,San Jose,USA,1165,Leslie Jennings
10250,2004-05-11,2004-05-15,S700_1691,American Airlines: B767-300,Planes,51.15,91.34,31,Shipped,450,The Sharp Gifts Warehouse,San Jose,USA,1165,Leslie Jennings
10250,2004-05-11,2004-05-15,S700_2466,America West Airlines B757-200,Planes,68.8,90.75,35,Shipped,450,The Sharp Gifts Warehouse,San Jose,USA,1165,Leslie Jennings
10250,2004-05-11,2004-05-15,S700_2834,ATA: B757-300,Planes,59.33,98.48,44,Shipped,450,The Sharp Gifts Warehouse,San Jose,USA,1165,Leslie Jennings
10250,2004-05-11,2004-05-15,S700_3167,F/A 18 Hornet 1/72,Planes,54.4,76.0,44,Shipped,450,The Sharp Gifts Warehouse,San Jose,USA,1165,Leslie Jennings
10250,2004-05-11,2004-05-15,S700_4002,American Airlines: MD-11S,Planes,36.27,65.89,38,Shipped,450,The Sharp Gifts Warehouse,San Jose,USA,1165,Leslie Jennings
10251,2004-05-18,2004-05-24,S10_1678,1969 Harley Davidson Ultimate Chopper,Motorcycles,48.81,93.79,59,Shipped,328,Tekni Collectables Inc.,Newark,USA,1323,George Vanauf
10251,2004-05-18,2004-05-24,S10_2016,1996 Moto Guzzi 1100i,Motorcycles,68.99,115.37,44,Shipped,328,Tekni Collectables Inc.,Newark,USA,1323,George Vanauf
10251,2004-05-18,2004-05-24,S10_4698,2003 Harley-Davidson Eagle Drag Bike,Motorcycles,91.02,172.36,43,Shipped,328,Tekni Collectables Inc.,Newark,USA,1323,George Vanauf
10251,2004-05-18,2004-05-24,S12_2823,2002 Suzuki XREO,Motorcycles,66.27,129.53,46,Shipped,328,Tekni Collectables Inc.,Newark,USA,1323,George Vanauf
10251,2004-05-18,2004-05-24,S18_2625,1936 Harley Davidson El Knucklehead,Motorcycles,24.23,58.15,44,Shipped,328,Tekni Collectables Inc.,Newark,USA,1323,George Vanauf
10251,2004-05-18,2004-05-24,S24_1578,1997 BMW R 1100 S,Motorcycles,60.86,91.29,50,Shipped,328,Tekni Collectables Inc.,Newark,USA,1323,George Vanauf
10252,2004-05-26,2004-05-29,S18_3278,1969 Dodge Super Bee,Classic Cars,49.05,74.78,20,Shipped,406,Auto Canal+ Petit,Paris,France,1337,Loui Bondur
10252,2004-05-26,2004-05-29,S18_3482,1976 Ford Gran Torino,Classic Cars,73.49,145.52,41,Shipped,406,Auto Canal+ Petit,Paris,France,1337,Loui Bondur
10252,2004-05-26,2004-05-29,S18_3782,1957 Vespa GS150,Motorcycles,32.95,50.36,31,Shipped,406,Auto Canal+ Petit,Paris,France,1337,Loui Bondur
10252,2004-05-26,2004-05-29,S18_4721,1957 Corvette Convertible,Classic Cars,69.93,127.97,26,Shipped,406,Auto Canal+ Petit,Paris,France,1337,Loui Bondur
10252,2004-05-26,2004-05-29,S24_2360,1982 Ducati 900 Monster,Motorcycles,47.1,63.03,47,Shipped,406,Auto Canal+ Petit,Paris,France,1337,Loui Bondur
10252,2004-05-26,2004-05-29,S24_4620,1961 Chevrolet Impala,Classic Cars,32.33,69.52,38,Shipped,406,Auto Canal+ Petit,Paris,France,1337,Loui Bondur
10252,2004-05-26,2004-05-29,S32_2206,1982 Ducati 996 R,Motorcycles,24.14,36.21,36,Shipped,406,Auto Canal+ Petit,Paris,France,1337,Loui Bondur
10252,2004-05-26,2004-05-29,S32_4485,1974 Ducati 350 Mk3 Desmo,Motorcycles,56.13,93.89,25,Shipped,406,Auto Canal+ Petit,Paris,France,1337,Loui Bondur
10252,2004-05-26,2004-05-29,S50_4713,2002 Yamaha YZR M1,Motorcycles,34.17,72.41,48,Shipped,406,Auto Canal+ Petit,Paris,France,1337,Loui Bondur
10253,2004-06-01,2004-06-02,S12_1099,1968 Ford Mustang,Classic Cars,95.34,157.6,24,Cancelled,201,"UK Collectables, Ltd.",Liverpool,UK,1501,Larry Bott
10253,2004-06-01,2004-06-02,S12_3380,1968 Dodge Charger,Classic Cars,75.16,102.17,22,Cancelled,201,"UK Collectables, Ltd.",Liverpool,UK,1501,Larry Bott
10253,2004-06-01,2004-06-02,S12_3990,1970 Plymouth Hemi Cuda,Classic Cars,31.92,67.03,25,Cancelled,201,"UK Collectables, Ltd.",Liverpool,UK,1501,Larry Bott
10253,2004-06-01,2004-06-02,S12_4675,1969 Dodge Charger,Classic Cars,58.73,109.4,41,Cancelled,201,"UK Collectables, Ltd.",Liverpool,UK,1501,Larry Bott
10253,2004-06-01,2004-06-02,S18_1129,1993 Mazda RX-7,Classic Cars,83.51,130.22,26,Cancelled,201,"UK Collectables, Ltd.",Liverpool,UK,1501,Larry Bott
10253,2004-06-01,2004-06-02,S18_1589,1965 Aston Martin DB5,Classic Cars,65.96,103.29,24,Cancelled,201,"UK Collectables, Ltd.",Liverpool,UK,1501,Larry Bott
10253,2004-06-01,2004-06-02,S18_1889,1948 Porsche 356-A Roadster,Classic Cars,53.9,67.76,23,Cancelled,201,"UK Collectables, Ltd.",Liverpool,UK,1501,Larry Bott
10253,2004-06-01,2004-06-02,S18_1984,1995 Honda Civic,Classic Cars,93.89,130.87,33,Cancelled,201,"UK Collectables, Ltd.",Liverpool,UK,1501,Larry Bott
10253,2004-06-01,2004-06-02,S18_2870,1999 Indy 500 Monte Carlo SS,Classic Cars,56.76,114.84,37,Cancelled,201,"UK Collectables, Ltd.",Liverpool,UK,1501,Larry Bott
10253,2004-06-01,2004-06-02,S18_3232,1992 Ferrari 360 Spider red,Classic Cars,77.9,145.63,40,Cancelled,201,"UK Collectables, Ltd.",Liverpool,UK,1501,Larry Bott
10253,2004-06-01,2004-06-02,S18_3685,1948 Porsche Type 356 Roadster,Classic Cars,62.16,139.87,31,Cancelled,201,"UK Collectables, Ltd.",Liverpool,UK,1501,Larry Bott
10253,2004-06-01,2004-06-02,S24_2972,1982 Lamborghini Diablo,Classic Cars,16.24,34.74,40,Cancelled,201,"UK Collectables, Ltd.",Liverpool,UK,1501,Larry Bott
10253,2004-06-01,2004-06-02,S24_3371,1971 Alpine Renault 1600s,Classic Cars,38.58,50.82,24,Cancelled,201,"UK Collectables, Ltd.",Liverpool,UK,1501,Larry Bott
10253,2004-06-01,2004-06-02,S24_3856,1956 Porsche 356A Coupe,Classic Cars,98.3,115.15,39,Cancelled,201,"UK Collectables, Ltd.",Liverpool,UK,1501,Larry Bott
10254,2004-06-03,2004-06-04,S18_1749,1917 Grand Touring Sedan,Vintage Cars,86.7,137.7,49,Shipped,323,"Down Under Souveniers, Inc",Auckland,New Zealand,1612,Peter Marsh
10254,2004-06-03,2004-06-04,S18_2248,1911 Ford Town Car,Vintage Cars,33.3,55.09,36,Shipped,323,"Down Under Souveniers, Inc",Auckland,New Zealand,1612,Peter Marsh
10254,2004-06-03,2004-06-04,S18_2325,1932 Model A Ford J-Coupe,Vintage Cars,58.48,102.98,41,Shipped,323,"Down Under Souveniers, Inc",Auckland,New Zealand,1612,Peter Marsh
10254,2004-06-03,2004-06-04,S18_4409,1932 Alfa Romeo 8C2300 Spider Sport,Vintage Cars,43.26,80.99,34,Shipped,323,"Down Under Souveniers, Inc",Auckland,New Zealand,1612,Peter Marsh
10254,2004-06-03,2004-06-04,S18_4933,1957 Ford Thunderbird,Classic Cars,34.21,59.87,30,Shipped,323,"Down Under Souveniers, Inc",Auckland,New Zealand,1612,Peter Marsh
10254,2004-06-03,2004-06-04,S24_1046,1970 Chevy Chevelle SS 454,Classic Cars,49.24,66.88,34,Shipped,323,"Down Under Souveniers, Inc",Auckland,New Zealand,1612,Peter Marsh
10254,2004-06-03,2004-06-04,S24_1628,1966 Shelby Cobra 427 S/C,Classic Cars,29.18,43.27,32,Shipped,323,"Down Under Souveniers, Inc",Auckland,New Zealand,1612,Peter Marsh
10254,2004-06-03,2004-06-04,S24_1937,1939 Chevrolet Deluxe Coupe,Vintage Cars,22.57,28.88,38,Shipped,323,"Down Under Souveniers, Inc",Auckland,New Zealand,1612,Peter Marsh
10254,2004-06-03,2004-06-04,S24_2766,1949 Jaguar XK 120,Classic Cars,47.25,85.42,31,Shipped,323,"Down Under Souveniers, Inc",Auckland,New Zealand,1612,Peter Marsh
10254,2004-06-03,2004-06-04,S24_2887,1952 Citroen-15CV,Classic Cars,72.82,111.57,33,Shipped,323,"Down Under Souveniers, Inc",Auckland,New Zealand,1612,Peter Marsh
10254,2004-06-03,2004-06-04,S24_3191,1969 Chevrolet Camaro Z28,Classic Cars,50.51,69.34,42,Shipped,323,"Down Under Souveniers, Inc",Auckland,New Zealand,1612,Peter Marsh
10254,2004-06-03,2004-06-04,S24_3432,2002 Chevy Corvette,Classic Cars,62.11,101.73,49,Shipped,323,"Down Under Souveniers, Inc",Auckland,New Zealand,1612,Peter Marsh
10254,2004-06-03,2004-06-04,S24_3969,1936 Mercedes Benz 500k Roadster,Vintage Cars,21.75,39.8,20,Shipped,323,"Down Under Souveniers, Inc",Auckland,New Zealand,1612,Peter Marsh
10255,2004-06-04,2004-06-09,S18_2795,1928 Mercedes-Benz SSK,Vintage Cars,72.56,135.0,24,Shipped,209,Mini Caravy,Strasbourg,France,1370,Gerard Hernandez
10255,2004-06-04,2004-06-09,S24_2022,1938 Cadillac V-16 Presidential Limousine,Vintage Cars,20.61,37.63,37,Shipped,209,Mini Caravy,Strasbourg,France,1370,Gerard Hernandez
10256,2004-06-08,2004-06-10,S18_1342,1937 Lincoln Berline,Vintage Cars,60.62,93.49,34,Shipped,145,Danish Wholesale Imports,Kobenhavn,Denmark,1401,Pamela Castillo
10256,2004-06-08,2004-06-10,S18_1367,1936 Mercedes-Benz 500K Special Roadster,Vintage Cars,24.26,52.83,29,Shipped,145,Danish Wholesale Imports,Kobenhavn,Denmark,1401,Pamela Castillo
10257,2004-06-14,2004-06-15,S18_2949,1913 Ford Model T Speedster,Vintage Cars,60.78,92.19,50,Shipped,450,The Sharp Gifts Warehouse,San Jose,USA,1165,Leslie Jennings
10257,2004-06-14,2004-06-15,S18_2957,1934 Ford V8 Coupe,Vintage Cars,34.35,59.34,49,Shipped,450,The Sharp Gifts Warehouse,San Jose,USA,1165,Leslie Jennings
10257,2004-06-14,2004-06-15,S18_3136,18th Century Vintage Horse Carriage,Vintage Cars,60.74,83.78,37,Shipped,450,The Sharp Gifts Warehouse,San Jose,USA,1165,Leslie Jennings
10257,2004-06-14,2004-06-15,S18_3320,1917 Maxwell Touring Car,Vintage Cars,57.54,91.27,26,Shipped,450,The Sharp Gifts Warehouse,San Jose,USA,1165,Leslie Jennings
10257,2004-06-14,2004-06-15,S24_4258,1936 Chrysler Airflow,Vintage Cars,57.46,81.81,46,Shipped,450,The Sharp Gifts Warehouse,San Jose,USA,1165,Leslie Jennings
10258,2004-06-15,2004-06-23,S10_1949,1952 Alpine Renault 1300,Classic Cars,98.58,177.87,32,Shipped,398,"Tokyo Collectables, Ltd",Minato-ku,Japan,1621,Mami Nishi
10258,2004-06-15,2004-06-23,S12_1666,1958 Setra Bus,Trucks and Buses,77.9,133.94,41,Shipped,398,"Tokyo Collectables, Ltd",Minato-ku,Japan,1621,Mami Nishi
10258,2004-06-15,2004-06-23,S18_1097,1940 Ford Pickup Truck,Trucks and Buses,58.33,113.17,41,Shipped,398,"Tokyo Collectables, Ltd",Minato-ku,Japan,1621,Mami Nishi
10258,2004-06-15,2004-06-23,S18_4668,1939 Cadillac Limousine,Vintage Cars,23.14,49.81,21,Shipped,398,"Tokyo Collectables, Ltd",Minato-ku,Japan,1621,Mami Nishi
10258,2004-06-15,2004-06-23,S32_3522,1996 Peterbilt 379 Stake Bed with Outrigger,Trucks and Buses,33.61,62.7,20,Shipped,398,"Tokyo Collectables, Ltd",Minato-ku,Japan,1621,Mami Nishi
10258,2004-06-15,2004-06-23,S700_2824,1982 Camaro Z28,Classic Cars,46.53,86.99,45,Shipped,398,"Tokyo Collectables, Ltd",Minato-ku,Japan,1621,Mami Nishi
10259,2004-06-15,2004-06-17,S10_4962,1962 LanciaA Delta 16V,Classic Cars,103.42,121.15,26,Shipped,166,Handji Gifts& Co,Singapore,Singapore,1612,Peter Marsh
10259,2004-06-15,2004-06-17,S12_4473,1957 Chevy Pickup,Trucks and Buses,55.7,117.32,46,Shipped,166,Handji Gifts& Co,Singapore,Singapore,1612,Peter Marsh
10259,2004-06-15,2004-06-17,S18_2238,1998 Chrysler Plymouth Prowler,Classic Cars,101.51,134.26,30,Shipped,166,Handji Gifts& Co,Singapore,Singapore,1612,Peter Marsh
10259,2004-06-15,2004-06-17,S18_2319,1964 Mercedes Tour Bus,Trucks and Buses,74.86,120.28,34,Shipped,166,Handji Gifts& Co,Singapore,Singapore,1612,Peter Marsh
10259,2004-06-15,2004-06-17,S18_2432,1926 Ford Fire Engine,Trucks and Buses,24.92,59.55,30,Shipped,166,Handji Gifts& Co,Singapore,Singapore,1612,Peter Marsh
10259,2004-06-15,2004-06-17,S18_3232,1992 Ferrari 360 Spider red,Classic Cars,77.9,152.41,27,Shipped,166,Handji Gifts& Co,Singapore,Singapore,1612,Peter Marsh
10259,2004-06-15,2004-06-17,S18_4600,1940s Ford truck,Trucks and Buses,84.76,107.76,41,Shipped,166,Handji Gifts& Co,Singapore,Singapore,1612,Peter Marsh
10259,2004-06-15,2004-06-17,S24_1444,1970 Dodge Coronet,Classic Cars,32.37,46.82,28,Shipped,166,Handji Gifts& Co,Singapore,Singapore,1612,Peter Marsh
10259,2004-06-15,2004-06-17,S24_2300,1962 Volkswagen Microbus,Trucks and Buses,61.34,121.4,47,Shipped,166,Handji Gifts& Co,Singapore,Singapore,1612,Peter Marsh
10259,2004-06-15,2004-06-17,S24_2840,1958 Chevy Corvette Limited Edition,Classic Cars,15.91,31.47,31,Shipped,166,Handji Gifts& Co,Singapore,Singapore,1612,Peter Marsh
10259,2004-06-15,2004-06-17,S32_1268,1980’s GM Manhattan Express,Trucks and Buses,53.93,95.35,45,Shipped,166,Handji Gifts& Co,Singapore,Singapore,1612,Peter Marsh
10259,2004-06-15,2004-06-17,S32_2509,1954 Greyhound Scenicruiser,Trucks and Buses,25.98,45.99,40,Shipped,166,Handji Gifts& Co,Singapore,Singapore,1612,Peter Marsh
10259,2004-06-15,2004-06-17,S50_1392,Diamond T620 Semi-Skirted Tanker,Trucks and Buses,68.29,105.33,29,Shipped,166,Handji Gifts& Co,Singapore,Singapore,1612,Peter Marsh
10260,2004-06-16,NULL,S12_1108,2001 Ferrari Enzo,Classic Cars,95.59,180.79,46,Cancelled,357,GiftsForHim.com,Auckland,New Zealand,1612,Peter Marsh
10260,2004-06-16,NULL,S12_3148,1969 Corvair Monza,Classic Cars,89.14,140.5,30,Cancelled,357,GiftsForHim.com,Auckland,New Zealand,1612,Peter Marsh
10260,2004-06-16,NULL,S12_3891,1969 Ford Falcon,Classic Cars,83.05,169.56,44,Cancelled,357,GiftsForHim.com,Auckland,New Zealand,1612,Peter Marsh
10260,2004-06-16,NULL,S18_3140,1903 Ford Model A,Vintage Cars,68.3,121.57,32,Cancelled,357,GiftsForHim.com,Auckland,New Zealand,1612,Peter Marsh
10260,2004-06-16,NULL,S18_3259,Collectable Wooden Train,Trains,67.56,92.77,29,Cancelled,357,GiftsForHim.com,Auckland,New Zealand,1612,Peter Marsh
10260,2004-06-16,NULL,S18_4027,1970 Triumph Spitfire,Classic Cars,91.92,137.88,23,Cancelled,357,GiftsForHim.com,Auckland,New Zealand,1612,Peter Marsh
10260,2004-06-16,NULL,S24_4048,1992 Porsche Cayenne Turbo Silver,Classic Cars,69.78,117.1,23,Cancelled,357,GiftsForHim.com,Auckland,New Zealand,1612,Peter Marsh
10260,2004-06-16,NULL,S32_3207,1950's Chicago Surface Lines Streetcar,Trains,26.72,55.3,27,Cancelled,357,GiftsForHim.com,Auckland,New Zealand,1612,Peter Marsh
10260,2004-06-16,NULL,S50_1514,1962 City of Detroit Streetcar,Trains,37.49,56.24,21,Cancelled,357,GiftsForHim.com,Auckland,New Zealand,1612,Peter Marsh
10260,2004-06-16,NULL,S700_1938,The Mayflower,Ships,43.3,80.55,33,Cancelled,357,GiftsForHim.com,Auckland,New Zealand,1612,Peter Marsh
10261,2004-06-17,2004-06-22,S10_4757,1972 Alfa Romeo GTA,Classic Cars,85.68,116.96,27,Shipped,233,Québec Home Shopping Network,Montréal,Canada,1286,Foon Yue Tseng
10261,2004-06-17,2004-06-22,S18_4522,1904 Buick Runabout,Vintage Cars,52.66,80.75,20,Shipped,233,Québec Home Shopping Network,Montréal,Canada,1286,Foon Yue Tseng
10261,2004-06-17,2004-06-22,S24_2011,18th century schooner,Ships,82.34,105.69,36,Shipped,233,Québec Home Shopping Network,Montréal,Canada,1286,Foon Yue Tseng
10261,2004-06-17,2004-06-22,S24_3151,1912 Ford Model T Delivery Wagon,Vintage Cars,46.91,79.66,22,Shipped,233,Québec Home Shopping Network,Montréal,Canada,1286,Foon Yue Tseng
10261,2004-06-17,2004-06-22,S700_1138,The Schooner Bluenose,Ships,34.0,64.0,34,Shipped,233,Québec Home Shopping Network,Montréal,Canada,1286,Foon Yue Tseng
10261,2004-06-17,2004-06-22,S700_2610,The USS Constitution Ship,Ships,33.97,58.55,44,Shipped,233,Québec Home Shopping Network,Montréal,Canada,1286,Foon Yue Tseng
10261,2004-06-17,2004-06-22,S700_3505,The Titanic,Ships,51.09,89.15,25,Shipped,233,Québec Home Shopping Network,Montréal,Canada,1286,Foon Yue Tseng
10261,2004-06-17,2004-06-22,S700_3962,The Queen Mary,Ships,53.63,88.39,50,Shipped,233,Québec Home Shopping Network,Montréal,Canada,1286,Foon Yue Tseng
10261,2004-06-17,2004-06-22,S72_3212,Pont Yacht,Ships,33.3,43.68,29,Shipped,233,Québec Home Shopping Network,Montréal,Canada,1286,Foon Yue Tseng
10262,2004-06-24,NULL,S18_1662,1980s Black Hawk Helicopter,Planes,77.27,157.69,49,Cancelled,141,Euro+ Shopping Channel,Madrid,Spain,1370,Gerard Hernandez
10262,2004-06-24,NULL,S18_3029,1999 Yamaha Speed Boat,Ships,51.61,81.72,32,Cancelled,141,Euro+ Shopping Channel,Madrid,Spain,1370,Gerard Hernandez
10262,2004-06-24,NULL,S18_3856,1941 Chevrolet Special Deluxe Cabriolet,Vintage Cars,64.58,85.75,34,Cancelled,141,Euro+ Shopping Channel,Madrid,Spain,1370,Gerard Hernandez
10262,2004-06-24,NULL,S24_1785,1928 British Royal Navy Airplane,Planes,66.74,98.48,34,Cancelled,141,Euro+ Shopping Channel,Madrid,Spain,1370,Gerard Hernandez
10262,2004-06-24,NULL,S24_2841,1900s Vintage Bi-Plane,Planes,34.25,63.71,24,Cancelled,141,Euro+ Shopping Channel,Madrid,Spain,1370,Gerard Hernandez
10262,2004-06-24,NULL,S24_3420,1937 Horch 930V Limousine,Vintage Cars,26.3,65.75,46,Cancelled,141,Euro+ Shopping Channel,Madrid,Spain,1370,Gerard Hernandez
10262,2004-06-24,NULL,S24_3816,1940 Ford Delivery Sedan,Vintage Cars,48.64,82.18,49,Cancelled,141,Euro+ Shopping Channel,Madrid,Spain,1370,Gerard Hernandez
10262,2004-06-24,NULL,S24_3949,Corsair F4U ( Bird Cage),Planes,29.34,58.69,48,Cancelled,141,Euro+ Shopping Channel,Madrid,Spain,1370,Gerard Hernandez
10262,2004-06-24,NULL,S32_4289,1928 Ford Phaeton Deluxe,Vintage Cars,33.02,63.97,40,Cancelled,141,Euro+ Shopping Channel,Madrid,Spain,1370,Gerard Hernandez
10262,2004-06-24,NULL,S50_1341,1930 Buick Marquette Phaeton,Vintage Cars,27.06,35.78,49,Cancelled,141,Euro+ Shopping Channel,Madrid,Spain,1370,Gerard Hernandez
10262,2004-06-24,NULL,S700_1691,American Airlines: B767-300,Planes,51.15,87.69,40,Cancelled,141,Euro+ Shopping Channel,Madrid,Spain,1370,Gerard Hernandez
10262,2004-06-24,NULL,S700_2047,HMS Bounty,Ships,39.83,83.28,44,Cancelled,141,Euro+ Shopping Channel,Madrid,Spain,1370,Gerard Hernandez
10262,2004-06-24,NULL,S700_2466,America West Airlines B757-200,Planes,68.8,81.77,33,Cancelled,141,Euro+ Shopping Channel,Madrid,Spain,1370,Gerard Hernandez
10262,2004-06-24,NULL,S700_3167,F/A 18 Hornet 1/72,Planes,54.4,64.8,27,Cancelled,141,Euro+ Shopping Channel,Madrid,Spain,1370,Gerard Hernandez
10262,2004-06-24,NULL,S700_4002,American Airlines: MD-11S,Planes,36.27,64.41,35,Cancelled,141,Euro+ Shopping Channel,Madrid,Spain,1370,Gerard Hernandez
10262,2004-06-24,NULL,S72_1253,Boeing X-32A JSF,Planes,32.77,41.71,21,Cancelled,141,Euro+ Shopping Channel,Madrid,Spain,1370,Gerard Hernandez
10263,2004-06-28,2004-07-02,S10_1678,1969 Harley Davidson Ultimate Chopper,Motorcycles,48.81,89.0,34,Shipped,175,Gift Depot Inc.,Bridgewater,USA,1323,George Vanauf
10263,2004-06-28,2004-07-02,S10_2016,1996 Moto Guzzi 1100i,Motorcycles,68.99,107.05,40,Shipped,175,Gift Depot Inc.,Bridgewater,USA,1323,George Vanauf
10263,2004-06-28,2004-07-02,S10_4698,2003 Harley-Davidson Eagle Drag Bike,Motorcycles,91.02,193.66,41,Shipped,175,Gift Depot Inc.,Bridgewater,USA,1323,George Vanauf
10263,2004-06-28,2004-07-02,S12_2823,2002 Suzuki XREO,Motorcycles,66.27,123.51,48,Shipped,175,Gift Depot Inc.,Bridgewater,USA,1323,George Vanauf
10263,2004-06-28,2004-07-02,S18_2581,P-51-D Mustang,Planes,49.0,67.58,33,Shipped,175,Gift Depot Inc.,Bridgewater,USA,1323,George Vanauf
10263,2004-06-28,2004-07-02,S18_2625,1936 Harley Davidson El Knucklehead,Motorcycles,24.23,50.27,34,Shipped,175,Gift Depot Inc.,Bridgewater,USA,1323,George Vanauf
10263,2004-06-28,2004-07-02,S24_1578,1997 BMW R 1100 S,Motorcycles,60.86,109.32,42,Shipped,175,Gift Depot Inc.,Bridgewater,USA,1323,George Vanauf
10263,2004-06-28,2004-07-02,S24_2000,1960 BSA Gold Star DBD34,Motorcycles,37.32,67.03,37,Shipped,175,Gift Depot Inc.,Bridgewater,USA,1323,George Vanauf
10263,2004-06-28,2004-07-02,S24_4278,1900s Vintage Tri-Plane,Planes,36.23,59.41,24,Shipped,175,Gift Depot Inc.,Bridgewater,USA,1323,George Vanauf
10263,2004-06-28,2004-07-02,S32_1374,1997 BMW F650 ST,Motorcycles,66.92,93.9,31,Shipped,175,Gift Depot Inc.,Bridgewater,USA,1323,George Vanauf
10263,2004-06-28,2004-07-02,S700_2834,ATA: B757-300,Planes,59.33,117.46,47,Shipped,175,Gift Depot Inc.,Bridgewater,USA,1323,George Vanauf
10264,2004-06-30,2004-07-01,S18_3782,1957 Vespa GS150,Motorcycles,32.95,58.44,48,Shipped,362,Gifts4AllAges.com,Boston,USA,1216,Steve Patterson
10264,2004-06-30,2004-07-01,S18_4721,1957 Corvette Convertible,Classic Cars,69.93,124.99,20,Shipped,362,Gifts4AllAges.com,Boston,USA,1216,Steve Patterson
10264,2004-06-30,2004-07-01,S24_2360,1982 Ducati 900 Monster,Motorcycles,47.1,61.64,37,Shipped,362,Gifts4AllAges.com,Boston,USA,1216,Steve Patterson
10264,2004-06-30,2004-07-01,S24_4620,1961 Chevrolet Impala,Classic Cars,32.33,75.18,47,Shipped,362,Gifts4AllAges.com,Boston,USA,1216,Steve Patterson
10264,2004-06-30,2004-07-01,S32_2206,1982 Ducati 996 R,Motorcycles,24.14,39.02,20,Shipped,362,Gifts4AllAges.com,Boston,USA,1216,Steve Patterson
10264,2004-06-30,2004-07-01,S32_4485,1974 Ducati 350 Mk3 Desmo,Motorcycles,56.13,100.01,34,Shipped,362,Gifts4AllAges.com,Boston,USA,1216,Steve Patterson
10264,2004-06-30,2004-07-01,S50_4713,2002 Yamaha YZR M1,Motorcycles,34.17,67.53,47,Shipped,362,Gifts4AllAges.com,Boston,USA,1216,Steve Patterson
10265,2004-07-02,2004-07-07,S18_3278,1969 Dodge Super Bee,Classic Cars,49.05,74.78,45,Shipped,471,"Australian Collectables, Ltd",Glen Waverly,Australia,1611,Andy Fixter
10265,2004-07-02,2004-07-07,S18_3482,1976 Ford Gran Torino,Classic Cars,73.49,123.47,49,Shipped,471,"Australian Collectables, Ltd",Glen Waverly,Australia,1611,Andy Fixter
10266,2004-07-06,2004-07-10,S12_1099,1968 Ford Mustang,Classic Cars,95.34,188.73,44,Shipped,386,L'ordine Souveniers,Reggio Emilia,Italy,1401,Pamela Castillo
10266,2004-07-06,2004-07-10,S12_3380,1968 Dodge Charger,Classic Cars,75.16,110.39,22,Shipped,386,L'ordine Souveniers,Reggio Emilia,Italy,1401,Pamela Castillo
10266,2004-07-06,2004-07-10,S12_3990,1970 Plymouth Hemi Cuda,Classic Cars,31.92,67.83,35,Shipped,386,L'ordine Souveniers,Reggio Emilia,Italy,1401,Pamela Castillo
10266,2004-07-06,2004-07-10,S12_4675,1969 Dodge Charger,Classic Cars,58.73,112.86,40,Shipped,386,L'ordine Souveniers,Reggio Emilia,Italy,1401,Pamela Castillo
10266,2004-07-06,2004-07-10,S18_1129,1993 Mazda RX-7,Classic Cars,83.51,131.63,21,Shipped,386,L'ordine Souveniers,Reggio Emilia,Italy,1401,Pamela Castillo
10266,2004-07-06,2004-07-10,S18_1589,1965 Aston Martin DB5,Classic Cars,65.96,99.55,36,Shipped,386,L'ordine Souveniers,Reggio Emilia,Italy,1401,Pamela Castillo
10266,2004-07-06,2004-07-10,S18_1889,1948 Porsche 356-A Roadster,Classic Cars,53.9,77.0,33,Shipped,386,L'ordine Souveniers,Reggio Emilia,Italy,1401,Pamela Castillo
10266,2004-07-06,2004-07-10,S18_1984,1995 Honda Civic,Classic Cars,93.89,139.41,49,Shipped,386,L'ordine Souveniers,Reggio Emilia,Italy,1401,Pamela Castillo
10266,2004-07-06,2004-07-10,S18_2870,1999 Indy 500 Monte Carlo SS,Classic Cars,56.76,113.52,20,Shipped,386,L'ordine Souveniers,Reggio Emilia,Italy,1401,Pamela Castillo
10266,2004-07-06,2004-07-10,S18_3232,1992 Ferrari 360 Spider red,Classic Cars,77.9,137.17,29,Shipped,386,L'ordine Souveniers,Reggio Emilia,Italy,1401,Pamela Castillo
10266,2004-07-06,2004-07-10,S18_3685,1948 Porsche Type 356 Roadster,Classic Cars,62.16,127.15,33,Shipped,386,L'ordine Souveniers,Reggio Emilia,Italy,1401,Pamela Castillo
10266,2004-07-06,2004-07-10,S24_1628,1966 Shelby Cobra 427 S/C,Classic Cars,29.18,40.25,28,Shipped,386,L'ordine Souveniers,Reggio Emilia,Italy,1401,Pamela Castillo
10266,2004-07-06,2004-07-10,S24_2972,1982 Lamborghini Diablo,Classic Cars,16.24,35.12,34,Shipped,386,L'ordine Souveniers,Reggio Emilia,Italy,1401,Pamela Castillo
10266,2004-07-06,2004-07-10,S24_3371,1971 Alpine Renault 1600s,Classic Cars,38.58,56.33,47,Shipped,386,L'ordine Souveniers,Reggio Emilia,Italy,1401,Pamela Castillo
10266,2004-07-06,2004-07-10,S24_3856,1956 Porsche 356A Coupe,Classic Cars,98.3,119.37,24,Shipped,386,L'ordine Souveniers,Reggio Emilia,Italy,1401,Pamela Castillo
10267,2004-07-07,2004-07-09,S18_4933,1957 Ford Thunderbird,Classic Cars,34.21,71.27,36,Shipped,151,Muscle Machine Inc,NYC,USA,1286,Foon Yue Tseng
10267,2004-07-07,2004-07-09,S24_1046,1970 Chevy Chevelle SS 454,Classic Cars,49.24,72.02,40,Shipped,151,Muscle Machine Inc,NYC,USA,1286,Foon Yue Tseng
10267,2004-07-07,2004-07-09,S24_2766,1949 Jaguar XK 120,Classic Cars,47.25,76.33,38,Shipped,151,Muscle Machine Inc,NYC,USA,1286,Foon Yue Tseng
10267,2004-07-07,2004-07-09,S24_2887,1952 Citroen-15CV,Classic Cars,72.82,93.95,43,Shipped,151,Muscle Machine Inc,NYC,USA,1286,Foon Yue Tseng
10267,2004-07-07,2004-07-09,S24_3191,1969 Chevrolet Camaro Z28,Classic Cars,50.51,83.9,44,Shipped,151,Muscle Machine Inc,NYC,USA,1286,Foon Yue Tseng
10267,2004-07-07,2004-07-09,S24_3432,2002 Chevy Corvette,Classic Cars,62.11,98.51,43,Shipped,151,Muscle Machine Inc,NYC,USA,1286,Foon Yue Tseng
10268,2004-07-12,2004-07-14,S18_1342,1937 Lincoln Berline,Vintage Cars,60.62,93.49,49,Shipped,412,"Extreme Desk Decorations, Ltd",Wellington,New Zealand,1612,Peter Marsh
10268,2004-07-12,2004-07-14,S18_1367,1936 Mercedes-Benz 500K Special Roadster,Vintage Cars,24.26,45.82,26,Shipped,412,"Extreme Desk Decorations, Ltd",Wellington,New Zealand,1612,Peter Marsh
10268,2004-07-12,2004-07-14,S18_1749,1917 Grand Touring Sedan,Vintage Cars,86.7,164.9,34,Shipped,412,"Extreme Desk Decorations, Ltd",Wellington,New Zealand,1612,Peter Marsh
10268,2004-07-12,2004-07-14,S18_2248,1911 Ford Town Car,Vintage Cars,33.3,60.54,31,Shipped,412,"Extreme Desk Decorations, Ltd",Wellington,New Zealand,1612,Peter Marsh
10268,2004-07-12,2004-07-14,S18_2325,1932 Model A Ford J-Coupe,Vintage Cars,58.48,124.59,50,Shipped,412,"Extreme Desk Decorations, Ltd",Wellington,New Zealand,1612,Peter Marsh
10268,2004-07-12,2004-07-14,S18_2795,1928 Mercedes-Benz SSK,Vintage Cars,72.56,148.5,35,Shipped,412,"Extreme Desk Decorations, Ltd",Wellington,New Zealand,1612,Peter Marsh
10268,2004-07-12,2004-07-14,S18_3320,1917 Maxwell Touring Car,Vintage Cars,57.54,96.23,39,Shipped,412,"Extreme Desk Decorations, Ltd",Wellington,New Zealand,1612,Peter Marsh
10268,2004-07-12,2004-07-14,S18_4409,1932 Alfa Romeo 8C2300 Spider Sport,Vintage Cars,43.26,84.67,35,Shipped,412,"Extreme Desk Decorations, Ltd",Wellington,New Zealand,1612,Peter Marsh
10268,2004-07-12,2004-07-14,S24_1937,1939 Chevrolet Deluxe Coupe,Vintage Cars,22.57,31.86,33,Shipped,412,"Extreme Desk Decorations, Ltd",Wellington,New Zealand,1612,Peter Marsh
10268,2004-07-12,2004-07-14,S24_2022,1938 Cadillac V-16 Presidential Limousine,Vintage Cars,20.61,36.29,40,Shipped,412,"Extreme Desk Decorations, Ltd",Wellington,New Zealand,1612,Peter Marsh
10268,2004-07-12,2004-07-14,S24_3969,1936 Mercedes Benz 500k Roadster,Vintage Cars,21.75,37.75,30,Shipped,412,"Extreme Desk Decorations, Ltd",Wellington,New Zealand,1612,Peter Marsh
10269,2004-07-16,2004-07-18,S18_2957,1934 Ford V8 Coupe,Vintage Cars,34.35,57.46,32,Shipped,382,Salzburg Collectables,Salzburg,Austria,1401,Pamela Castillo
10269,2004-07-16,2004-07-18,S24_4258,1936 Chrysler Airflow,Vintage Cars,57.46,95.44,48,Shipped,382,Salzburg Collectables,Salzburg,Austria,1401,Pamela Castillo
10270,2004-07-19,2004-07-24,S10_1949,1952 Alpine Renault 1300,Classic Cars,98.58,171.44,21,Shipped,282,Souveniers And Things Co.,Chatswood,Australia,1611,Andy Fixter
10270,2004-07-19,2004-07-24,S10_4962,1962 LanciaA Delta 16V,Classic Cars,103.42,124.1,32,Shipped,282,Souveniers And Things Co.,Chatswood,Australia,1611,Andy Fixter
10270,2004-07-19,2004-07-24,S12_1666,1958 Setra Bus,Trucks and Buses,77.9,135.3,28,Shipped,282,Souveniers And Things Co.,Chatswood,Australia,1611,Andy Fixter
10270,2004-07-19,2004-07-24,S18_1097,1940 Ford Pickup Truck,Trucks and Buses,58.33,94.5,43,Shipped,282,Souveniers And Things Co.,Chatswood,Australia,1611,Andy Fixter
10270,2004-07-19,2004-07-24,S18_2949,1913 Ford Model T Speedster,Vintage Cars,60.78,81.05,31,Shipped,282,Souveniers And Things Co.,Chatswood,Australia,1611,Andy Fixter
10270,2004-07-19,2004-07-24,S18_3136,18th Century Vintage Horse Carriage,Vintage Cars,60.74,85.87,38,Shipped,282,Souveniers And Things Co.,Chatswood,Australia,1611,Andy Fixter
10270,2004-07-19,2004-07-24,S18_4600,1940s Ford truck,Trucks and Buses,84.76,107.76,38,Shipped,282,Souveniers And Things Co.,Chatswood,Australia,1611,Andy Fixter
10270,2004-07-19,2004-07-24,S18_4668,1939 Cadillac Limousine,Vintage Cars,23.14,40.25,44,Shipped,282,Souveniers And Things Co.,Chatswood,Australia,1611,Andy Fixter
10270,2004-07-19,2004-07-24,S32_1268,1980’s GM Manhattan Express,Trucks and Buses,53.93,93.42,32,Shipped,282,Souveniers And Things Co.,Chatswood,Australia,1611,Andy Fixter
10270,2004-07-19,2004-07-24,S32_3522,1996 Peterbilt 379 Stake Bed with Outrigger,Trucks and Buses,33.61,52.36,21,Shipped,282,Souveniers And Things Co.,Chatswood,Australia,1611,Andy Fixter
10270,2004-07-19,2004-07-24,S700_2824,1982 Camaro Z28,Classic Cars,46.53,101.15,46,Shipped,282,Souveniers And Things Co.,Chatswood,Australia,1611,Andy Fixter
10271,2004-07-20,2004-07-23,S12_4473,1957 Chevy Pickup,Trucks and Buses,55.7,99.54,31,Shipped,124,Mini Gifts Distributors Ltd.,San Rafael,USA,1165,Leslie Jennings
10271,2004-07-20,2004-07-23,S18_2238,1998 Chrysler Plymouth Prowler,Classic Cars,101.51,147.36,50,Shipped,124,Mini Gifts Distributors Ltd.,San Rafael,USA,1165,Leslie Jennings
10271,2004-07-20,2004-07-23,S18_2319,1964 Mercedes Tour Bus,Trucks and Buses,74.86,121.5,50,Shipped,124,Mini Gifts Distributors Ltd.,San Rafael,USA,1165,Leslie Jennings
10271,2004-07-20,2004-07-23,S18_2432,1926 Ford Fire Engine,Trucks and Buses,24.92,59.55,25,Shipped,124,Mini Gifts Distributors Ltd.,San Rafael,USA,1165,Leslie Jennings
10271,2004-07-20,2004-07-23,S18_3232,1992 Ferrari 360 Spider red,Classic Cars,77.9,169.34,20,Shipped,124,Mini Gifts Distributors Ltd.,San Rafael,USA,1165,Leslie Jennings
10271,2004-07-20,2004-07-23,S24_1444,1970 Dodge Coronet,Classic Cars,32.37,49.71,45,Shipped,124,Mini Gifts Distributors Ltd.,San Rafael,USA,1165,Leslie Jennings
10271,2004-07-20,2004-07-23,S24_2300,1962 Volkswagen Microbus,Trucks and Buses,61.34,122.68,43,Shipped,124,Mini Gifts Distributors Ltd.,San Rafael,USA,1165,Leslie Jennings
10271,2004-07-20,2004-07-23,S24_2840,1958 Chevy Corvette Limited Edition,Classic Cars,15.91,28.64,38,Shipped,124,Mini Gifts Distributors Ltd.,San Rafael,USA,1165,Leslie Jennings
10271,2004-07-20,2004-07-23,S24_4048,1992 Porsche Cayenne Turbo Silver,Classic Cars,69.78,110.0,22,Shipped,124,Mini Gifts Distributors Ltd.,San Rafael,USA,1165,Leslie Jennings
10271,2004-07-20,2004-07-23,S32_2509,1954 Greyhound Scenicruiser,Trucks and Buses,25.98,51.95,35,Shipped,124,Mini Gifts Distributors Ltd.,San Rafael,USA,1165,Leslie Jennings
10271,2004-07-20,2004-07-23,S50_1392,Diamond T620 Semi-Skirted Tanker,Trucks and Buses,68.29,93.76,34,Shipped,124,Mini Gifts Distributors Ltd.,San Rafael,USA,1165,Leslie Jennings
10272,2004-07-20,2004-07-22,S12_1108,2001 Ferrari Enzo,Classic Cars,95.59,187.02,35,Shipped,157,Diecast Classics Inc.,Allentown,USA,1216,Steve Patterson
10272,2004-07-20,2004-07-22,S12_3148,1969 Corvair Monza,Classic Cars,89.14,123.89,27,Shipped,157,Diecast Classics Inc.,Allentown,USA,1216,Steve Patterson
10272,2004-07-20,2004-07-22,S12_3891,1969 Ford Falcon,Classic Cars,83.05,148.8,39,Shipped,157,Diecast Classics Inc.,Allentown,USA,1216,Steve Patterson
10272,2004-07-20,2004-07-22,S18_4027,1970 Triumph Spitfire,Classic Cars,91.92,126.39,25,Shipped,157,Diecast Classics Inc.,Allentown,USA,1216,Steve Patterson
10272,2004-07-20,2004-07-22,S32_3207,1950's Chicago Surface Lines Streetcar,Trains,26.72,56.55,45,Shipped,157,Diecast Classics Inc.,Allentown,USA,1216,Steve Patterson
10272,2004-07-20,2004-07-22,S50_1514,1962 City of Detroit Streetcar,Trains,37.49,53.89,43,Shipped,157,Diecast Classics Inc.,Allentown,USA,1216,Steve Patterson
10273,2004-07-21,2004-07-22,S10_4757,1972 Alfa Romeo GTA,Classic Cars,85.68,136.0,30,Shipped,314,Petit Auto,Bruxelles,Belgium,1401,Pamela Castillo
10273,2004-07-21,2004-07-22,S18_3029,1999 Yamaha Speed Boat,Ships,51.61,84.3,34,Shipped,314,Petit Auto,Bruxelles,Belgium,1401,Pamela Castillo
10273,2004-07-21,2004-07-22,S18_3140,1903 Ford Model A,Vintage Cars,68.3,117.47,40,Shipped,314,Petit Auto,Bruxelles,Belgium,1401,Pamela Castillo
10273,2004-07-21,2004-07-22,S18_3259,Collectable Wooden Train,Trains,67.56,87.73,47,Shipped,314,Petit Auto,Bruxelles,Belgium,1401,Pamela Castillo
10273,2004-07-21,2004-07-22,S18_3856,1941 Chevrolet Special Deluxe Cabriolet,Vintage Cars,64.58,105.87,50,Shipped,314,Petit Auto,Bruxelles,Belgium,1401,Pamela Castillo
10273,2004-07-21,2004-07-22,S18_4522,1904 Buick Runabout,Vintage Cars,52.66,72.85,33,Shipped,314,Petit Auto,Bruxelles,Belgium,1401,Pamela Castillo
10273,2004-07-21,2004-07-22,S24_2011,18th century schooner,Ships,82.34,103.23,22,Shipped,314,Petit Auto,Bruxelles,Belgium,1401,Pamela Castillo
10273,2004-07-21,2004-07-22,S24_3151,1912 Ford Model T Delivery Wagon,Vintage Cars,46.91,84.08,27,Shipped,314,Petit Auto,Bruxelles,Belgium,1401,Pamela Castillo
10273,2004-07-21,2004-07-22,S24_3816,1940 Ford Delivery Sedan,Vintage Cars,48.64,83.86,48,Shipped,314,Petit Auto,Bruxelles,Belgium,1401,Pamela Castillo
10273,2004-07-21,2004-07-22,S700_1138,The Schooner Bluenose,Ships,34.0,66.0,21,Shipped,314,Petit Auto,Bruxelles,Belgium,1401,Pamela Castillo
10273,2004-07-21,2004-07-22,S700_1938,The Mayflower,Ships,43.3,77.95,21,Shipped,314,Petit Auto,Bruxelles,Belgium,1401,Pamela Castillo
10273,2004-07-21,2004-07-22,S700_2610,The USS Constitution Ship,Ships,33.97,57.82,42,Shipped,314,Petit Auto,Bruxelles,Belgium,1401,Pamela Castillo
10273,2004-07-21,2004-07-22,S700_3505,The Titanic,Ships,51.09,91.15,40,Shipped,314,Petit Auto,Bruxelles,Belgium,1401,Pamela Castillo
10273,2004-07-21,2004-07-22,S700_3962,The Queen Mary,Ships,53.63,89.38,26,Shipped,314,Petit Auto,Bruxelles,Belgium,1401,Pamela Castillo
10273,2004-07-21,2004-07-22,S72_3212,Pont Yacht,Ships,33.3,51.32,37,Shipped,314,Petit Auto,Bruxelles,Belgium,1401,Pamela Castillo
10274,2004-07-21,2004-07-22,S18_1662,1980s Black Hawk Helicopter,Planes,77.27,129.31,41,Shipped,379,Collectables For Less Inc.,Brickhaven,USA,1188,Julie Firrelli
10274,2004-07-21,2004-07-22,S24_2841,1900s Vintage Bi-Plane,Planes,34.25,56.86,40,Shipped,379,Collectables For Less Inc.,Brickhaven,USA,1188,Julie Firrelli
10274,2004-07-21,2004-07-22,S24_3420,1937 Horch 930V Limousine,Vintage Cars,26.3,65.09,24,Shipped,379,Collectables For Less Inc.,Brickhaven,USA,1188,Julie Firrelli
10274,2004-07-21,2004-07-22,S700_2047,HMS Bounty,Ships,39.83,75.13,24,Shipped,379,Collectables For Less Inc.,Brickhaven,USA,1188,Julie Firrelli
10274,2004-07-21,2004-07-22,S72_1253,Boeing X-32A JSF,Planes,32.77,49.66,32,Shipped,379,Collectables For Less Inc.,Brickhaven,USA,1188,Julie Firrelli
10275,2004-07-23,2004-07-29,S10_1678,1969 Harley Davidson Ultimate Chopper,Motorcycles,48.81,81.35,45,Shipped,119,La Rochelle Gifts,Nantes,France,1370,Gerard Hernandez
10275,2004-07-23,2004-07-29,S10_2016,1996 Moto Guzzi 1100i,Motorcycles,68.99,115.37,22,Shipped,119,La Rochelle Gifts,Nantes,France,1370,Gerard Hernandez
10275,2004-07-23,2004-07-29,S10_4698,2003 Harley-Davidson Eagle Drag Bike,Motorcycles,91.02,154.93,36,Shipped,119,La Rochelle Gifts,Nantes,France,1370,Gerard Hernandez
10275,2004-07-23,2004-07-29,S18_2581,P-51-D Mustang,Planes,49.0,70.12,35,Shipped,119,La Rochelle Gifts,Nantes,France,1370,Gerard Hernandez
10275,2004-07-23,2004-07-29,S18_2625,1936 Harley Davidson El Knucklehead,Motorcycles,24.23,52.09,37,Shipped,119,La Rochelle Gifts,Nantes,France,1370,Gerard Hernandez
10275,2004-07-23,2004-07-29,S24_1578,1997 BMW R 1100 S,Motorcycles,60.86,105.94,21,Shipped,119,La Rochelle Gifts,Nantes,France,1370,Gerard Hernandez
10275,2004-07-23,2004-07-29,S24_1785,1928 British Royal Navy Airplane,Planes,66.74,97.38,25,Shipped,119,La Rochelle Gifts,Nantes,France,1370,Gerard Hernandez
10275,2004-07-23,2004-07-29,S24_2000,1960 BSA Gold Star DBD34,Motorcycles,37.32,61.7,30,Shipped,119,La Rochelle Gifts,Nantes,France,1370,Gerard Hernandez
10275,2004-07-23,2004-07-29,S24_3949,Corsair F4U ( Bird Cage),Planes,29.34,58.0,41,Shipped,119,La Rochelle Gifts,Nantes,France,1370,Gerard Hernandez
10275,2004-07-23,2004-07-29,S24_4278,1900s Vintage Tri-Plane,Planes,36.23,67.38,27,Shipped,119,La Rochelle Gifts,Nantes,France,1370,Gerard Hernandez
10275,2004-07-23,2004-07-29,S32_1374,1997 BMW F650 ST,Motorcycles,66.92,89.9,23,Shipped,119,La Rochelle Gifts,Nantes,France,1370,Gerard Hernandez
10275,2004-07-23,2004-07-29,S32_4289,1928 Ford Phaeton Deluxe,Vintage Cars,33.02,58.47,28,Shipped,119,La Rochelle Gifts,Nantes,France,1370,Gerard Hernandez
10275,2004-07-23,2004-07-29,S50_1341,1930 Buick Marquette Phaeton,Vintage Cars,27.06,40.15,38,Shipped,119,La Rochelle Gifts,Nantes,France,1370,Gerard Hernandez
10275,2004-07-23,2004-07-29,S700_1691,American Airlines: B767-300,Planes,51.15,85.86,32,Shipped,119,La Rochelle Gifts,Nantes,France,1370,Gerard Hernandez
10275,2004-07-23,2004-07-29,S700_2466,America West Airlines B757-200,Planes,68.8,82.77,39,Shipped,119,La Rochelle Gifts,Nantes,France,1370,Gerard Hernandez
10275,2004-07-23,2004-07-29,S700_2834,ATA: B757-300,Planes,59.33,102.04,48,Shipped,119,La Rochelle Gifts,Nantes,France,1370,Gerard Hernandez
10275,2004-07-23,2004-07-29,S700_3167,F/A 18 Hornet 1/72,Planes,54.4,72.0,43,Shipped,119,La Rochelle Gifts,Nantes,France,1370,Gerard Hernandez
10275,2004-07-23,2004-07-29,S700_4002,American Airlines: MD-11S,Planes,36.27,59.96,31,Shipped,119,La Rochelle Gifts,Nantes,France,1370,Gerard Hernandez
10276,2004-08-02,2004-08-08,S12_1099,1968 Ford Mustang,Classic Cars,95.34,184.84,50,Shipped,204,Online Mini Collectables,Brickhaven,USA,1188,Julie Firrelli
10276,2004-08-02,2004-08-08,S12_2823,2002 Suzuki XREO,Motorcycles,66.27,150.62,43,Shipped,204,Online Mini Collectables,Brickhaven,USA,1188,Julie Firrelli
10276,2004-08-02,2004-08-08,S12_3380,1968 Dodge Charger,Classic Cars,75.16,104.52,47,Shipped,204,Online Mini Collectables,Brickhaven,USA,1188,Julie Firrelli
10276,2004-08-02,2004-08-08,S12_3990,1970 Plymouth Hemi Cuda,Classic Cars,31.92,67.83,38,Shipped,204,Online Mini Collectables,Brickhaven,USA,1188,Julie Firrelli
10276,2004-08-02,2004-08-08,S18_3278,1969 Dodge Super Bee,Classic Cars,49.05,78.0,38,Shipped,204,Online Mini Collectables,Brickhaven,USA,1188,Julie Firrelli
10276,2004-08-02,2004-08-08,S18_3482,1976 Ford Gran Torino,Classic Cars,73.49,139.64,30,Shipped,204,Online Mini Collectables,Brickhaven,USA,1188,Julie Firrelli
10276,2004-08-02,2004-08-08,S18_3782,1957 Vespa GS150,Motorcycles,32.95,54.71,33,Shipped,204,Online Mini Collectables,Brickhaven,USA,1188,Julie Firrelli
10276,2004-08-02,2004-08-08,S18_4721,1957 Corvette Convertible,Classic Cars,69.93,120.53,48,Shipped,204,Online Mini Collectables,Brickhaven,USA,1188,Julie Firrelli
10276,2004-08-02,2004-08-08,S24_2360,1982 Ducati 900 Monster,Motorcycles,47.1,61.64,46,Shipped,204,Online Mini Collectables,Brickhaven,USA,1188,Julie Firrelli
10276,2004-08-02,2004-08-08,S24_3371,1971 Alpine Renault 1600s,Classic Cars,38.58,58.17,20,Shipped,204,Online Mini Collectables,Brickhaven,USA,1188,Julie Firrelli
10276,2004-08-02,2004-08-08,S24_4620,1961 Chevrolet Impala,Classic Cars,32.33,67.1,48,Shipped,204,Online Mini Collectables,Brickhaven,USA,1188,Julie Firrelli
10276,2004-08-02,2004-08-08,S32_2206,1982 Ducati 996 R,Motorcycles,24.14,35.4,27,Shipped,204,Online Mini Collectables,Brickhaven,USA,1188,Julie Firrelli
10276,2004-08-02,2004-08-08,S32_4485,1974 Ducati 350 Mk3 Desmo,Motorcycles,56.13,94.91,38,Shipped,204,Online Mini Collectables,Brickhaven,USA,1188,Julie Firrelli
10276,2004-08-02,2004-08-08,S50_4713,2002 Yamaha YZR M1,Motorcycles,34.17,67.53,21,Shipped,204,Online Mini Collectables,Brickhaven,USA,1188,Julie Firrelli
10277,2004-08-04,2004-08-05,S12_4675,1969 Dodge Charger,Classic Cars,58.73,93.28,28,Shipped,148,"Dragon Souveniers, Ltd.",Singapore,Singapore,1621,Mami Nishi
10278,2004-08-06,2004-08-09,S18_1129,1993 Mazda RX-7,Classic Cars,83.51,114.65,34,Shipped,112,Signal Gift Stores,Las Vegas,USA,1166,Leslie Thompson
10278,2004-08-06,2004-08-09,S18_1589,1965 Aston Martin DB5,Classic Cars,65.96,107.02,23,Shipped,112,Signal Gift Stores,Las Vegas,USA,1166,Leslie Thompson
10278,2004-08-06,2004-08-09,S18_1889,1948 Porsche 356-A Roadster,Classic Cars,53.9,73.15,29,Shipped,112,Signal Gift Stores,Las Vegas,USA,1166,Leslie Thompson
10278,2004-08-06,2004-08-09,S18_1984,1995 Honda Civic,Classic Cars,93.89,118.07,29,Shipped,112,Signal Gift Stores,Las Vegas,USA,1166,Leslie Thompson
10278,2004-08-06,2004-08-09,S18_2870,1999 Indy 500 Monte Carlo SS,Classic Cars,56.76,117.48,39,Shipped,112,Signal Gift Stores,Las Vegas,USA,1166,Leslie Thompson
10278,2004-08-06,2004-08-09,S18_3232,1992 Ferrari 360 Spider red,Classic Cars,77.9,167.65,42,Shipped,112,Signal Gift Stores,Las Vegas,USA,1166,Leslie Thompson
10278,2004-08-06,2004-08-09,S18_3685,1948 Porsche Type 356 Roadster,Classic Cars,62.16,114.44,31,Shipped,112,Signal Gift Stores,Las Vegas,USA,1166,Leslie Thompson
10278,2004-08-06,2004-08-09,S24_1628,1966 Shelby Cobra 427 S/C,Classic Cars,29.18,48.8,35,Shipped,112,Signal Gift Stores,Las Vegas,USA,1166,Leslie Thompson
10278,2004-08-06,2004-08-09,S24_2972,1982 Lamborghini Diablo,Classic Cars,16.24,37.38,31,Shipped,112,Signal Gift Stores,Las Vegas,USA,1166,Leslie Thompson
10278,2004-08-06,2004-08-09,S24_3856,1956 Porsche 356A Coupe,Classic Cars,98.3,136.22,25,Shipped,112,Signal Gift Stores,Las Vegas,USA,1166,Leslie Thompson
10279,2004-08-09,2004-08-15,S18_4933,1957 Ford Thunderbird,Classic Cars,34.21,68.42,26,Shipped,141,Euro+ Shopping Channel,Madrid,Spain,1370,Gerard Hernandez
10279,2004-08-09,2004-08-15,S24_1046,1970 Chevy Chevelle SS 454,Classic Cars,49.24,68.35,32,Shipped,141,Euro+ Shopping Channel,Madrid,Spain,1370,Gerard Hernandez
10279,2004-08-09,2004-08-15,S24_2766,1949 Jaguar XK 120,Classic Cars,47.25,76.33,49,Shipped,141,Euro+ Shopping Channel,Madrid,Spain,1370,Gerard Hernandez
10279,2004-08-09,2004-08-15,S24_2887,1952 Citroen-15CV,Classic Cars,72.82,106.87,48,Shipped,141,Euro+ Shopping Channel,Madrid,Spain,1370,Gerard Hernandez
10279,2004-08-09,2004-08-15,S24_3191,1969 Chevrolet Camaro Z28,Classic Cars,50.51,78.76,33,Shipped,141,Euro+ Shopping Channel,Madrid,Spain,1370,Gerard Hernandez
10279,2004-08-09,2004-08-15,S24_3432,2002 Chevy Corvette,Classic Cars,62.11,95.3,48,Shipped,141,Euro+ Shopping Channel,Madrid,Spain,1370,Gerard Hernandez
10280,2004-08-17,2004-08-19,S10_1949,1952 Alpine Renault 1300,Classic Cars,98.58,205.73,34,Shipped,249,Amica Models & Co.,Torino,Italy,1401,Pamela Castillo
10280,2004-08-17,2004-08-19,S18_1097,1940 Ford Pickup Truck,Trucks and Buses,58.33,98.0,24,Shipped,249,Amica Models & Co.,Torino,Italy,1401,Pamela Castillo
10280,2004-08-17,2004-08-19,S18_1342,1937 Lincoln Berline,Vintage Cars,60.62,87.33,50,Shipped,249,Amica Models & Co.,Torino,Italy,1401,Pamela Castillo
10280,2004-08-17,2004-08-19,S18_1367,1936 Mercedes-Benz 500K Special Roadster,Vintage Cars,24.26,47.44,27,Shipped,249,Amica Models & Co.,Torino,Italy,1401,Pamela Castillo
10280,2004-08-17,2004-08-19,S18_1749,1917 Grand Touring Sedan,Vintage Cars,86.7,161.5,26,Shipped,249,Amica Models & Co.,Torino,Italy,1401,Pamela Castillo
10280,2004-08-17,2004-08-19,S18_2248,1911 Ford Town Car,Vintage Cars,33.3,53.28,25,Shipped,249,Amica Models & Co.,Torino,Italy,1401,Pamela Castillo
10280,2004-08-17,2004-08-19,S18_2325,1932 Model A Ford J-Coupe,Vintage Cars,58.48,109.33,37,Shipped,249,Amica Models & Co.,Torino,Italy,1401,Pamela Castillo
10280,2004-08-17,2004-08-19,S18_2795,1928 Mercedes-Benz SSK,Vintage Cars,72.56,158.63,22,Shipped,249,Amica Models & Co.,Torino,Italy,1401,Pamela Castillo
10280,2004-08-17,2004-08-19,S18_2949,1913 Ford Model T Speedster,Vintage Cars,60.78,82.06,46,Shipped,249,Amica Models & Co.,Torino,Italy,1401,Pamela Castillo
10280,2004-08-17,2004-08-19,S18_2957,1934 Ford V8 Coupe,Vintage Cars,34.35,54.34,43,Shipped,249,Amica Models & Co.,Torino,Italy,1401,Pamela Castillo
10280,2004-08-17,2004-08-19,S18_3136,18th Century Vintage Horse Carriage,Vintage Cars,60.74,102.63,29,Shipped,249,Amica Models & Co.,Torino,Italy,1401,Pamela Castillo
10280,2004-08-17,2004-08-19,S18_3320,1917 Maxwell Touring Car,Vintage Cars,57.54,99.21,34,Shipped,249,Amica Models & Co.,Torino,Italy,1401,Pamela Castillo
10280,2004-08-17,2004-08-19,S18_4409,1932 Alfa Romeo 8C2300 Spider Sport,Vintage Cars,43.26,77.31,35,Shipped,249,Amica Models & Co.,Torino,Italy,1401,Pamela Castillo
10280,2004-08-17,2004-08-19,S24_1937,1939 Chevrolet Deluxe Coupe,Vintage Cars,22.57,29.87,20,Shipped,249,Amica Models & Co.,Torino,Italy,1401,Pamela Castillo
10280,2004-08-17,2004-08-19,S24_2022,1938 Cadillac V-16 Presidential Limousine,Vintage Cars,20.61,36.29,45,Shipped,249,Amica Models & Co.,Torino,Italy,1401,Pamela Castillo
10280,2004-08-17,2004-08-19,S24_3969,1936 Mercedes Benz 500k Roadster,Vintage Cars,21.75,35.29,33,Shipped,249,Amica Models & Co.,Torino,Italy,1401,Pamela Castillo
10280,2004-08-17,2004-08-19,S24_4258,1936 Chrysler Airflow,Vintage Cars,57.46,79.86,21,Shipped,249,Amica Models & Co.,Torino,Italy,1401,Pamela Castillo
10281,2004-08-19,2004-08-23,S10_4962,1962 LanciaA Delta 16V,Classic Cars,103.42,132.97,44,Shipped,157,Diecast Classics Inc.,Allentown,USA,1216,Steve Patterson
10281,2004-08-19,2004-08-23,S12_1666,1958 Setra Bus,Trucks and Buses,77.9,127.1,25,Shipped,157,Diecast Classics Inc.,Allentown,USA,1216,Steve Patterson
10281,2004-08-19,2004-08-23,S12_4473,1957 Chevy Pickup,Trucks and Buses,55.7,98.36,41,Shipped,157,Diecast Classics Inc.,Allentown,USA,1216,Steve Patterson
10281,2004-08-19,2004-08-23,S18_2319,1964 Mercedes Tour Bus,Trucks and Buses,74.86,114.14,48,Shipped,157,Diecast Classics Inc.,Allentown,USA,1216,Steve Patterson
10281,2004-08-19,2004-08-23,S18_2432,1926 Ford Fire Engine,Trucks and Buses,24.92,56.52,29,Shipped,157,Diecast Classics Inc.,Allentown,USA,1216,Steve Patterson
10281,2004-08-19,2004-08-23,S18_3232,1992 Ferrari 360 Spider red,Classic Cars,77.9,135.47,25,Shipped,157,Diecast Classics Inc.,Allentown,USA,1216,Steve Patterson
10281,2004-08-19,2004-08-23,S18_4600,1940s Ford truck,Trucks and Buses,84.76,96.86,25,Shipped,157,Diecast Classics Inc.,Allentown,USA,1216,Steve Patterson
10281,2004-08-19,2004-08-23,S18_4668,1939 Cadillac Limousine,Vintage Cars,23.14,42.76,44,Shipped,157,Diecast Classics Inc.,Allentown,USA,1216,Steve Patterson
10281,2004-08-19,2004-08-23,S24_2300,1962 Volkswagen Microbus,Trucks and Buses,61.34,112.46,25,Shipped,157,Diecast Classics Inc.,Allentown,USA,1216,Steve Patterson
10281,2004-08-19,2004-08-23,S24_2840,1958 Chevy Corvette Limited Edition,Classic Cars,15.91,33.95,20,Shipped,157,Diecast Classics Inc.,Allentown,USA,1216,Steve Patterson
10281,2004-08-19,2004-08-23,S32_1268,1980’s GM Manhattan Express,Trucks and Buses,53.93,80.9,29,Shipped,157,Diecast Classics Inc.,Allentown,USA,1216,Steve Patterson
10281,2004-08-19,2004-08-23,S32_2509,1954 Greyhound Scenicruiser,Trucks and Buses,25.98,44.91,31,Shipped,157,Diecast Classics Inc.,Allentown,USA,1216,Steve Patterson
10281,2004-08-19,2004-08-23,S32_3522,1996 Peterbilt 379 Stake Bed with Outrigger,Trucks and Buses,33.61,59.47,36,Shipped,157,Diecast Classics Inc.,Allentown,USA,1216,Steve Patterson
10281,2004-08-19,2004-08-23,S700_2824,1982 Camaro Z28,Classic Cars,46.53,89.01,27,Shipped,157,Diecast Classics Inc.,Allentown,USA,1216,Steve Patterson
10282,2004-08-20,2004-08-22,S12_1108,2001 Ferrari Enzo,Classic Cars,95.59,176.63,41,Shipped,124,Mini Gifts Distributors Ltd.,San Rafael,USA,1165,Leslie Jennings
10282,2004-08-20,2004-08-22,S12_3148,1969 Corvair Monza,Classic Cars,89.14,142.02,27,Shipped,124,Mini Gifts Distributors Ltd.,San Rafael,USA,1165,Leslie Jennings
10282,2004-08-20,2004-08-22,S12_3891,1969 Ford Falcon,Classic Cars,83.05,169.56,24,Shipped,124,Mini Gifts Distributors Ltd.,San Rafael,USA,1165,Leslie Jennings
10282,2004-08-20,2004-08-22,S18_2238,1998 Chrysler Plymouth Prowler,Classic Cars,101.51,147.36,23,Shipped,124,Mini Gifts Distributors Ltd.,San Rafael,USA,1165,Leslie Jennings
10282,2004-08-20,2004-08-22,S18_3140,1903 Ford Model A,Vintage Cars,68.3,122.93,43,Shipped,124,Mini Gifts Distributors Ltd.,San Rafael,USA,1165,Leslie Jennings
10282,2004-08-20,2004-08-22,S18_3259,Collectable Wooden Train,Trains,67.56,88.74,36,Shipped,124,Mini Gifts Distributors Ltd.,San Rafael,USA,1165,Leslie Jennings
10282,2004-08-20,2004-08-22,S18_4027,1970 Triumph Spitfire,Classic Cars,91.92,132.13,31,Shipped,124,Mini Gifts Distributors Ltd.,San Rafael,USA,1165,Leslie Jennings
10282,2004-08-20,2004-08-22,S24_1444,1970 Dodge Coronet,Classic Cars,32.37,49.71,29,Shipped,124,Mini Gifts Distributors Ltd.,San Rafael,USA,1165,Leslie Jennings
10282,2004-08-20,2004-08-22,S24_4048,1992 Porsche Cayenne Turbo Silver,Classic Cars,69.78,96.99,39,Shipped,124,Mini Gifts Distributors Ltd.,San Rafael,USA,1165,Leslie Jennings
10282,2004-08-20,2004-08-22,S32_3207,1950's Chicago Surface Lines Streetcar,Trains,26.72,51.58,36,Shipped,124,Mini Gifts Distributors Ltd.,San Rafael,USA,1165,Leslie Jennings
10282,2004-08-20,2004-08-22,S50_1392,Diamond T620 Semi-Skirted Tanker,Trucks and Buses,68.29,114.59,38,Shipped,124,Mini Gifts Distributors Ltd.,San Rafael,USA,1165,Leslie Jennings
10282,2004-08-20,2004-08-22,S50_1514,1962 City of Detroit Streetcar,Trains,37.49,56.24,37,Shipped,124,Mini Gifts Distributors Ltd.,San Rafael,USA,1165,Leslie Jennings
10282,2004-08-20,2004-08-22,S700_1938,The Mayflower,Ships,43.3,77.95,43,Shipped,124,Mini Gifts Distributors Ltd.,San Rafael,USA,1165,Leslie Jennings
10283,2004-08-20,2004-08-23,S10_4757,1972 Alfa Romeo GTA,Classic Cars,85.68,130.56,25,Shipped,260,"Royal Canadian Collectables, Ltd.",Tsawassen,Canada,1323,George Vanauf
10283,2004-08-20,2004-08-23,S18_3029,1999 Yamaha Speed Boat,Ships,51.61,78.28,21,Shipped,260,"Royal Canadian Collectables, Ltd.",Tsawassen,Canada,1323,George Vanauf
10283,2004-08-20,2004-08-23,S18_3856,1941 Chevrolet Special Deluxe Cabriolet,Vintage Cars,64.58,100.58,46,Shipped,260,"Royal Canadian Collectables, Ltd.",Tsawassen,Canada,1323,George Vanauf
10283,2004-08-20,2004-08-23,S18_4522,1904 Buick Runabout,Vintage Cars,52.66,71.97,34,Shipped,260,"Royal Canadian Collectables, Ltd.",Tsawassen,Canada,1323,George Vanauf
10283,2004-08-20,2004-08-23,S24_2011,18th century schooner,Ships,82.34,99.54,42,Shipped,260,"Royal Canadian Collectables, Ltd.",Tsawassen,Canada,1323,George Vanauf
10283,2004-08-20,2004-08-23,S24_3151,1912 Ford Model T Delivery Wagon,Vintage Cars,46.91,80.54,34,Shipped,260,"Royal Canadian Collectables, Ltd.",Tsawassen,Canada,1323,George Vanauf
10283,2004-08-20,2004-08-23,S24_3816,1940 Ford Delivery Sedan,Vintage Cars,48.64,77.15,33,Shipped,260,"Royal Canadian Collectables, Ltd.",Tsawassen,Canada,1323,George Vanauf
10283,2004-08-20,2004-08-23,S700_1138,The Schooner Bluenose,Ships,34.0,62.0,45,Shipped,260,"Royal Canadian Collectables, Ltd.",Tsawassen,Canada,1323,George Vanauf
10283,2004-08-20,2004-08-23,S700_2047,HMS Bounty,Ships,39.83,74.23,20,Shipped,260,"Royal Canadian Collectables, Ltd.",Tsawassen,Canada,1323,George Vanauf
10283,2004-08-20,2004-08-23,S700_2610,The USS Constitution Ship,Ships,33.97,68.67,47,Shipped,260,"Royal Canadian Collectables, Ltd.",Tsawassen,Canada,1323,George Vanauf
10283,2004-08-20,2004-08-23,S700_3505,The Titanic,Ships,51.09,88.15,22,Shipped,260,"Royal Canadian Collectables, Ltd.",Tsawassen,Canada,1323,George Vanauf
10283,2004-08-20,2004-08-23,S700_3962,The Queen Mary,Ships,53.63,85.41,38,Shipped,260,"Royal Canadian Collectables, Ltd.",Tsawassen,Canada,1323,George Vanauf
10283,2004-08-20,2004-08-23,S72_1253,Boeing X-32A JSF,Planes,32.77,41.22,43,Shipped,260,"Royal Canadian Collectables, Ltd.",Tsawassen,Canada,1323,George Vanauf
10283,2004-08-20,2004-08-23,S72_3212,Pont Yacht,Ships,33.3,49.14,33,Shipped,260,"Royal Canadian Collectables, Ltd.",Tsawassen,Canada,1323,George Vanauf
10284,2004-08-21,2004-08-26,S18_1662,1980s Black Hawk Helicopter,Planes,77.27,137.19,45,Shipped,299,"Norway Gifts By Mail, Co.",Oslo,Norway,1504,Barry Jones
10284,2004-08-21,2004-08-26,S18_2581,P-51-D Mustang,Planes,49.0,68.43,31,Shipped,299,"Norway Gifts By Mail, Co.",Oslo,Norway,1504,Barry Jones
10284,2004-08-21,2004-08-26,S24_1785,1928 British Royal Navy Airplane,Planes,66.74,101.76,22,Shipped,299,"Norway Gifts By Mail, Co.",Oslo,Norway,1504,Barry Jones
10284,2004-08-21,2004-08-26,S24_2841,1900s Vintage Bi-Plane,Planes,34.25,65.08,30,Shipped,299,"Norway Gifts By Mail, Co.",Oslo,Norway,1504,Barry Jones
10284,2004-08-21,2004-08-26,S24_3420,1937 Horch 930V Limousine,Vintage Cars,26.3,59.83,39,Shipped,299,"Norway Gifts By Mail, Co.",Oslo,Norway,1504,Barry Jones
10284,2004-08-21,2004-08-26,S24_3949,Corsair F4U ( Bird Cage),Planes,29.34,65.51,21,Shipped,299,"Norway Gifts By Mail, Co.",Oslo,Norway,1504,Barry Jones
10284,2004-08-21,2004-08-26,S24_4278,1900s Vintage Tri-Plane,Planes,36.23,66.65,21,Shipped,299,"Norway Gifts By Mail, Co.",Oslo,Norway,1504,Barry Jones
10284,2004-08-21,2004-08-26,S32_4289,1928 Ford Phaeton Deluxe,Vintage Cars,33.02,60.54,50,Shipped,299,"Norway Gifts By Mail, Co.",Oslo,Norway,1504,Barry Jones
10284,2004-08-21,2004-08-26,S50_1341,1930 Buick Marquette Phaeton,Vintage Cars,27.06,35.78,33,Shipped,299,"Norway Gifts By Mail, Co.",Oslo,Norway,1504,Barry Jones
10284,2004-08-21,2004-08-26,S700_1691,American Airlines: B767-300,Planes,51.15,87.69,24,Shipped,299,"Norway Gifts By Mail, Co.",Oslo,Norway,1504,Barry Jones
10284,2004-08-21,2004-08-26,S700_2466,America West Airlines B757-200,Planes,68.8,95.73,45,Shipped,299,"Norway Gifts By Mail, Co.",Oslo,Norway,1504,Barry Jones
10284,2004-08-21,2004-08-26,S700_3167,F/A 18 Hornet 1/72,Planes,54.4,68.0,25,Shipped,299,"Norway Gifts By Mail, Co.",Oslo,Norway,1504,Barry Jones
10284,2004-08-21,2004-08-26,S700_4002,American Airlines: MD-11S,Planes,36.27,73.29,32,Shipped,299,"Norway Gifts By Mail, Co.",Oslo,Norway,1504,Barry Jones
10285,2004-08-27,2004-08-31,S10_1678,1969 Harley Davidson Ultimate Chopper,Motorcycles,48.81,95.7,36,Shipped,286,Marta's Replicas Co.,Cambridge,USA,1216,Steve Patterson
10285,2004-08-27,2004-08-31,S10_2016,1996 Moto Guzzi 1100i,Motorcycles,68.99,110.61,47,Shipped,286,Marta's Replicas Co.,Cambridge,USA,1216,Steve Patterson
10285,2004-08-27,2004-08-31,S10_4698,2003 Harley-Davidson Eagle Drag Bike,Motorcycles,91.02,166.55,27,Shipped,286,Marta's Replicas Co.,Cambridge,USA,1216,Steve Patterson
10285,2004-08-27,2004-08-31,S12_2823,2002 Suzuki XREO,Motorcycles,66.27,131.04,49,Shipped,286,Marta's Replicas Co.,Cambridge,USA,1216,Steve Patterson
10285,2004-08-27,2004-08-31,S18_2625,1936 Harley Davidson El Knucklehead,Motorcycles,24.23,50.88,20,Shipped,286,Marta's Replicas Co.,Cambridge,USA,1216,Steve Patterson
10285,2004-08-27,2004-08-31,S24_1578,1997 BMW R 1100 S,Motorcycles,60.86,91.29,34,Shipped,286,Marta's Replicas Co.,Cambridge,USA,1216,Steve Patterson
10285,2004-08-27,2004-08-31,S24_2000,1960 BSA Gold Star DBD34,Motorcycles,37.32,61.7,39,Shipped,286,Marta's Replicas Co.,Cambridge,USA,1216,Steve Patterson
10285,2004-08-27,2004-08-31,S24_2360,1982 Ducati 900 Monster,Motorcycles,47.1,64.41,38,Shipped,286,Marta's Replicas Co.,Cambridge,USA,1216,Steve Patterson
10285,2004-08-27,2004-08-31,S32_1374,1997 BMW F650 ST,Motorcycles,66.92,82.91,37,Shipped,286,Marta's Replicas Co.,Cambridge,USA,1216,Steve Patterson
10285,2004-08-27,2004-08-31,S32_2206,1982 Ducati 996 R,Motorcycles,24.14,36.61,37,Shipped,286,Marta's Replicas Co.,Cambridge,USA,1216,Steve Patterson
10285,2004-08-27,2004-08-31,S32_4485,1974 Ducati 350 Mk3 Desmo,Motorcycles,56.13,100.01,26,Shipped,286,Marta's Replicas Co.,Cambridge,USA,1216,Steve Patterson
10285,2004-08-27,2004-08-31,S50_4713,2002 Yamaha YZR M1,Motorcycles,34.17,76.48,39,Shipped,286,Marta's Replicas Co.,Cambridge,USA,1216,Steve Patterson
10285,2004-08-27,2004-08-31,S700_2834,ATA: B757-300,Planes,59.33,102.04,45,Shipped,286,Marta's Replicas Co.,Cambridge,USA,1216,Steve Patterson
10286,2004-08-28,2004-09-01,S18_3782,1957 Vespa GS150,Motorcycles,32.95,51.6,38,Shipped,172,"La Corne D'abondance, Co.",Paris,France,1337,Loui Bondur
10287,2004-08-30,2004-09-01,S12_1099,1968 Ford Mustang,Classic Cars,95.34,190.68,21,Shipped,298,"Vida Sport, Ltd",Genève,Switzerland,1702,Martin Gerard
10287,2004-08-30,2004-09-01,S12_3380,1968 Dodge Charger,Classic Cars,75.16,117.44,45,Shipped,298,"Vida Sport, Ltd",Genève,Switzerland,1702,Martin Gerard
10287,2004-08-30,2004-09-01,S12_3990,1970 Plymouth Hemi Cuda,Classic Cars,31.92,74.21,41,Shipped,298,"Vida Sport, Ltd",Genève,Switzerland,1702,Martin Gerard
10287,2004-08-30,2004-09-01,S12_4675,1969 Dodge Charger,Classic Cars,58.73,107.1,23,Shipped,298,"Vida Sport, Ltd",Genève,Switzerland,1702,Martin Gerard
10287,2004-08-30,2004-09-01,S18_1129,1993 Mazda RX-7,Classic Cars,83.51,113.23,41,Shipped,298,"Vida Sport, Ltd",Genève,Switzerland,1702,Martin Gerard
10287,2004-08-30,2004-09-01,S18_1889,1948 Porsche 356-A Roadster,Classic Cars,53.9,61.6,44,Shipped,298,"Vida Sport, Ltd",Genève,Switzerland,1702,Martin Gerard
10287,2004-08-30,2004-09-01,S18_1984,1995 Honda Civic,Classic Cars,93.89,123.76,24,Shipped,298,"Vida Sport, Ltd",Genève,Switzerland,1702,Martin Gerard
10287,2004-08-30,2004-09-01,S18_2870,1999 Indy 500 Monte Carlo SS,Classic Cars,56.76,114.84,44,Shipped,298,"Vida Sport, Ltd",Genève,Switzerland,1702,Martin Gerard
10287,2004-08-30,2004-09-01,S18_3232,1992 Ferrari 360 Spider red,Classic Cars,77.9,137.17,36,Shipped,298,"Vida Sport, Ltd",Genève,Switzerland,1702,Martin Gerard
10287,2004-08-30,2004-09-01,S18_3278,1969 Dodge Super Bee,Classic Cars,49.05,68.35,43,Shipped,298,"Vida Sport, Ltd",Genève,Switzerland,1702,Martin Gerard
10287,2004-08-30,2004-09-01,S18_3482,1976 Ford Gran Torino,Classic Cars,73.49,127.88,40,Shipped,298,"Vida Sport, Ltd",Genève,Switzerland,1702,Martin Gerard
10287,2004-08-30,2004-09-01,S18_3685,1948 Porsche Type 356 Roadster,Classic Cars,62.16,139.87,27,Shipped,298,"Vida Sport, Ltd",Genève,Switzerland,1702,Martin Gerard
10287,2004-08-30,2004-09-01,S18_4721,1957 Corvette Convertible,Classic Cars,69.93,119.04,34,Shipped,298,"Vida Sport, Ltd",Genève,Switzerland,1702,Martin Gerard
10287,2004-08-30,2004-09-01,S24_2972,1982 Lamborghini Diablo,Classic Cars,16.24,31.34,36,Shipped,298,"Vida Sport, Ltd",Genève,Switzerland,1702,Martin Gerard
10287,2004-08-30,2004-09-01,S24_3371,1971 Alpine Renault 1600s,Classic Cars,38.58,58.17,20,Shipped,298,"Vida Sport, Ltd",Genève,Switzerland,1702,Martin Gerard
10287,2004-08-30,2004-09-01,S24_3856,1956 Porsche 356A Coupe,Classic Cars,98.3,137.62,36,Shipped,298,"Vida Sport, Ltd",Genève,Switzerland,1702,Martin Gerard
10287,2004-08-30,2004-09-01,S24_4620,1961 Chevrolet Impala,Classic Cars,32.33,79.22,40,Shipped,298,"Vida Sport, Ltd",Genève,Switzerland,1702,Martin Gerard
10288,2004-09-01,2004-09-05,S18_1589,1965 Aston Martin DB5,Classic Cars,65.96,120.71,20,Shipped,166,Handji Gifts& Co,Singapore,Singapore,1612,Peter Marsh
10288,2004-09-01,2004-09-05,S18_1749,1917 Grand Touring Sedan,Vintage Cars,86.7,168.3,32,Shipped,166,Handji Gifts& Co,Singapore,Singapore,1612,Peter Marsh
10288,2004-09-01,2004-09-05,S18_2248,1911 Ford Town Car,Vintage Cars,33.3,50.25,28,Shipped,166,Handji Gifts& Co,Singapore,Singapore,1612,Peter Marsh
10288,2004-09-01,2004-09-05,S18_2325,1932 Model A Ford J-Coupe,Vintage Cars,58.48,102.98,31,Shipped,166,Handji Gifts& Co,Singapore,Singapore,1612,Peter Marsh
10288,2004-09-01,2004-09-05,S18_4409,1932 Alfa Romeo 8C2300 Spider Sport,Vintage Cars,43.26,90.19,35,Shipped,166,Handji Gifts& Co,Singapore,Singapore,1612,Peter Marsh
10288,2004-09-01,2004-09-05,S18_4933,1957 Ford Thunderbird,Classic Cars,34.21,57.02,23,Shipped,166,Handji Gifts& Co,Singapore,Singapore,1612,Peter Marsh
10288,2004-09-01,2004-09-05,S24_1046,1970 Chevy Chevelle SS 454,Classic Cars,49.24,66.88,36,Shipped,166,Handji Gifts& Co,Singapore,Singapore,1612,Peter Marsh
10288,2004-09-01,2004-09-05,S24_1628,1966 Shelby Cobra 427 S/C,Classic Cars,29.18,49.3,50,Shipped,166,Handji Gifts& Co,Singapore,Singapore,1612,Peter Marsh
10288,2004-09-01,2004-09-05,S24_1937,1939 Chevrolet Deluxe Coupe,Vintage Cars,22.57,32.19,29,Shipped,166,Handji Gifts& Co,Singapore,Singapore,1612,Peter Marsh
10288,2004-09-01,2004-09-05,S24_2766,1949 Jaguar XK 120,Classic Cars,47.25,81.78,35,Shipped,166,Handji Gifts& Co,Singapore,Singapore,1612,Peter Marsh
10288,2004-09-01,2004-09-05,S24_2887,1952 Citroen-15CV,Classic Cars,72.82,109.22,48,Shipped,166,Handji Gifts& Co,Singapore,Singapore,1612,Peter Marsh
10288,2004-09-01,2004-09-05,S24_3191,1969 Chevrolet Camaro Z28,Classic Cars,50.51,76.19,34,Shipped,166,Handji Gifts& Co,Singapore,Singapore,1612,Peter Marsh
10288,2004-09-01,2004-09-05,S24_3432,2002 Chevy Corvette,Classic Cars,62.11,101.73,41,Shipped,166,Handji Gifts& Co,Singapore,Singapore,1612,Peter Marsh
10288,2004-09-01,2004-09-05,S24_3969,1936 Mercedes Benz 500k Roadster,Vintage Cars,21.75,37.75,33,Shipped,166,Handji Gifts& Co,Singapore,Singapore,1612,Peter Marsh
10289,2004-09-03,2004-09-04,S18_1342,1937 Lincoln Berline,Vintage Cars,60.62,92.47,38,Shipped,167,Herkku Gifts,Bergen,Norway,1504,Barry Jones
10289,2004-09-03,2004-09-04,S18_1367,1936 Mercedes-Benz 500K Special Roadster,Vintage Cars,24.26,44.75,24,Shipped,167,Herkku Gifts,Bergen,Norway,1504,Barry Jones
10289,2004-09-03,2004-09-04,S18_2795,1928 Mercedes-Benz SSK,Vintage Cars,72.56,141.75,43,Shipped,167,Herkku Gifts,Bergen,Norway,1504,Barry Jones
10289,2004-09-03,2004-09-04,S24_2022,1938 Cadillac V-16 Presidential Limousine,Vintage Cars,20.61,41.22,45,Shipped,167,Herkku Gifts,Bergen,Norway,1504,Barry Jones
10290,2004-09-07,2004-09-13,S18_3320,1917 Maxwell Touring Car,Vintage Cars,57.54,80.36,26,Shipped,198,Auto-Moto Classics Inc.,Brickhaven,USA,1216,Steve Patterson
10290,2004-09-07,2004-09-13,S24_4258,1936 Chrysler Airflow,Vintage Cars,57.46,83.76,45,Shipped,198,Auto-Moto Classics Inc.,Brickhaven,USA,1216,Steve Patterson
10291,2004-09-08,2004-09-14,S10_1949,1952 Alpine Renault 1300,Classic Cars,98.58,210.01,37,Shipped,448,Scandinavian Gift Ideas,Bräcke,Sweden,1504,Barry Jones
10291,2004-09-08,2004-09-14,S10_4962,1962 LanciaA Delta 16V,Classic Cars,103.42,141.83,30,Shipped,448,Scandinavian Gift Ideas,Bräcke,Sweden,1504,Barry Jones
10291,2004-09-08,2004-09-14,S12_1666,1958 Setra Bus,Trucks and Buses,77.9,123.0,41,Shipped,448,Scandinavian Gift Ideas,Bräcke,Sweden,1504,Barry Jones
10291,2004-09-08,2004-09-14,S18_1097,1940 Ford Pickup Truck,Trucks and Buses,58.33,96.84,41,Shipped,448,Scandinavian Gift Ideas,Bräcke,Sweden,1504,Barry Jones
10291,2004-09-08,2004-09-14,S18_2432,1926 Ford Fire Engine,Trucks and Buses,24.92,52.26,26,Shipped,448,Scandinavian Gift Ideas,Bräcke,Sweden,1504,Barry Jones
10291,2004-09-08,2004-09-14,S18_2949,1913 Ford Model T Speedster,Vintage Cars,60.78,99.28,47,Shipped,448,Scandinavian Gift Ideas,Bräcke,Sweden,1504,Barry Jones
10291,2004-09-08,2004-09-14,S18_2957,1934 Ford V8 Coupe,Vintage Cars,34.35,56.21,37,Shipped,448,Scandinavian Gift Ideas,Bräcke,Sweden,1504,Barry Jones
10291,2004-09-08,2004-09-14,S18_3136,18th Century Vintage Horse Carriage,Vintage Cars,60.74,93.2,23,Shipped,448,Scandinavian Gift Ideas,Bräcke,Sweden,1504,Barry Jones
10291,2004-09-08,2004-09-14,S18_4600,1940s Ford truck,Trucks and Buses,84.76,96.86,48,Shipped,448,Scandinavian Gift Ideas,Bräcke,Sweden,1504,Barry Jones
10291,2004-09-08,2004-09-14,S18_4668,1939 Cadillac Limousine,Vintage Cars,23.14,45.28,29,Shipped,448,Scandinavian Gift Ideas,Bräcke,Sweden,1504,Barry Jones
10291,2004-09-08,2004-09-14,S24_2300,1962 Volkswagen Microbus,Trucks and Buses,61.34,109.9,48,Shipped,448,Scandinavian Gift Ideas,Bräcke,Sweden,1504,Barry Jones
10291,2004-09-08,2004-09-14,S32_1268,1980’s GM Manhattan Express,Trucks and Buses,53.93,82.83,26,Shipped,448,Scandinavian Gift Ideas,Bräcke,Sweden,1504,Barry Jones
10291,2004-09-08,2004-09-14,S32_3522,1996 Peterbilt 379 Stake Bed with Outrigger,Trucks and Buses,33.61,53.0,32,Shipped,448,Scandinavian Gift Ideas,Bräcke,Sweden,1504,Barry Jones
10291,2004-09-08,2004-09-14,S700_2824,1982 Camaro Z28,Classic Cars,46.53,86.99,28,Shipped,448,Scandinavian Gift Ideas,Bräcke,Sweden,1504,Barry Jones
10292,2004-09-08,2004-09-11,S12_4473,1957 Chevy Pickup,Trucks and Buses,55.7,94.8,21,Shipped,131,Land of Toys Inc.,NYC,USA,1323,George Vanauf
10292,2004-09-08,2004-09-11,S18_2238,1998 Chrysler Plymouth Prowler,Classic Cars,101.51,140.81,26,Shipped,131,Land of Toys Inc.,NYC,USA,1323,George Vanauf
10292,2004-09-08,2004-09-11,S18_2319,1964 Mercedes Tour Bus,Trucks and Buses,74.86,103.09,41,Shipped,131,Land of Toys Inc.,NYC,USA,1323,George Vanauf
10292,2004-09-08,2004-09-11,S18_3232,1992 Ferrari 360 Spider red,Classic Cars,77.9,147.33,21,Shipped,131,Land of Toys Inc.,NYC,USA,1323,George Vanauf
10292,2004-09-08,2004-09-11,S18_4027,1970 Triumph Spitfire,Classic Cars,91.92,114.9,44,Shipped,131,Land of Toys Inc.,NYC,USA,1323,George Vanauf
10292,2004-09-08,2004-09-11,S24_1444,1970 Dodge Coronet,Classic Cars,32.37,48.55,40,Shipped,131,Land of Toys Inc.,NYC,USA,1323,George Vanauf
10292,2004-09-08,2004-09-11,S24_2840,1958 Chevy Corvette Limited Edition,Classic Cars,15.91,34.3,39,Shipped,131,Land of Toys Inc.,NYC,USA,1323,George Vanauf
10292,2004-09-08,2004-09-11,S24_4048,1992 Porsche Cayenne Turbo Silver,Classic Cars,69.78,113.55,27,Shipped,131,Land of Toys Inc.,NYC,USA,1323,George Vanauf
10292,2004-09-08,2004-09-11,S32_2509,1954 Greyhound Scenicruiser,Trucks and Buses,25.98,54.11,50,Shipped,131,Land of Toys Inc.,NYC,USA,1323,George Vanauf
10292,2004-09-08,2004-09-11,S32_3207,1950's Chicago Surface Lines Streetcar,Trains,26.72,59.65,31,Shipped,131,Land of Toys Inc.,NYC,USA,1323,George Vanauf
10292,2004-09-08,2004-09-11,S50_1392,Diamond T620 Semi-Skirted Tanker,Trucks and Buses,68.29,113.44,41,Shipped,131,Land of Toys Inc.,NYC,USA,1323,George Vanauf
10292,2004-09-08,2004-09-11,S50_1514,1962 City of Detroit Streetcar,Trains,37.49,49.79,35,Shipped,131,Land of Toys Inc.,NYC,USA,1323,George Vanauf
10293,2004-09-09,2004-09-14,S12_1108,2001 Ferrari Enzo,Classic Cars,95.59,187.02,46,Shipped,249,Amica Models & Co.,Torino,Italy,1401,Pamela Castillo
10293,2004-09-09,2004-09-14,S12_3148,1969 Corvair Monza,Classic Cars,89.14,129.93,24,Shipped,249,Amica Models & Co.,Torino,Italy,1401,Pamela Castillo
10293,2004-09-09,2004-09-14,S12_3891,1969 Ford Falcon,Classic Cars,83.05,171.29,45,Shipped,249,Amica Models & Co.,Torino,Italy,1401,Pamela Castillo
10293,2004-09-09,2004-09-14,S18_3140,1903 Ford Model A,Vintage Cars,68.3,110.64,24,Shipped,249,Amica Models & Co.,Torino,Italy,1401,Pamela Castillo
10293,2004-09-09,2004-09-14,S18_3259,Collectable Wooden Train,Trains,67.56,91.76,22,Shipped,249,Amica Models & Co.,Torino,Italy,1401,Pamela Castillo
10293,2004-09-09,2004-09-14,S18_4522,1904 Buick Runabout,Vintage Cars,52.66,72.85,49,Shipped,249,Amica Models & Co.,Torino,Italy,1401,Pamela Castillo
10293,2004-09-09,2004-09-14,S24_2011,18th century schooner,Ships,82.34,111.83,21,Shipped,249,Amica Models & Co.,Torino,Italy,1401,Pamela Castillo
10293,2004-09-09,2004-09-14,S700_1938,The Mayflower,Ships,43.3,77.95,29,Shipped,249,Amica Models & Co.,Torino,Italy,1401,Pamela Castillo
10293,2004-09-09,2004-09-14,S72_3212,Pont Yacht,Ships,33.3,51.32,32,Shipped,249,Amica Models & Co.,Torino,Italy,1401,Pamela Castillo
10294,2004-09-10,2004-09-14,S700_3962,The Queen Mary,Ships,53.63,98.32,45,Shipped,204,Online Mini Collectables,Brickhaven,USA,1188,Julie Firrelli
10295,2004-09-10,2004-09-14,S10_4757,1972 Alfa Romeo GTA,Classic Cars,85.68,136.0,24,Shipped,362,Gifts4AllAges.com,Boston,USA,1216,Steve Patterson
10295,2004-09-10,2004-09-14,S24_3151,1912 Ford Model T Delivery Wagon,Vintage Cars,46.91,84.08,46,Shipped,362,Gifts4AllAges.com,Boston,USA,1216,Steve Patterson
10295,2004-09-10,2004-09-14,S700_1138,The Schooner Bluenose,Ships,34.0,62.0,26,Shipped,362,Gifts4AllAges.com,Boston,USA,1216,Steve Patterson
10295,2004-09-10,2004-09-14,S700_2610,The USS Constitution Ship,Ships,33.97,71.56,44,Shipped,362,Gifts4AllAges.com,Boston,USA,1216,Steve Patterson
10295,2004-09-10,2004-09-14,S700_3505,The Titanic,Ships,51.09,93.16,34,Shipped,362,Gifts4AllAges.com,Boston,USA,1216,Steve Patterson
10296,2004-09-15,2004-09-16,S18_1662,1980s Black Hawk Helicopter,Planes,77.27,146.65,36,Shipped,415,"Bavarian Collectables Imports, Co.",Munich,Germany,1504,Barry Jones
10296,2004-09-15,2004-09-16,S18_3029,1999 Yamaha Speed Boat,Ships,51.61,69.68,21,Shipped,415,"Bavarian Collectables Imports, Co.",Munich,Germany,1504,Barry Jones
10296,2004-09-15,2004-09-16,S18_3856,1941 Chevrolet Special Deluxe Cabriolet,Vintage Cars,64.58,105.87,22,Shipped,415,"Bavarian Collectables Imports, Co.",Munich,Germany,1504,Barry Jones
10296,2004-09-15,2004-09-16,S24_2841,1900s Vintage Bi-Plane,Planes,34.25,60.97,21,Shipped,415,"Bavarian Collectables Imports, Co.",Munich,Germany,1504,Barry Jones
10296,2004-09-15,2004-09-16,S24_3420,1937 Horch 930V Limousine,Vintage Cars,26.3,63.78,31,Shipped,415,"Bavarian Collectables Imports, Co.",Munich,Germany,1504,Barry Jones
10296,2004-09-15,2004-09-16,S24_3816,1940 Ford Delivery Sedan,Vintage Cars,48.64,83.02,22,Shipped,415,"Bavarian Collectables Imports, Co.",Munich,Germany,1504,Barry Jones
10296,2004-09-15,2004-09-16,S24_3949,Corsair F4U ( Bird Cage),Planes,29.34,63.46,32,Shipped,415,"Bavarian Collectables Imports, Co.",Munich,Germany,1504,Barry Jones
10296,2004-09-15,2004-09-16,S50_1341,1930 Buick Marquette Phaeton,Vintage Cars,27.06,41.02,26,Shipped,415,"Bavarian Collectables Imports, Co.",Munich,Germany,1504,Barry Jones
10296,2004-09-15,2004-09-16,S700_1691,American Airlines: B767-300,Planes,51.15,75.81,42,Shipped,415,"Bavarian Collectables Imports, Co.",Munich,Germany,1504,Barry Jones
10296,2004-09-15,2004-09-16,S700_2047,HMS Bounty,Ships,39.83,89.61,34,Shipped,415,"Bavarian Collectables Imports, Co.",Munich,Germany,1504,Barry Jones
10296,2004-09-15,2004-09-16,S700_2466,America West Airlines B757-200,Planes,68.8,96.73,24,Shipped,415,"Bavarian Collectables Imports, Co.",Munich,Germany,1504,Barry Jones
10296,2004-09-15,2004-09-16,S700_3167,F/A 18 Hornet 1/72,Planes,54.4,74.4,22,Shipped,415,"Bavarian Collectables Imports, Co.",Munich,Germany,1504,Barry Jones
10296,2004-09-15,2004-09-16,S700_4002,American Airlines: MD-11S,Planes,36.27,61.44,47,Shipped,415,"Bavarian Collectables Imports, Co.",Munich,Germany,1504,Barry Jones
10296,2004-09-15,2004-09-16,S72_1253,Boeing X-32A JSF,Planes,32.77,46.68,21,Shipped,415,"Bavarian Collectables Imports, Co.",Munich,Germany,1504,Barry Jones
10297,2004-09-16,2004-09-21,S18_2581,P-51-D Mustang,Planes,49.0,81.95,25,Shipped,189,"Clover Collections, Co.",Dublin,Ireland,1504,Barry Jones
10297,2004-09-16,2004-09-21,S24_1785,1928 British Royal Navy Airplane,Planes,66.74,107.23,32,Shipped,189,"Clover Collections, Co.",Dublin,Ireland,1504,Barry Jones
10297,2004-09-16,2004-09-21,S24_2000,1960 BSA Gold Star DBD34,Motorcycles,37.32,70.08,32,Shipped,189,"Clover Collections, Co.",Dublin,Ireland,1504,Barry Jones
10297,2004-09-16,2004-09-21,S24_4278,1900s Vintage Tri-Plane,Planes,36.23,71.73,23,Shipped,189,"Clover Collections, Co.",Dublin,Ireland,1504,Barry Jones
10297,2004-09-16,2004-09-21,S32_1374,1997 BMW F650 ST,Motorcycles,66.92,88.9,26,Shipped,189,"Clover Collections, Co.",Dublin,Ireland,1504,Barry Jones
10297,2004-09-16,2004-09-21,S32_4289,1928 Ford Phaeton Deluxe,Vintage Cars,33.02,63.29,28,Shipped,189,"Clover Collections, Co.",Dublin,Ireland,1504,Barry Jones
10297,2004-09-16,2004-09-21,S700_2834,ATA: B757-300,Planes,59.33,111.53,35,Shipped,189,"Clover Collections, Co.",Dublin,Ireland,1504,Barry Jones
10298,2004-09-27,2004-10-01,S10_2016,1996 Moto Guzzi 1100i,Motorcycles,68.99,105.86,39,Shipped,103,Atelier graphique,Nantes,France,1370,Gerard Hernandez
10298,2004-09-27,2004-10-01,S18_2625,1936 Harley Davidson El Knucklehead,Motorcycles,24.23,60.57,32,Shipped,103,Atelier graphique,Nantes,France,1370,Gerard Hernandez
10299,2004-09-30,2004-10-01,S10_1678,1969 Harley Davidson Ultimate Chopper,Motorcycles,48.81,76.56,23,Shipped,186,"Toys of Finland, Co.",Helsinki,Finland,1501,Larry Bott
10299,2004-09-30,2004-10-01,S10_4698,2003 Harley-Davidson Eagle Drag Bike,Motorcycles,91.02,164.61,29,Shipped,186,"Toys of Finland, Co.",Helsinki,Finland,1501,Larry Bott
10299,2004-09-30,2004-10-01,S12_2823,2002 Suzuki XREO,Motorcycles,66.27,123.51,24,Shipped,186,"Toys of Finland, Co.",Helsinki,Finland,1501,Larry Bott
10299,2004-09-30,2004-10-01,S18_3782,1957 Vespa GS150,Motorcycles,32.95,62.17,39,Shipped,186,"Toys of Finland, Co.",Helsinki,Finland,1501,Larry Bott
10299,2004-09-30,2004-10-01,S18_4721,1957 Corvette Convertible,Classic Cars,69.93,119.04,49,Shipped,186,"Toys of Finland, Co.",Helsinki,Finland,1501,Larry Bott
10299,2004-09-30,2004-10-01,S24_1578,1997 BMW R 1100 S,Motorcycles,60.86,107.07,47,Shipped,186,"Toys of Finland, Co.",Helsinki,Finland,1501,Larry Bott
10299,2004-09-30,2004-10-01,S24_2360,1982 Ducati 900 Monster,Motorcycles,47.1,58.87,33,Shipped,186,"Toys of Finland, Co.",Helsinki,Finland,1501,Larry Bott
10299,2004-09-30,2004-10-01,S24_4620,1961 Chevrolet Impala,Classic Cars,32.33,66.29,32,Shipped,186,"Toys of Finland, Co.",Helsinki,Finland,1501,Larry Bott
10299,2004-09-30,2004-10-01,S32_2206,1982 Ducati 996 R,Motorcycles,24.14,36.21,24,Shipped,186,"Toys of Finland, Co.",Helsinki,Finland,1501,Larry Bott
10299,2004-09-30,2004-10-01,S32_4485,1974 Ducati 350 Mk3 Desmo,Motorcycles,56.13,84.7,38,Shipped,186,"Toys of Finland, Co.",Helsinki,Finland,1501,Larry Bott
10299,2004-09-30,2004-10-01,S50_4713,2002 Yamaha YZR M1,Motorcycles,34.17,77.29,44,Shipped,186,"Toys of Finland, Co.",Helsinki,Finland,1501,Larry Bott
10300,2003-10-04,2003-10-09,S12_1099,1968 Ford Mustang,Classic Cars,95.34,184.84,33,Shipped,128,"Blauer See Auto, Co.",Frankfurt,Germany,1504,Barry Jones
10300,2003-10-04,2003-10-09,S12_3380,1968 Dodge Charger,Classic Cars,75.16,116.27,29,Shipped,128,"Blauer See Auto, Co.",Frankfurt,Germany,1504,Barry Jones
10300,2003-10-04,2003-10-09,S12_3990,1970 Plymouth Hemi Cuda,Classic Cars,31.92,76.61,22,Shipped,128,"Blauer See Auto, Co.",Frankfurt,Germany,1504,Barry Jones
10300,2003-10-04,2003-10-09,S12_4675,1969 Dodge Charger,Classic Cars,58.73,95.58,23,Shipped,128,"Blauer See Auto, Co.",Frankfurt,Germany,1504,Barry Jones
10300,2003-10-04,2003-10-09,S18_1889,1948 Porsche 356-A Roadster,Classic Cars,53.9,63.14,41,Shipped,128,"Blauer See Auto, Co.",Frankfurt,Germany,1504,Barry Jones
10300,2003-10-04,2003-10-09,S18_3278,1969 Dodge Super Bee,Classic Cars,49.05,65.94,49,Shipped,128,"Blauer See Auto, Co.",Frankfurt,Germany,1504,Barry Jones
10300,2003-10-04,2003-10-09,S18_3482,1976 Ford Gran Torino,Classic Cars,73.49,144.05,23,Shipped,128,"Blauer See Auto, Co.",Frankfurt,Germany,1504,Barry Jones
10300,2003-10-04,2003-10-09,S24_3371,1971 Alpine Renault 1600s,Classic Cars,38.58,52.05,31,Shipped,128,"Blauer See Auto, Co.",Frankfurt,Germany,1504,Barry Jones
10301,2003-10-05,2003-10-08,S18_1129,1993 Mazda RX-7,Classic Cars,83.51,114.65,37,Shipped,299,"Norway Gifts By Mail, Co.",Oslo,Norway,1504,Barry Jones
10301,2003-10-05,2003-10-08,S18_1589,1965 Aston Martin DB5,Classic Cars,65.96,118.22,32,Shipped,299,"Norway Gifts By Mail, Co.",Oslo,Norway,1504,Barry Jones
10301,2003-10-05,2003-10-08,S18_1984,1995 Honda Civic,Classic Cars,93.89,119.49,47,Shipped,299,"Norway Gifts By Mail, Co.",Oslo,Norway,1504,Barry Jones
10301,2003-10-05,2003-10-08,S18_2870,1999 Indy 500 Monte Carlo SS,Classic Cars,56.76,113.52,22,Shipped,299,"Norway Gifts By Mail, Co.",Oslo,Norway,1504,Barry Jones
10301,2003-10-05,2003-10-08,S18_3232,1992 Ferrari 360 Spider red,Classic Cars,77.9,135.47,23,Shipped,299,"Norway Gifts By Mail, Co.",Oslo,Norway,1504,Barry Jones
10301,2003-10-05,2003-10-08,S18_3685,1948 Porsche Type 356 Roadster,Classic Cars,62.16,137.04,39,Shipped,299,"Norway Gifts By Mail, Co.",Oslo,Norway,1504,Barry Jones
10301,2003-10-05,2003-10-08,S24_1046,1970 Chevy Chevelle SS 454,Classic Cars,49.24,64.67,27,Shipped,299,"Norway Gifts By Mail, Co.",Oslo,Norway,1504,Barry Jones
10301,2003-10-05,2003-10-08,S24_1628,1966 Shelby Cobra 427 S/C,Classic Cars,29.18,40.75,22,Shipped,299,"Norway Gifts By Mail, Co.",Oslo,Norway,1504,Barry Jones
10301,2003-10-05,2003-10-08,S24_2972,1982 Lamborghini Diablo,Classic Cars,16.24,32.1,48,Shipped,299,"Norway Gifts By Mail, Co.",Oslo,Norway,1504,Barry Jones
10301,2003-10-05,2003-10-08,S24_3432,2002 Chevy Corvette,Classic Cars,62.11,86.73,22,Shipped,299,"Norway Gifts By Mail, Co.",Oslo,Norway,1504,Barry Jones
10301,2003-10-05,2003-10-08,S24_3856,1956 Porsche 356A Coupe,Classic Cars,98.3,122.17,50,Shipped,299,"Norway Gifts By Mail, Co.",Oslo,Norway,1504,Barry Jones
10302,2003-10-06,2003-10-07,S18_1749,1917 Grand Touring Sedan,Vintage Cars,86.7,166.6,43,Shipped,201,"UK Collectables, Ltd.",Liverpool,UK,1501,Larry Bott
10302,2003-10-06,2003-10-07,S18_4409,1932 Alfa Romeo 8C2300 Spider Sport,Vintage Cars,43.26,82.83,38,Shipped,201,"UK Collectables, Ltd.",Liverpool,UK,1501,Larry Bott
10302,2003-10-06,2003-10-07,S18_4933,1957 Ford Thunderbird,Classic Cars,34.21,70.56,23,Shipped,201,"UK Collectables, Ltd.",Liverpool,UK,1501,Larry Bott
10302,2003-10-06,2003-10-07,S24_2766,1949 Jaguar XK 120,Classic Cars,47.25,75.42,49,Shipped,201,"UK Collectables, Ltd.",Liverpool,UK,1501,Larry Bott
10302,2003-10-06,2003-10-07,S24_2887,1952 Citroen-15CV,Classic Cars,72.82,104.52,45,Shipped,201,"UK Collectables, Ltd.",Liverpool,UK,1501,Larry Bott
10302,2003-10-06,2003-10-07,S24_3191,1969 Chevrolet Camaro Z28,Classic Cars,50.51,74.48,48,Shipped,201,"UK Collectables, Ltd.",Liverpool,UK,1501,Larry Bott
10303,2004-10-06,2004-10-09,S18_2248,1911 Ford Town Car,Vintage Cars,33.3,56.91,46,Shipped,484,"Iberia Gift Imports, Corp.",Sevilla,Spain,1702,Martin Gerard
10303,2004-10-06,2004-10-09,S24_3969,1936 Mercedes Benz 500k Roadster,Vintage Cars,21.75,35.7,24,Shipped,484,"Iberia Gift Imports, Corp.",Sevilla,Spain,1702,Martin Gerard
10304,2004-10-11,2004-10-17,S10_1949,1952 Alpine Renault 1300,Classic Cars,98.58,201.44,47,Shipped,256,Auto Associés & Cie.,Versailles,France,1370,Gerard Hernandez
10304,2004-10-11,2004-10-17,S12_1666,1958 Setra Bus,Trucks and Buses,77.9,117.54,39,Shipped,256,Auto Associés & Cie.,Versailles,France,1370,Gerard Hernandez
10304,2004-10-11,2004-10-17,S18_1097,1940 Ford Pickup Truck,Trucks and Buses,58.33,106.17,46,Shipped,256,Auto Associés & Cie.,Versailles,France,1370,Gerard Hernandez
10304,2004-10-11,2004-10-17,S18_1342,1937 Lincoln Berline,Vintage Cars,60.62,95.55,37,Shipped,256,Auto Associés & Cie.,Versailles,France,1370,Gerard Hernandez
10304,2004-10-11,2004-10-17,S18_1367,1936 Mercedes-Benz 500K Special Roadster,Vintage Cars,24.26,46.9,37,Shipped,256,Auto Associés & Cie.,Versailles,France,1370,Gerard Hernandez
10304,2004-10-11,2004-10-17,S18_2325,1932 Model A Ford J-Coupe,Vintage Cars,58.48,102.98,24,Shipped,256,Auto Associés & Cie.,Versailles,France,1370,Gerard Hernandez
10304,2004-10-11,2004-10-17,S18_2795,1928 Mercedes-Benz SSK,Vintage Cars,72.56,141.75,20,Shipped,256,Auto Associés & Cie.,Versailles,France,1370,Gerard Hernandez
10304,2004-10-11,2004-10-17,S18_2949,1913 Ford Model T Speedster,Vintage Cars,60.78,98.27,46,Shipped,256,Auto Associés & Cie.,Versailles,France,1370,Gerard Hernandez
10304,2004-10-11,2004-10-17,S18_2957,1934 Ford V8 Coupe,Vintage Cars,34.35,54.34,24,Shipped,256,Auto Associés & Cie.,Versailles,France,1370,Gerard Hernandez
10304,2004-10-11,2004-10-17,S18_3136,18th Century Vintage Horse Carriage,Vintage Cars,60.74,90.06,26,Shipped,256,Auto Associés & Cie.,Versailles,France,1370,Gerard Hernandez
10304,2004-10-11,2004-10-17,S18_3320,1917 Maxwell Touring Car,Vintage Cars,57.54,95.24,38,Shipped,256,Auto Associés & Cie.,Versailles,France,1370,Gerard Hernandez
10304,2004-10-11,2004-10-17,S18_4668,1939 Cadillac Limousine,Vintage Cars,23.14,44.27,34,Shipped,256,Auto Associés & Cie.,Versailles,France,1370,Gerard Hernandez
10304,2004-10-11,2004-10-17,S24_1937,1939 Chevrolet Deluxe Coupe,Vintage Cars,22.57,29.21,23,Shipped,256,Auto Associés & Cie.,Versailles,France,1370,Gerard Hernandez
10304,2004-10-11,2004-10-17,S24_2022,1938 Cadillac V-16 Presidential Limousine,Vintage Cars,20.61,42.11,44,Shipped,256,Auto Associés & Cie.,Versailles,France,1370,Gerard Hernandez
10304,2004-10-11,2004-10-17,S24_4258,1936 Chrysler Airflow,Vintage Cars,57.46,80.83,33,Shipped,256,Auto Associés & Cie.,Versailles,France,1370,Gerard Hernandez
10304,2004-10-11,2004-10-17,S32_3522,1996 Peterbilt 379 Stake Bed with Outrigger,Trucks and Buses,33.61,52.36,36,Shipped,256,Auto Associés & Cie.,Versailles,France,1370,Gerard Hernandez
10304,2004-10-11,2004-10-17,S700_2824,1982 Camaro Z28,Classic Cars,46.53,80.92,40,Shipped,256,Auto Associés & Cie.,Versailles,France,1370,Gerard Hernandez
10305,2004-10-13,2004-10-15,S10_4962,1962 LanciaA Delta 16V,Classic Cars,103.42,130.01,38,Shipped,286,Marta's Replicas Co.,Cambridge,USA,1216,Steve Patterson
10305,2004-10-13,2004-10-15,S12_4473,1957 Chevy Pickup,Trucks and Buses,55.7,107.84,38,Shipped,286,Marta's Replicas Co.,Cambridge,USA,1216,Steve Patterson
10305,2004-10-13,2004-10-15,S18_2238,1998 Chrysler Plymouth Prowler,Classic Cars,101.51,132.62,27,Shipped,286,Marta's Replicas Co.,Cambridge,USA,1216,Steve Patterson
10305,2004-10-13,2004-10-15,S18_2319,1964 Mercedes Tour Bus,Trucks and Buses,74.86,117.82,36,Shipped,286,Marta's Replicas Co.,Cambridge,USA,1216,Steve Patterson
10305,2004-10-13,2004-10-15,S18_2432,1926 Ford Fire Engine,Trucks and Buses,24.92,58.95,41,Shipped,286,Marta's Replicas Co.,Cambridge,USA,1216,Steve Patterson
10305,2004-10-13,2004-10-15,S18_3232,1992 Ferrari 360 Spider red,Classic Cars,77.9,160.87,37,Shipped,286,Marta's Replicas Co.,Cambridge,USA,1216,Steve Patterson
10305,2004-10-13,2004-10-15,S18_4600,1940s Ford truck,Trucks and Buses,84.76,112.6,22,Shipped,286,Marta's Replicas Co.,Cambridge,USA,1216,Steve Patterson
10305,2004-10-13,2004-10-15,S24_1444,1970 Dodge Coronet,Classic Cars,32.37,48.55,45,Shipped,286,Marta's Replicas Co.,Cambridge,USA,1216,Steve Patterson
10305,2004-10-13,2004-10-15,S24_2300,1962 Volkswagen Microbus,Trucks and Buses,61.34,107.34,24,Shipped,286,Marta's Replicas Co.,Cambridge,USA,1216,Steve Patterson
10305,2004-10-13,2004-10-15,S24_2840,1958 Chevy Corvette Limited Edition,Classic Cars,15.91,30.76,48,Shipped,286,Marta's Replicas Co.,Cambridge,USA,1216,Steve Patterson
10305,2004-10-13,2004-10-15,S24_4048,1992 Porsche Cayenne Turbo Silver,Classic Cars,69.78,118.28,36,Shipped,286,Marta's Replicas Co.,Cambridge,USA,1216,Steve Patterson
10305,2004-10-13,2004-10-15,S32_1268,1980’s GM Manhattan Express,Trucks and Buses,53.93,94.38,28,Shipped,286,Marta's Replicas Co.,Cambridge,USA,1216,Steve Patterson
10305,2004-10-13,2004-10-15,S32_2509,1954 Greyhound Scenicruiser,Trucks and Buses,25.98,48.7,40,Shipped,286,Marta's Replicas Co.,Cambridge,USA,1216,Steve Patterson
10305,2004-10-13,2004-10-15,S50_1392,Diamond T620 Semi-Skirted Tanker,Trucks and Buses,68.29,109.96,42,Shipped,286,Marta's Replicas Co.,Cambridge,USA,1216,Steve Patterson
10306,2004-10-14,2004-10-17,S12_1108,2001 Ferrari Enzo,Classic Cars,95.59,182.86,31,Shipped,187,"AV Stores, Co.",Manchester,UK,1501,Larry Bott
10306,2004-10-14,2004-10-17,S12_3148,1969 Corvair Monza,Classic Cars,89.14,145.04,34,Shipped,187,"AV Stores, Co.",Manchester,UK,1501,Larry Bott
10306,2004-10-14,2004-10-17,S12_3891,1969 Ford Falcon,Classic Cars,83.05,145.34,20,Shipped,187,"AV Stores, Co.",Manchester,UK,1501,Larry Bott
10306,2004-10-14,2004-10-17,S18_3140,1903 Ford Model A,Vintage Cars,68.3,114.74,32,Shipped,187,"AV Stores, Co.",Manchester,UK,1501,Larry Bott
10306,2004-10-14,2004-10-17,S18_3259,Collectable Wooden Train,Trains,67.56,83.7,40,Shipped,187,"AV Stores, Co.",Manchester,UK,1501,Larry Bott
10306,2004-10-14,2004-10-17,S18_4027,1970 Triumph Spitfire,Classic Cars,91.92,126.39,23,Shipped,187,"AV Stores, Co.",Manchester,UK,1501,Larry Bott
10306,2004-10-14,2004-10-17,S18_4522,1904 Buick Runabout,Vintage Cars,52.66,85.14,39,Shipped,187,"AV Stores, Co.",Manchester,UK,1501,Larry Bott
10306,2004-10-14,2004-10-17,S24_2011,18th century schooner,Ships,82.34,109.37,29,Shipped,187,"AV Stores, Co.",Manchester,UK,1501,Larry Bott
10306,2004-10-14,2004-10-17,S24_3151,1912 Ford Model T Delivery Wagon,Vintage Cars,46.91,76.12,31,Shipped,187,"AV Stores, Co.",Manchester,UK,1501,Larry Bott
10306,2004-10-14,2004-10-17,S32_3207,1950's Chicago Surface Lines Streetcar,Trains,26.72,60.28,46,Shipped,187,"AV Stores, Co.",Manchester,UK,1501,Larry Bott
10306,2004-10-14,2004-10-17,S50_1514,1962 City of Detroit Streetcar,Trains,37.49,51.55,34,Shipped,187,"AV Stores, Co.",Manchester,UK,1501,Larry Bott
10306,2004-10-14,2004-10-17,S700_1138,The Schooner Bluenose,Ships,34.0,61.34,50,Shipped,187,"AV Stores, Co.",Manchester,UK,1501,Larry Bott
10306,2004-10-14,2004-10-17,S700_1938,The Mayflower,Ships,43.3,73.62,38,Shipped,187,"AV Stores, Co.",Manchester,UK,1501,Larry Bott
10306,2004-10-14,2004-10-17,S700_2610,The USS Constitution Ship,Ships,33.97,62.16,43,Shipped,187,"AV Stores, Co.",Manchester,UK,1501,Larry Bott
10306,2004-10-14,2004-10-17,S700_3505,The Titanic,Ships,51.09,99.17,32,Shipped,187,"AV Stores, Co.",Manchester,UK,1501,Larry Bott
10306,2004-10-14,2004-10-17,S700_3962,The Queen Mary,Ships,53.63,87.39,30,Shipped,187,"AV Stores, Co.",Manchester,UK,1501,Larry Bott
10306,2004-10-14,2004-10-17,S72_3212,Pont Yacht,Ships,33.3,48.05,35,Shipped,187,"AV Stores, Co.",Manchester,UK,1501,Larry Bott
10307,2004-10-14,2004-10-20,S10_4757,1972 Alfa Romeo GTA,Classic Cars,85.68,118.32,22,Shipped,339,"Classic Gift Ideas, Inc",Philadelphia,USA,1188,Julie Firrelli
10307,2004-10-14,2004-10-20,S18_1662,1980s Black Hawk Helicopter,Planes,77.27,135.61,39,Shipped,339,"Classic Gift Ideas, Inc",Philadelphia,USA,1188,Julie Firrelli
10307,2004-10-14,2004-10-20,S18_3029,1999 Yamaha Speed Boat,Ships,51.61,71.4,31,Shipped,339,"Classic Gift Ideas, Inc",Philadelphia,USA,1188,Julie Firrelli
10307,2004-10-14,2004-10-20,S18_3856,1941 Chevrolet Special Deluxe Cabriolet,Vintage Cars,64.58,92.11,48,Shipped,339,"Classic Gift Ideas, Inc",Philadelphia,USA,1188,Julie Firrelli
10307,2004-10-14,2004-10-20,S24_2841,1900s Vintage Bi-Plane,Planes,34.25,58.23,25,Shipped,339,"Classic Gift Ideas, Inc",Philadelphia,USA,1188,Julie Firrelli
10307,2004-10-14,2004-10-20,S24_3420,1937 Horch 930V Limousine,Vintage Cars,26.3,64.44,22,Shipped,339,"Classic Gift Ideas, Inc",Philadelphia,USA,1188,Julie Firrelli
10307,2004-10-14,2004-10-20,S24_3816,1940 Ford Delivery Sedan,Vintage Cars,48.64,75.47,22,Shipped,339,"Classic Gift Ideas, Inc",Philadelphia,USA,1188,Julie Firrelli
10307,2004-10-14,2004-10-20,S700_2047,HMS Bounty,Ships,39.83,81.47,34,Shipped,339,"Classic Gift Ideas, Inc",Philadelphia,USA,1188,Julie Firrelli
10307,2004-10-14,2004-10-20,S72_1253,Boeing X-32A JSF,Planes,32.77,44.2,34,Shipped,339,"Classic Gift Ideas, Inc",Philadelphia,USA,1188,Julie Firrelli
10308,2004-10-15,2004-10-20,S10_2016,1996 Moto Guzzi 1100i,Motorcycles,68.99,115.37,34,Shipped,319,Mini Classics,White Plains,USA,1323,George Vanauf
10308,2004-10-15,2004-10-20,S10_4698,2003 Harley-Davidson Eagle Drag Bike,Motorcycles,91.02,187.85,20,Shipped,319,Mini Classics,White Plains,USA,1323,George Vanauf
10308,2004-10-15,2004-10-20,S18_2581,P-51-D Mustang,Planes,49.0,81.95,27,Shipped,319,Mini Classics,White Plains,USA,1323,George Vanauf
10308,2004-10-15,2004-10-20,S18_2625,1936 Harley Davidson El Knucklehead,Motorcycles,24.23,48.46,34,Shipped,319,Mini Classics,White Plains,USA,1323,George Vanauf
10308,2004-10-15,2004-10-20,S24_1785,1928 British Royal Navy Airplane,Planes,66.74,99.57,31,Shipped,319,Mini Classics,White Plains,USA,1323,George Vanauf
10308,2004-10-15,2004-10-20,S24_2000,1960 BSA Gold Star DBD34,Motorcycles,37.32,68.55,47,Shipped,319,Mini Classics,White Plains,USA,1323,George Vanauf
10308,2004-10-15,2004-10-20,S24_3949,Corsair F4U ( Bird Cage),Planes,29.34,58.0,43,Shipped,319,Mini Classics,White Plains,USA,1323,George Vanauf
10308,2004-10-15,2004-10-20,S24_4278,1900s Vintage Tri-Plane,Planes,36.23,71.73,44,Shipped,319,Mini Classics,White Plains,USA,1323,George Vanauf
10308,2004-10-15,2004-10-20,S32_1374,1997 BMW F650 ST,Motorcycles,66.92,99.89,24,Shipped,319,Mini Classics,White Plains,USA,1323,George Vanauf
10308,2004-10-15,2004-10-20,S32_4289,1928 Ford Phaeton Deluxe,Vintage Cars,33.02,61.22,46,Shipped,319,Mini Classics,White Plains,USA,1323,George Vanauf
10308,2004-10-15,2004-10-20,S50_1341,1930 Buick Marquette Phaeton,Vintage Cars,27.06,37.09,47,Shipped,319,Mini Classics,White Plains,USA,1323,George Vanauf
10308,2004-10-15,2004-10-20,S700_1691,American Airlines: B767-300,Planes,51.15,73.07,21,Shipped,319,Mini Classics,White Plains,USA,1323,George Vanauf
10308,2004-10-15,2004-10-20,S700_2466,America West Airlines B757-200,Planes,68.8,88.75,35,Shipped,319,Mini Classics,White Plains,USA,1323,George Vanauf
10308,2004-10-15,2004-10-20,S700_2834,ATA: B757-300,Planes,59.33,100.85,31,Shipped,319,Mini Classics,White Plains,USA,1323,George Vanauf
10308,2004-10-15,2004-10-20,S700_3167,F/A 18 Hornet 1/72,Planes,54.4,79.2,21,Shipped,319,Mini Classics,White Plains,USA,1323,George Vanauf
10308,2004-10-15,2004-10-20,S700_4002,American Airlines: MD-11S,Planes,36.27,62.93,39,Shipped,319,Mini Classics,White Plains,USA,1323,George Vanauf
10309,2004-10-15,2004-10-18,S10_1678,1969 Harley Davidson Ultimate Chopper,Motorcycles,48.81,94.74,41,Shipped,121,Baane Mini Imports,Stavern,Norway,1504,Barry Jones
10309,2004-10-15,2004-10-18,S12_2823,2002 Suzuki XREO,Motorcycles,66.27,144.6,26,Shipped,121,Baane Mini Imports,Stavern,Norway,1504,Barry Jones
10309,2004-10-15,2004-10-18,S24_1578,1997 BMW R 1100 S,Motorcycles,60.86,96.92,21,Shipped,121,Baane Mini Imports,Stavern,Norway,1504,Barry Jones
10309,2004-10-15,2004-10-18,S24_2360,1982 Ducati 900 Monster,Motorcycles,47.1,59.56,24,Shipped,121,Baane Mini Imports,Stavern,Norway,1504,Barry Jones
10309,2004-10-15,2004-10-18,S32_4485,1974 Ducati 350 Mk3 Desmo,Motorcycles,56.13,93.89,50,Shipped,121,Baane Mini Imports,Stavern,Norway,1504,Barry Jones
10309,2004-10-15,2004-10-18,S50_4713,2002 Yamaha YZR M1,Motorcycles,34.17,74.04,28,Shipped,121,Baane Mini Imports,Stavern,Norway,1504,Barry Jones
10310,2004-10-16,2004-10-18,S12_1099,1968 Ford Mustang,Classic Cars,95.34,165.38,33,Shipped,259,"Toms Spezialitäten, Ltd",Köln,Germany,1504,Barry Jones
10310,2004-10-16,2004-10-18,S12_3380,1968 Dodge Charger,Classic Cars,75.16,105.7,24,Shipped,259,"Toms Spezialitäten, Ltd",Köln,Germany,1504,Barry Jones
10310,2004-10-16,2004-10-18,S12_3990,1970 Plymouth Hemi Cuda,Classic Cars,31.92,77.41,49,Shipped,259,"Toms Spezialitäten, Ltd",Köln,Germany,1504,Barry Jones
10310,2004-10-16,2004-10-18,S12_4675,1969 Dodge Charger,Classic Cars,58.73,101.34,25,Shipped,259,"Toms Spezialitäten, Ltd",Köln,Germany,1504,Barry Jones
10310,2004-10-16,2004-10-18,S18_1129,1993 Mazda RX-7,Classic Cars,83.51,128.8,37,Shipped,259,"Toms Spezialitäten, Ltd",Köln,Germany,1504,Barry Jones
10310,2004-10-16,2004-10-18,S18_1889,1948 Porsche 356-A Roadster,Classic Cars,53.9,66.99,20,Shipped,259,"Toms Spezialitäten, Ltd",Köln,Germany,1504,Barry Jones
10310,2004-10-16,2004-10-18,S18_1984,1995 Honda Civic,Classic Cars,93.89,129.45,24,Shipped,259,"Toms Spezialitäten, Ltd",Köln,Germany,1504,Barry Jones
10310,2004-10-16,2004-10-18,S18_3232,1992 Ferrari 360 Spider red,Classic Cars,77.9,159.18,48,Shipped,259,"Toms Spezialitäten, Ltd",Köln,Germany,1504,Barry Jones
10310,2004-10-16,2004-10-18,S18_3278,1969 Dodge Super Bee,Classic Cars,49.05,70.76,27,Shipped,259,"Toms Spezialitäten, Ltd",Köln,Germany,1504,Barry Jones
10310,2004-10-16,2004-10-18,S18_3482,1976 Ford Gran Torino,Classic Cars,73.49,122.0,49,Shipped,259,"Toms Spezialitäten, Ltd",Köln,Germany,1504,Barry Jones
10310,2004-10-16,2004-10-18,S18_3782,1957 Vespa GS150,Motorcycles,32.95,59.06,42,Shipped,259,"Toms Spezialitäten, Ltd",Köln,Germany,1504,Barry Jones
10310,2004-10-16,2004-10-18,S18_4721,1957 Corvette Convertible,Classic Cars,69.93,133.92,40,Shipped,259,"Toms Spezialitäten, Ltd",Köln,Germany,1504,Barry Jones
10310,2004-10-16,2004-10-18,S24_2972,1982 Lamborghini Diablo,Classic Cars,16.24,33.23,33,Shipped,259,"Toms Spezialitäten, Ltd",Köln,Germany,1504,Barry Jones
10310,2004-10-16,2004-10-18,S24_3371,1971 Alpine Renault 1600s,Classic Cars,38.58,50.21,38,Shipped,259,"Toms Spezialitäten, Ltd",Köln,Germany,1504,Barry Jones
10310,2004-10-16,2004-10-18,S24_3856,1956 Porsche 356A Coupe,Classic Cars,98.3,139.03,45,Shipped,259,"Toms Spezialitäten, Ltd",Köln,Germany,1504,Barry Jones
10310,2004-10-16,2004-10-18,S24_4620,1961 Chevrolet Impala,Classic Cars,32.33,75.18,49,Shipped,259,"Toms Spezialitäten, Ltd",Köln,Germany,1504,Barry Jones
10310,2004-10-16,2004-10-18,S32_2206,1982 Ducati 996 R,Motorcycles,24.14,38.62,36,Shipped,259,"Toms Spezialitäten, Ltd",Köln,Germany,1504,Barry Jones
10311,2004-10-16,2004-10-20,S18_1589,1965 Aston Martin DB5,Classic Cars,65.96,124.44,29,Shipped,141,Euro+ Shopping Channel,Madrid,Spain,1370,Gerard Hernandez
10311,2004-10-16,2004-10-20,S18_2870,1999 Indy 500 Monte Carlo SS,Classic Cars,56.76,114.84,43,Shipped,141,Euro+ Shopping Channel,Madrid,Spain,1370,Gerard Hernandez
10311,2004-10-16,2004-10-20,S18_3685,1948 Porsche Type 356 Roadster,Classic Cars,62.16,134.22,32,Shipped,141,Euro+ Shopping Channel,Madrid,Spain,1370,Gerard Hernandez
10311,2004-10-16,2004-10-20,S18_4409,1932 Alfa Romeo 8C2300 Spider Sport,Vintage Cars,43.26,92.03,41,Shipped,141,Euro+ Shopping Channel,Madrid,Spain,1370,Gerard Hernandez
10311,2004-10-16,2004-10-20,S18_4933,1957 Ford Thunderbird,Classic Cars,34.21,66.99,25,Shipped,141,Euro+ Shopping Channel,Madrid,Spain,1370,Gerard Hernandez
10311,2004-10-16,2004-10-20,S24_1046,1970 Chevy Chevelle SS 454,Classic Cars,49.24,70.55,26,Shipped,141,Euro+ Shopping Channel,Madrid,Spain,1370,Gerard Hernandez
10311,2004-10-16,2004-10-20,S24_1628,1966 Shelby Cobra 427 S/C,Classic Cars,29.18,48.8,45,Shipped,141,Euro+ Shopping Channel,Madrid,Spain,1370,Gerard Hernandez
10311,2004-10-16,2004-10-20,S24_2766,1949 Jaguar XK 120,Classic Cars,47.25,89.05,28,Shipped,141,Euro+ Shopping Channel,Madrid,Spain,1370,Gerard Hernandez
10311,2004-10-16,2004-10-20,S24_2887,1952 Citroen-15CV,Classic Cars,72.82,116.27,43,Shipped,141,Euro+ Shopping Channel,Madrid,Spain,1370,Gerard Hernandez
10311,2004-10-16,2004-10-20,S24_3191,1969 Chevrolet Camaro Z28,Classic Cars,50.51,85.61,25,Shipped,141,Euro+ Shopping Channel,Madrid,Spain,1370,Gerard Hernandez
10311,2004-10-16,2004-10-20,S24_3432,2002 Chevy Corvette,Classic Cars,62.11,91.02,46,Shipped,141,Euro+ Shopping Channel,Madrid,Spain,1370,Gerard Hernandez
10312,2004-10-21,2004-10-23,S10_1949,1952 Alpine Renault 1300,Classic Cars,98.58,214.3,48,Shipped,124,Mini Gifts Distributors Ltd.,San Rafael,USA,1165,Leslie Jennings
10312,2004-10-21,2004-10-23,S18_1097,1940 Ford Pickup Truck,Trucks and Buses,58.33,101.5,32,Shipped,124,Mini Gifts Distributors Ltd.,San Rafael,USA,1165,Leslie Jennings
10312,2004-10-21,2004-10-23,S18_1342,1937 Lincoln Berline,Vintage Cars,60.62,102.74,43,Shipped,124,Mini Gifts Distributors Ltd.,San Rafael,USA,1165,Leslie Jennings
10312,2004-10-21,2004-10-23,S18_1367,1936 Mercedes-Benz 500K Special Roadster,Vintage Cars,24.26,43.67,25,Shipped,124,Mini Gifts Distributors Ltd.,San Rafael,USA,1165,Leslie Jennings
10312,2004-10-21,2004-10-23,S18_1749,1917 Grand Touring Sedan,Vintage Cars,86.7,146.2,48,Shipped,124,Mini Gifts Distributors Ltd.,San Rafael,USA,1165,Leslie Jennings
10312,2004-10-21,2004-10-23,S18_2248,1911 Ford Town Car,Vintage Cars,33.3,48.43,30,Shipped,124,Mini Gifts Distributors Ltd.,San Rafael,USA,1165,Leslie Jennings
10312,2004-10-21,2004-10-23,S18_2325,1932 Model A Ford J-Coupe,Vintage Cars,58.48,111.87,31,Shipped,124,Mini Gifts Distributors Ltd.,San Rafael,USA,1165,Leslie Jennings
10312,2004-10-21,2004-10-23,S18_2795,1928 Mercedes-Benz SSK,Vintage Cars,72.56,150.19,25,Shipped,124,Mini Gifts Distributors Ltd.,San Rafael,USA,1165,Leslie Jennings
10312,2004-10-21,2004-10-23,S18_2949,1913 Ford Model T Speedster,Vintage Cars,60.78,91.18,37,Shipped,124,Mini Gifts Distributors Ltd.,San Rafael,USA,1165,Leslie Jennings
10312,2004-10-21,2004-10-23,S18_2957,1934 Ford V8 Coupe,Vintage Cars,34.35,54.34,35,Shipped,124,Mini Gifts Distributors Ltd.,San Rafael,USA,1165,Leslie Jennings
10312,2004-10-21,2004-10-23,S18_3136,18th Century Vintage Horse Carriage,Vintage Cars,60.74,93.2,38,Shipped,124,Mini Gifts Distributors Ltd.,San Rafael,USA,1165,Leslie Jennings
10312,2004-10-21,2004-10-23,S18_3320,1917 Maxwell Touring Car,Vintage Cars,57.54,84.33,33,Shipped,124,Mini Gifts Distributors Ltd.,San Rafael,USA,1165,Leslie Jennings
10312,2004-10-21,2004-10-23,S18_4668,1939 Cadillac Limousine,Vintage Cars,23.14,44.27,39,Shipped,124,Mini Gifts Distributors Ltd.,San Rafael,USA,1165,Leslie Jennings
10312,2004-10-21,2004-10-23,S24_1937,1939 Chevrolet Deluxe Coupe,Vintage Cars,22.57,27.88,39,Shipped,124,Mini Gifts Distributors Ltd.,San Rafael,USA,1165,Leslie Jennings
10312,2004-10-21,2004-10-23,S24_2022,1938 Cadillac V-16 Presidential Limousine,Vintage Cars,20.61,43.46,23,Shipped,124,Mini Gifts Distributors Ltd.,San Rafael,USA,1165,Leslie Jennings
10312,2004-10-21,2004-10-23,S24_3969,1936 Mercedes Benz 500k Roadster,Vintage Cars,21.75,40.21,31,Shipped,124,Mini Gifts Distributors Ltd.,San Rafael,USA,1165,Leslie Jennings
10312,2004-10-21,2004-10-23,S24_4258,1936 Chrysler Airflow,Vintage Cars,57.46,96.42,44,Shipped,124,Mini Gifts Distributors Ltd.,San Rafael,USA,1165,Leslie Jennings
10313,2004-10-22,2004-10-25,S10_4962,1962 LanciaA Delta 16V,Classic Cars,103.42,141.83,40,Shipped,202,Canadian Gift Exchange Network,Vancouver,Canada,1323,George Vanauf
10313,2004-10-22,2004-10-25,S12_1666,1958 Setra Bus,Trucks and Buses,77.9,131.2,21,Shipped,202,Canadian Gift Exchange Network,Vancouver,Canada,1323,George Vanauf
10313,2004-10-22,2004-10-25,S18_2319,1964 Mercedes Tour Bus,Trucks and Buses,74.86,109.23,29,Shipped,202,Canadian Gift Exchange Network,Vancouver,Canada,1323,George Vanauf
10313,2004-10-22,2004-10-25,S18_2432,1926 Ford Fire Engine,Trucks and Buses,24.92,52.87,34,Shipped,202,Canadian Gift Exchange Network,Vancouver,Canada,1323,George Vanauf
10313,2004-10-22,2004-10-25,S18_3232,1992 Ferrari 360 Spider red,Classic Cars,77.9,143.94,25,Shipped,202,Canadian Gift Exchange Network,Vancouver,Canada,1323,George Vanauf
10313,2004-10-22,2004-10-25,S18_4600,1940s Ford truck,Trucks and Buses,84.76,110.18,28,Shipped,202,Canadian Gift Exchange Network,Vancouver,Canada,1323,George Vanauf
10313,2004-10-22,2004-10-25,S24_2300,1962 Volkswagen Microbus,Trucks and Buses,61.34,102.23,42,Shipped,202,Canadian Gift Exchange Network,Vancouver,Canada,1323,George Vanauf
10313,2004-10-22,2004-10-25,S32_1268,1980’s GM Manhattan Express,Trucks and Buses,53.93,96.31,27,Shipped,202,Canadian Gift Exchange Network,Vancouver,Canada,1323,George Vanauf
10313,2004-10-22,2004-10-25,S32_2509,1954 Greyhound Scenicruiser,Trucks and Buses,25.98,48.7,38,Shipped,202,Canadian Gift Exchange Network,Vancouver,Canada,1323,George Vanauf
10313,2004-10-22,2004-10-25,S32_3522,1996 Peterbilt 379 Stake Bed with Outrigger,Trucks and Buses,33.61,55.59,34,Shipped,202,Canadian Gift Exchange Network,Vancouver,Canada,1323,George Vanauf
10313,2004-10-22,2004-10-25,S700_2824,1982 Camaro Z28,Classic Cars,46.53,96.09,30,Shipped,202,Canadian Gift Exchange Network,Vancouver,Canada,1323,George Vanauf
10314,2004-10-22,2004-10-23,S12_1108,2001 Ferrari Enzo,Classic Cars,95.59,176.63,38,Shipped,227,Heintze Collectables,Århus,Denmark,1401,Pamela Castillo
10314,2004-10-22,2004-10-23,S12_3148,1969 Corvair Monza,Classic Cars,89.14,125.4,46,Shipped,227,Heintze Collectables,Århus,Denmark,1401,Pamela Castillo
10314,2004-10-22,2004-10-23,S12_3891,1969 Ford Falcon,Classic Cars,83.05,169.56,36,Shipped,227,Heintze Collectables,Århus,Denmark,1401,Pamela Castillo
10314,2004-10-22,2004-10-23,S12_4473,1957 Chevy Pickup,Trucks and Buses,55.7,95.99,45,Shipped,227,Heintze Collectables,Århus,Denmark,1401,Pamela Castillo
10314,2004-10-22,2004-10-23,S18_2238,1998 Chrysler Plymouth Prowler,Classic Cars,101.51,135.9,42,Shipped,227,Heintze Collectables,Århus,Denmark,1401,Pamela Castillo
10314,2004-10-22,2004-10-23,S18_3140,1903 Ford Model A,Vintage Cars,68.3,129.76,20,Shipped,227,Heintze Collectables,Århus,Denmark,1401,Pamela Castillo
10314,2004-10-22,2004-10-23,S18_3259,Collectable Wooden Train,Trains,67.56,84.71,23,Shipped,227,Heintze Collectables,Århus,Denmark,1401,Pamela Castillo
10314,2004-10-22,2004-10-23,S18_4027,1970 Triumph Spitfire,Classic Cars,91.92,129.26,29,Shipped,227,Heintze Collectables,Århus,Denmark,1401,Pamela Castillo
10314,2004-10-22,2004-10-23,S24_1444,1970 Dodge Coronet,Classic Cars,32.37,51.44,44,Shipped,227,Heintze Collectables,Århus,Denmark,1401,Pamela Castillo
10314,2004-10-22,2004-10-23,S24_2840,1958 Chevy Corvette Limited Edition,Classic Cars,15.91,31.82,39,Shipped,227,Heintze Collectables,Århus,Denmark,1401,Pamela Castillo
10314,2004-10-22,2004-10-23,S24_4048,1992 Porsche Cayenne Turbo Silver,Classic Cars,69.78,111.18,38,Shipped,227,Heintze Collectables,Århus,Denmark,1401,Pamela Castillo
10314,2004-10-22,2004-10-23,S32_3207,1950's Chicago Surface Lines Streetcar,Trains,26.72,58.41,35,Shipped,227,Heintze Collectables,Århus,Denmark,1401,Pamela Castillo
10314,2004-10-22,2004-10-23,S50_1392,Diamond T620 Semi-Skirted Tanker,Trucks and Buses,68.29,115.75,28,Shipped,227,Heintze Collectables,Århus,Denmark,1401,Pamela Castillo
10314,2004-10-22,2004-10-23,S50_1514,1962 City of Detroit Streetcar,Trains,37.49,50.38,38,Shipped,227,Heintze Collectables,Århus,Denmark,1401,Pamela Castillo
10314,2004-10-22,2004-10-23,S700_1938,The Mayflower,Ships,43.3,83.15,23,Shipped,227,Heintze Collectables,Århus,Denmark,1401,Pamela Castillo
10315,2004-10-29,2004-10-30,S18_4522,1904 Buick Runabout,Vintage Cars,52.66,78.12,36,Shipped,119,La Rochelle Gifts,Nantes,France,1370,Gerard Hernandez
10315,2004-10-29,2004-10-30,S24_2011,18th century schooner,Ships,82.34,111.83,35,Shipped,119,La Rochelle Gifts,Nantes,France,1370,Gerard Hernandez
10315,2004-10-29,2004-10-30,S24_3151,1912 Ford Model T Delivery Wagon,Vintage Cars,46.91,78.77,24,Shipped,119,La Rochelle Gifts,Nantes,France,1370,Gerard Hernandez
10315,2004-10-29,2004-10-30,S700_1138,The Schooner Bluenose,Ships,34.0,60.67,41,Shipped,119,La Rochelle Gifts,Nantes,France,1370,Gerard Hernandez
10315,2004-10-29,2004-10-30,S700_3505,The Titanic,Ships,51.09,99.17,31,Shipped,119,La Rochelle Gifts,Nantes,France,1370,Gerard Hernandez
10315,2004-10-29,2004-10-30,S700_3962,The Queen Mary,Ships,53.63,88.39,37,Shipped,119,La Rochelle Gifts,Nantes,France,1370,Gerard Hernandez
10315,2004-10-29,2004-10-30,S72_3212,Pont Yacht,Ships,33.3,51.32,40,Shipped,119,La Rochelle Gifts,Nantes,France,1370,Gerard Hernandez
10316,2004-11-01,2004-11-07,S10_4757,1972 Alfa Romeo GTA,Classic Cars,85.68,126.48,33,Shipped,240,giftsbymail.co.uk,Cowes,UK,1501,Larry Bott
10316,2004-11-01,2004-11-07,S18_1662,1980s Black Hawk Helicopter,Planes,77.27,140.34,27,Shipped,240,giftsbymail.co.uk,Cowes,UK,1501,Larry Bott
10316,2004-11-01,2004-11-07,S18_3029,1999 Yamaha Speed Boat,Ships,51.61,72.26,21,Shipped,240,giftsbymail.co.uk,Cowes,UK,1501,Larry Bott
10316,2004-11-01,2004-11-07,S18_3856,1941 Chevrolet Special Deluxe Cabriolet,Vintage Cars,64.58,89.99,47,Shipped,240,giftsbymail.co.uk,Cowes,UK,1501,Larry Bott
10316,2004-11-01,2004-11-07,S24_1785,1928 British Royal Navy Airplane,Planes,66.74,93.01,25,Shipped,240,giftsbymail.co.uk,Cowes,UK,1501,Larry Bott
10316,2004-11-01,2004-11-07,S24_2841,1900s Vintage Bi-Plane,Planes,34.25,67.14,34,Shipped,240,giftsbymail.co.uk,Cowes,UK,1501,Larry Bott
10316,2004-11-01,2004-11-07,S24_3420,1937 Horch 930V Limousine,Vintage Cars,26.3,55.23,47,Shipped,240,giftsbymail.co.uk,Cowes,UK,1501,Larry Bott
10316,2004-11-01,2004-11-07,S24_3816,1940 Ford Delivery Sedan,Vintage Cars,48.64,77.15,25,Shipped,240,giftsbymail.co.uk,Cowes,UK,1501,Larry Bott
10316,2004-11-01,2004-11-07,S24_3949,Corsair F4U ( Bird Cage),Planes,29.34,67.56,30,Shipped,240,giftsbymail.co.uk,Cowes,UK,1501,Larry Bott
10316,2004-11-01,2004-11-07,S32_4289,1928 Ford Phaeton Deluxe,Vintage Cars,33.02,59.16,24,Shipped,240,giftsbymail.co.uk,Cowes,UK,1501,Larry Bott
10316,2004-11-01,2004-11-07,S50_1341,1930 Buick Marquette Phaeton,Vintage Cars,27.06,36.66,34,Shipped,240,giftsbymail.co.uk,Cowes,UK,1501,Larry Bott
10316,2004-11-01,2004-11-07,S700_1691,American Airlines: B767-300,Planes,51.15,74.9,34,Shipped,240,giftsbymail.co.uk,Cowes,UK,1501,Larry Bott
10316,2004-11-01,2004-11-07,S700_2047,HMS Bounty,Ships,39.83,73.32,45,Shipped,240,giftsbymail.co.uk,Cowes,UK,1501,Larry Bott
10316,2004-11-01,2004-11-07,S700_2466,America West Airlines B757-200,Planes,68.8,85.76,23,Shipped,240,giftsbymail.co.uk,Cowes,UK,1501,Larry Bott
10316,2004-11-01,2004-11-07,S700_2610,The USS Constitution Ship,Ships,33.97,67.22,48,Shipped,240,giftsbymail.co.uk,Cowes,UK,1501,Larry Bott
10316,2004-11-01,2004-11-07,S700_3167,F/A 18 Hornet 1/72,Planes,54.4,77.6,48,Shipped,240,giftsbymail.co.uk,Cowes,UK,1501,Larry Bott
10316,2004-11-01,2004-11-07,S700_4002,American Airlines: MD-11S,Planes,36.27,68.11,44,Shipped,240,giftsbymail.co.uk,Cowes,UK,1501,Larry Bott
10316,2004-11-01,2004-11-07,S72_1253,Boeing X-32A JSF,Planes,32.77,43.7,34,Shipped,240,giftsbymail.co.uk,Cowes,UK,1501,Larry Bott
10317,2004-11-02,2004-11-08,S24_4278,1900s Vintage Tri-Plane,Planes,36.23,69.55,35,Shipped,161,Technics Stores Inc.,Burlingame,USA,1165,Leslie Jennings
10318,2004-11-02,2004-11-07,S10_1678,1969 Harley Davidson Ultimate Chopper,Motorcycles,48.81,84.22,46,Shipped,157,Diecast Classics Inc.,Allentown,USA,1216,Steve Patterson
10318,2004-11-02,2004-11-07,S10_2016,1996 Moto Guzzi 1100i,Motorcycles,68.99,102.29,45,Shipped,157,Diecast Classics Inc.,Allentown,USA,1216,Steve Patterson
10318,2004-11-02,2004-11-07,S10_4698,2003 Harley-Davidson Eagle Drag Bike,Motorcycles,91.02,189.79,37,Shipped,157,Diecast Classics Inc.,Allentown,USA,1216,Steve Patterson
10318,2004-11-02,2004-11-07,S18_2581,P-51-D Mustang,Planes,49.0,81.95,31,Shipped,157,Diecast Classics Inc.,Allentown,USA,1216,Steve Patterson
10318,2004-11-02,2004-11-07,S18_2625,1936 Harley Davidson El Knucklehead,Motorcycles,24.23,49.67,42,Shipped,157,Diecast Classics Inc.,Allentown,USA,1216,Steve Patterson
10318,2004-11-02,2004-11-07,S24_1578,1997 BMW R 1100 S,Motorcycles,60.86,93.54,48,Shipped,157,Diecast Classics Inc.,Allentown,USA,1216,Steve Patterson
10318,2004-11-02,2004-11-07,S24_2000,1960 BSA Gold Star DBD34,Motorcycles,37.32,60.94,26,Shipped,157,Diecast Classics Inc.,Allentown,USA,1216,Steve Patterson
10318,2004-11-02,2004-11-07,S32_1374,1997 BMW F650 ST,Motorcycles,66.92,81.91,47,Shipped,157,Diecast Classics Inc.,Allentown,USA,1216,Steve Patterson
10318,2004-11-02,2004-11-07,S700_2834,ATA: B757-300,Planes,59.33,102.04,50,Shipped,157,Diecast Classics Inc.,Allentown,USA,1216,Steve Patterson
10319,2004-11-03,2004-11-06,S12_2823,2002 Suzuki XREO,Motorcycles,66.27,134.05,30,Shipped,456,Microscale Inc.,NYC,USA,1286,Foon Yue Tseng
10319,2004-11-03,2004-11-06,S18_3278,1969 Dodge Super Bee,Classic Cars,49.05,77.19,46,Shipped,456,Microscale Inc.,NYC,USA,1286,Foon Yue Tseng
10319,2004-11-03,2004-11-06,S18_3782,1957 Vespa GS150,Motorcycles,32.95,54.71,44,Shipped,456,Microscale Inc.,NYC,USA,1286,Foon Yue Tseng
10319,2004-11-03,2004-11-06,S18_4721,1957 Corvette Convertible,Classic Cars,69.93,120.53,45,Shipped,456,Microscale Inc.,NYC,USA,1286,Foon Yue Tseng
10319,2004-11-03,2004-11-06,S24_2360,1982 Ducati 900 Monster,Motorcycles,47.1,65.8,31,Shipped,456,Microscale Inc.,NYC,USA,1286,Foon Yue Tseng
10319,2004-11-03,2004-11-06,S24_4620,1961 Chevrolet Impala,Classic Cars,32.33,78.41,43,Shipped,456,Microscale Inc.,NYC,USA,1286,Foon Yue Tseng
10319,2004-11-03,2004-11-06,S32_2206,1982 Ducati 996 R,Motorcycles,24.14,35.0,29,Shipped,456,Microscale Inc.,NYC,USA,1286,Foon Yue Tseng
10319,2004-11-03,2004-11-06,S32_4485,1974 Ducati 350 Mk3 Desmo,Motorcycles,56.13,96.95,22,Shipped,456,Microscale Inc.,NYC,USA,1286,Foon Yue Tseng
10319,2004-11-03,2004-11-06,S50_4713,2002 Yamaha YZR M1,Motorcycles,34.17,79.73,45,Shipped,456,Microscale Inc.,NYC,USA,1286,Foon Yue Tseng
10320,2004-11-03,2004-11-07,S12_1099,1968 Ford Mustang,Classic Cars,95.34,184.84,31,Shipped,144,"Volvo Model Replicas, Co",Luleå,Sweden,1504,Barry Jones
10320,2004-11-03,2004-11-07,S12_3380,1968 Dodge Charger,Classic Cars,75.16,102.17,35,Shipped,144,"Volvo Model Replicas, Co",Luleå,Sweden,1504,Barry Jones
10320,2004-11-03,2004-11-07,S12_3990,1970 Plymouth Hemi Cuda,Classic Cars,31.92,63.84,38,Shipped,144,"Volvo Model Replicas, Co",Luleå,Sweden,1504,Barry Jones
10320,2004-11-03,2004-11-07,S18_3482,1976 Ford Gran Torino,Classic Cars,73.49,139.64,25,Shipped,144,"Volvo Model Replicas, Co",Luleå,Sweden,1504,Barry Jones
10320,2004-11-03,2004-11-07,S24_3371,1971 Alpine Renault 1600s,Classic Cars,38.58,60.62,26,Shipped,144,"Volvo Model Replicas, Co",Luleå,Sweden,1504,Barry Jones
10321,2004-11-04,2004-11-07,S12_4675,1969 Dodge Charger,Classic Cars,58.73,105.95,24,Shipped,462,FunGiftIdeas.com,New Bedford,USA,1216,Steve Patterson
10321,2004-11-04,2004-11-07,S18_1129,1993 Mazda RX-7,Classic Cars,83.51,123.14,41,Shipped,462,FunGiftIdeas.com,New Bedford,USA,1216,Steve Patterson
10321,2004-11-04,2004-11-07,S18_1589,1965 Aston Martin DB5,Classic Cars,65.96,120.71,44,Shipped,462,FunGiftIdeas.com,New Bedford,USA,1216,Steve Patterson
10321,2004-11-04,2004-11-07,S18_1889,1948 Porsche 356-A Roadster,Classic Cars,53.9,73.92,37,Shipped,462,FunGiftIdeas.com,New Bedford,USA,1216,Steve Patterson
10321,2004-11-04,2004-11-07,S18_1984,1995 Honda Civic,Classic Cars,93.89,142.25,25,Shipped,462,FunGiftIdeas.com,New Bedford,USA,1216,Steve Patterson
10321,2004-11-04,2004-11-07,S18_2870,1999 Indy 500 Monte Carlo SS,Classic Cars,56.76,126.72,27,Shipped,462,FunGiftIdeas.com,New Bedford,USA,1216,Steve Patterson
10321,2004-11-04,2004-11-07,S18_3232,1992 Ferrari 360 Spider red,Classic Cars,77.9,164.26,33,Shipped,462,FunGiftIdeas.com,New Bedford,USA,1216,Steve Patterson
10321,2004-11-04,2004-11-07,S18_3685,1948 Porsche Type 356 Roadster,Classic Cars,62.16,138.45,28,Shipped,462,FunGiftIdeas.com,New Bedford,USA,1216,Steve Patterson
10321,2004-11-04,2004-11-07,S24_1046,1970 Chevy Chevelle SS 454,Classic Cars,49.24,68.35,30,Shipped,462,FunGiftIdeas.com,New Bedford,USA,1216,Steve Patterson
10321,2004-11-04,2004-11-07,S24_1628,1966 Shelby Cobra 427 S/C,Classic Cars,29.18,42.76,48,Shipped,462,FunGiftIdeas.com,New Bedford,USA,1216,Steve Patterson
10321,2004-11-04,2004-11-07,S24_2766,1949 Jaguar XK 120,Classic Cars,47.25,74.51,30,Shipped,462,FunGiftIdeas.com,New Bedford,USA,1216,Steve Patterson
10321,2004-11-04,2004-11-07,S24_2972,1982 Lamborghini Diablo,Classic Cars,16.24,31.72,37,Shipped,462,FunGiftIdeas.com,New Bedford,USA,1216,Steve Patterson
10321,2004-11-04,2004-11-07,S24_3191,1969 Chevrolet Camaro Z28,Classic Cars,50.51,81.33,39,Shipped,462,FunGiftIdeas.com,New Bedford,USA,1216,Steve Patterson
10321,2004-11-04,2004-11-07,S24_3432,2002 Chevy Corvette,Classic Cars,62.11,103.87,21,Shipped,462,FunGiftIdeas.com,New Bedford,USA,1216,Steve Patterson
10321,2004-11-04,2004-11-07,S24_3856,1956 Porsche 356A Coupe,Classic Cars,98.3,137.62,26,Shipped,462,FunGiftIdeas.com,New Bedford,USA,1216,Steve Patterson
10322,2004-11-04,2004-11-10,S10_1949,1952 Alpine Renault 1300,Classic Cars,98.58,180.01,40,Shipped,363,Online Diecast Creations Co.,Nashua,USA,1216,Steve Patterson
10322,2004-11-04,2004-11-10,S10_4962,1962 LanciaA Delta 16V,Classic Cars,103.42,141.83,46,Shipped,363,Online Diecast Creations Co.,Nashua,USA,1216,Steve Patterson
10322,2004-11-04,2004-11-10,S12_1666,1958 Setra Bus,Trucks and Buses,77.9,136.67,27,Shipped,363,Online Diecast Creations Co.,Nashua,USA,1216,Steve Patterson
10322,2004-11-04,2004-11-10,S18_1097,1940 Ford Pickup Truck,Trucks and Buses,58.33,101.5,22,Shipped,363,Online Diecast Creations Co.,Nashua,USA,1216,Steve Patterson
10322,2004-11-04,2004-11-10,S18_1342,1937 Lincoln Berline,Vintage Cars,60.62,92.47,43,Shipped,363,Online Diecast Creations Co.,Nashua,USA,1216,Steve Patterson
10322,2004-11-04,2004-11-10,S18_1367,1936 Mercedes-Benz 500K Special Roadster,Vintage Cars,24.26,44.21,41,Shipped,363,Online Diecast Creations Co.,Nashua,USA,1216,Steve Patterson
10322,2004-11-04,2004-11-10,S18_2325,1932 Model A Ford J-Coupe,Vintage Cars,58.48,120.77,50,Shipped,363,Online Diecast Creations Co.,Nashua,USA,1216,Steve Patterson
10322,2004-11-04,2004-11-10,S18_2432,1926 Ford Fire Engine,Trucks and Buses,24.92,57.12,35,Shipped,363,Online Diecast Creations Co.,Nashua,USA,1216,Steve Patterson
10322,2004-11-04,2004-11-10,S18_2795,1928 Mercedes-Benz SSK,Vintage Cars,72.56,158.63,36,Shipped,363,Online Diecast Creations Co.,Nashua,USA,1216,Steve Patterson
10322,2004-11-04,2004-11-10,S18_2949,1913 Ford Model T Speedster,Vintage Cars,60.78,100.3,33,Shipped,363,Online Diecast Creations Co.,Nashua,USA,1216,Steve Patterson
10322,2004-11-04,2004-11-10,S18_2957,1934 Ford V8 Coupe,Vintage Cars,34.35,54.34,41,Shipped,363,Online Diecast Creations Co.,Nashua,USA,1216,Steve Patterson
10322,2004-11-04,2004-11-10,S18_3136,18th Century Vintage Horse Carriage,Vintage Cars,60.74,90.06,48,Shipped,363,Online Diecast Creations Co.,Nashua,USA,1216,Steve Patterson
10322,2004-11-04,2004-11-10,S24_1937,1939 Chevrolet Deluxe Coupe,Vintage Cars,22.57,26.55,20,Shipped,363,Online Diecast Creations Co.,Nashua,USA,1216,Steve Patterson
10322,2004-11-04,2004-11-10,S24_2022,1938 Cadillac V-16 Presidential Limousine,Vintage Cars,20.61,40.77,30,Shipped,363,Online Diecast Creations Co.,Nashua,USA,1216,Steve Patterson
10323,2004-11-05,2004-11-09,S18_3320,1917 Maxwell Touring Car,Vintage Cars,57.54,88.3,33,Shipped,128,"Blauer See Auto, Co.",Frankfurt,Germany,1504,Barry Jones
10323,2004-11-05,2004-11-09,S18_4600,1940s Ford truck,Trucks and Buses,84.76,96.86,47,Shipped,128,"Blauer See Auto, Co.",Frankfurt,Germany,1504,Barry Jones
10324,2004-11-05,2004-11-08,S12_3148,1969 Corvair Monza,Classic Cars,89.14,148.06,27,Shipped,181,Vitachrome Inc.,NYC,USA,1286,Foon Yue Tseng
10324,2004-11-05,2004-11-08,S12_4473,1957 Chevy Pickup,Trucks and Buses,55.7,100.73,26,Shipped,181,Vitachrome Inc.,NYC,USA,1286,Foon Yue Tseng
10324,2004-11-05,2004-11-08,S18_2238,1998 Chrysler Plymouth Prowler,Classic Cars,101.51,142.45,47,Shipped,181,Vitachrome Inc.,NYC,USA,1286,Foon Yue Tseng
10324,2004-11-05,2004-11-08,S18_2319,1964 Mercedes Tour Bus,Trucks and Buses,74.86,105.55,33,Shipped,181,Vitachrome Inc.,NYC,USA,1286,Foon Yue Tseng
10324,2004-11-05,2004-11-08,S18_3232,1992 Ferrari 360 Spider red,Classic Cars,77.9,137.17,27,Shipped,181,Vitachrome Inc.,NYC,USA,1286,Foon Yue Tseng
10324,2004-11-05,2004-11-08,S18_4027,1970 Triumph Spitfire,Classic Cars,91.92,120.64,49,Shipped,181,Vitachrome Inc.,NYC,USA,1286,Foon Yue Tseng
10324,2004-11-05,2004-11-08,S18_4668,1939 Cadillac Limousine,Vintage Cars,23.14,49.81,38,Shipped,181,Vitachrome Inc.,NYC,USA,1286,Foon Yue Tseng
10324,2004-11-05,2004-11-08,S24_1444,1970 Dodge Coronet,Classic Cars,32.37,49.71,25,Shipped,181,Vitachrome Inc.,NYC,USA,1286,Foon Yue Tseng
10324,2004-11-05,2004-11-08,S24_2300,1962 Volkswagen Microbus,Trucks and Buses,61.34,107.34,31,Shipped,181,Vitachrome Inc.,NYC,USA,1286,Foon Yue Tseng
10324,2004-11-05,2004-11-08,S24_2840,1958 Chevy Corvette Limited Edition,Classic Cars,15.91,29.35,30,Shipped,181,Vitachrome Inc.,NYC,USA,1286,Foon Yue Tseng
10324,2004-11-05,2004-11-08,S24_4258,1936 Chrysler Airflow,Vintage Cars,57.46,95.44,33,Shipped,181,Vitachrome Inc.,NYC,USA,1286,Foon Yue Tseng
10324,2004-11-05,2004-11-08,S32_1268,1980’s GM Manhattan Express,Trucks and Buses,53.93,91.49,20,Shipped,181,Vitachrome Inc.,NYC,USA,1286,Foon Yue Tseng
10324,2004-11-05,2004-11-08,S32_3522,1996 Peterbilt 379 Stake Bed with Outrigger,Trucks and Buses,33.61,60.76,48,Shipped,181,Vitachrome Inc.,NYC,USA,1286,Foon Yue Tseng
10324,2004-11-05,2004-11-08,S700_2824,1982 Camaro Z28,Classic Cars,46.53,80.92,34,Shipped,181,Vitachrome Inc.,NYC,USA,1286,Foon Yue Tseng
10325,2004-11-05,2004-11-08,S10_4757,1972 Alfa Romeo GTA,Classic Cars,85.68,111.52,47,Shipped,121,Baane Mini Imports,Stavern,Norway,1504,Barry Jones
10325,2004-11-05,2004-11-08,S12_1108,2001 Ferrari Enzo,Classic Cars,95.59,193.25,42,Shipped,121,Baane Mini Imports,Stavern,Norway,1504,Barry Jones
10325,2004-11-05,2004-11-08,S12_3891,1969 Ford Falcon,Classic Cars,83.05,166.1,24,Shipped,121,Baane Mini Imports,Stavern,Norway,1504,Barry Jones
10325,2004-11-05,2004-11-08,S18_3140,1903 Ford Model A,Vintage Cars,68.3,114.74,24,Shipped,121,Baane Mini Imports,Stavern,Norway,1504,Barry Jones
10325,2004-11-05,2004-11-08,S24_4048,1992 Porsche Cayenne Turbo Silver,Classic Cars,69.78,114.73,44,Shipped,121,Baane Mini Imports,Stavern,Norway,1504,Barry Jones
10325,2004-11-05,2004-11-08,S32_2509,1954 Greyhound Scenicruiser,Trucks and Buses,25.98,44.37,38,Shipped,121,Baane Mini Imports,Stavern,Norway,1504,Barry Jones
10325,2004-11-05,2004-11-08,S32_3207,1950's Chicago Surface Lines Streetcar,Trains,26.72,55.3,28,Shipped,121,Baane Mini Imports,Stavern,Norway,1504,Barry Jones
10325,2004-11-05,2004-11-08,S50_1392,Diamond T620 Semi-Skirted Tanker,Trucks and Buses,68.29,99.55,38,Shipped,121,Baane Mini Imports,Stavern,Norway,1504,Barry Jones
10325,2004-11-05,2004-11-08,S50_1514,1962 City of Detroit Streetcar,Trains,37.49,56.24,44,Shipped,121,Baane Mini Imports,Stavern,Norway,1504,Barry Jones
10326,2004-11-09,2004-11-10,S18_3259,Collectable Wooden Train,Trains,67.56,94.79,32,Shipped,144,"Volvo Model Replicas, Co",Luleå,Sweden,1504,Barry Jones
10326,2004-11-09,2004-11-10,S18_4522,1904 Buick Runabout,Vintage Cars,52.66,73.73,50,Shipped,144,"Volvo Model Replicas, Co",Luleå,Sweden,1504,Barry Jones
10326,2004-11-09,2004-11-10,S24_2011,18th century schooner,Ships,82.34,120.43,41,Shipped,144,"Volvo Model Replicas, Co",Luleå,Sweden,1504,Barry Jones
10326,2004-11-09,2004-11-10,S24_3151,1912 Ford Model T Delivery Wagon,Vintage Cars,46.91,86.74,41,Shipped,144,"Volvo Model Replicas, Co",Luleå,Sweden,1504,Barry Jones
10326,2004-11-09,2004-11-10,S24_3816,1940 Ford Delivery Sedan,Vintage Cars,48.64,81.34,20,Shipped,144,"Volvo Model Replicas, Co",Luleå,Sweden,1504,Barry Jones
10326,2004-11-09,2004-11-10,S700_1138,The Schooner Bluenose,Ships,34.0,60.67,39,Shipped,144,"Volvo Model Replicas, Co",Luleå,Sweden,1504,Barry Jones
10327,2004-11-10,2004-11-13,S18_1662,1980s Black Hawk Helicopter,Planes,77.27,154.54,25,Resolved,145,Danish Wholesale Imports,Kobenhavn,Denmark,1401,Pamela Castillo
10327,2004-11-10,2004-11-13,S18_2581,P-51-D Mustang,Planes,49.0,74.34,45,Resolved,145,Danish Wholesale Imports,Kobenhavn,Denmark,1401,Pamela Castillo
10327,2004-11-10,2004-11-13,S18_3029,1999 Yamaha Speed Boat,Ships,51.61,74.84,25,Resolved,145,Danish Wholesale Imports,Kobenhavn,Denmark,1401,Pamela Castillo
10327,2004-11-10,2004-11-13,S700_1938,The Mayflower,Ships,43.3,79.68,20,Resolved,145,Danish Wholesale Imports,Kobenhavn,Denmark,1401,Pamela Castillo
10327,2004-11-10,2004-11-13,S700_2610,The USS Constitution Ship,Ships,33.97,65.05,21,Resolved,145,Danish Wholesale Imports,Kobenhavn,Denmark,1401,Pamela Castillo
10327,2004-11-10,2004-11-13,S700_3505,The Titanic,Ships,51.09,85.14,43,Resolved,145,Danish Wholesale Imports,Kobenhavn,Denmark,1401,Pamela Castillo
10327,2004-11-10,2004-11-13,S700_3962,The Queen Mary,Ships,53.63,83.42,37,Resolved,145,Danish Wholesale Imports,Kobenhavn,Denmark,1401,Pamela Castillo
10327,2004-11-10,2004-11-13,S72_3212,Pont Yacht,Ships,33.3,48.05,37,Resolved,145,Danish Wholesale Imports,Kobenhavn,Denmark,1401,Pamela Castillo
10328,2004-11-12,2004-11-18,S18_3856,1941 Chevrolet Special Deluxe Cabriolet,Vintage Cars,64.58,104.81,34,Shipped,278,Rovelli Gifts,Bergamo,Italy,1401,Pamela Castillo
10328,2004-11-12,2004-11-18,S24_1785,1928 British Royal Navy Airplane,Planes,66.74,87.54,47,Shipped,278,Rovelli Gifts,Bergamo,Italy,1401,Pamela Castillo
10328,2004-11-12,2004-11-18,S24_2841,1900s Vintage Bi-Plane,Planes,34.25,67.82,48,Shipped,278,Rovelli Gifts,Bergamo,Italy,1401,Pamela Castillo
10328,2004-11-12,2004-11-18,S24_3420,1937 Horch 930V Limousine,Vintage Cars,26.3,56.55,20,Shipped,278,Rovelli Gifts,Bergamo,Italy,1401,Pamela Castillo
10328,2004-11-12,2004-11-18,S24_3949,Corsair F4U ( Bird Cage),Planes,29.34,55.96,35,Shipped,278,Rovelli Gifts,Bergamo,Italy,1401,Pamela Castillo
10328,2004-11-12,2004-11-18,S24_4278,1900s Vintage Tri-Plane,Planes,36.23,69.55,43,Shipped,278,Rovelli Gifts,Bergamo,Italy,1401,Pamela Castillo
10328,2004-11-12,2004-11-18,S32_4289,1928 Ford Phaeton Deluxe,Vintage Cars,33.02,57.1,24,Shipped,278,Rovelli Gifts,Bergamo,Italy,1401,Pamela Castillo
10328,2004-11-12,2004-11-18,S50_1341,1930 Buick Marquette Phaeton,Vintage Cars,27.06,42.33,34,Shipped,278,Rovelli Gifts,Bergamo,Italy,1401,Pamela Castillo
10328,2004-11-12,2004-11-18,S700_1691,American Airlines: B767-300,Planes,51.15,84.03,27,Shipped,278,Rovelli Gifts,Bergamo,Italy,1401,Pamela Castillo
10328,2004-11-12,2004-11-18,S700_2047,HMS Bounty,Ships,39.83,75.13,41,Shipped,278,Rovelli Gifts,Bergamo,Italy,1401,Pamela Castillo
10328,2004-11-12,2004-11-18,S700_2466,America West Airlines B757-200,Planes,68.8,95.73,37,Shipped,278,Rovelli Gifts,Bergamo,Italy,1401,Pamela Castillo
10328,2004-11-12,2004-11-18,S700_2834,ATA: B757-300,Planes,59.33,117.46,33,Shipped,278,Rovelli Gifts,Bergamo,Italy,1401,Pamela Castillo
10328,2004-11-12,2004-11-18,S700_3167,F/A 18 Hornet 1/72,Planes,54.4,71.2,33,Shipped,278,Rovelli Gifts,Bergamo,Italy,1401,Pamela Castillo
10328,2004-11-12,2004-11-18,S700_4002,American Airlines: MD-11S,Planes,36.27,69.59,39,Shipped,278,Rovelli Gifts,Bergamo,Italy,1401,Pamela Castillo
10329,2004-11-15,2004-11-16,S10_1678,1969 Harley Davidson Ultimate Chopper,Motorcycles,48.81,80.39,42,Shipped,131,Land of Toys Inc.,NYC,USA,1323,George Vanauf
10329,2004-11-15,2004-11-16,S10_2016,1996 Moto Guzzi 1100i,Motorcycles,68.99,109.42,20,Shipped,131,Land of Toys Inc.,NYC,USA,1323,George Vanauf
10329,2004-11-15,2004-11-16,S10_4698,2003 Harley-Davidson Eagle Drag Bike,Motorcycles,91.02,164.61,26,Shipped,131,Land of Toys Inc.,NYC,USA,1323,George Vanauf
10329,2004-11-15,2004-11-16,S12_1099,1968 Ford Mustang,Classic Cars,95.34,182.9,41,Shipped,131,Land of Toys Inc.,NYC,USA,1323,George Vanauf
10329,2004-11-15,2004-11-16,S12_2823,2002 Suzuki XREO,Motorcycles,66.27,128.03,24,Shipped,131,Land of Toys Inc.,NYC,USA,1323,George Vanauf
10329,2004-11-15,2004-11-16,S12_3380,1968 Dodge Charger,Classic Cars,75.16,117.44,46,Shipped,131,Land of Toys Inc.,NYC,USA,1323,George Vanauf
10329,2004-11-15,2004-11-16,S12_3990,1970 Plymouth Hemi Cuda,Classic Cars,31.92,74.21,33,Shipped,131,Land of Toys Inc.,NYC,USA,1323,George Vanauf
10329,2004-11-15,2004-11-16,S12_4675,1969 Dodge Charger,Classic Cars,58.73,102.49,39,Shipped,131,Land of Toys Inc.,NYC,USA,1323,George Vanauf
10329,2004-11-15,2004-11-16,S18_1889,1948 Porsche 356-A Roadster,Classic Cars,53.9,66.22,29,Shipped,131,Land of Toys Inc.,NYC,USA,1323,George Vanauf
10329,2004-11-15,2004-11-16,S18_2625,1936 Harley Davidson El Knucklehead,Motorcycles,24.23,55.72,38,Shipped,131,Land of Toys Inc.,NYC,USA,1323,George Vanauf
10329,2004-11-15,2004-11-16,S18_3278,1969 Dodge Super Bee,Classic Cars,49.05,65.13,38,Shipped,131,Land of Toys Inc.,NYC,USA,1323,George Vanauf
10329,2004-11-15,2004-11-16,S24_1578,1997 BMW R 1100 S,Motorcycles,60.86,104.81,30,Shipped,131,Land of Toys Inc.,NYC,USA,1323,George Vanauf
10329,2004-11-15,2004-11-16,S24_2000,1960 BSA Gold Star DBD34,Motorcycles,37.32,71.6,37,Shipped,131,Land of Toys Inc.,NYC,USA,1323,George Vanauf
10329,2004-11-15,2004-11-16,S32_1374,1997 BMW F650 ST,Motorcycles,66.92,80.91,45,Shipped,131,Land of Toys Inc.,NYC,USA,1323,George Vanauf
10329,2004-11-15,2004-11-16,S72_1253,Boeing X-32A JSF,Planes,32.77,41.22,44,Shipped,131,Land of Toys Inc.,NYC,USA,1323,George Vanauf
10330,2004-11-16,2004-11-21,S18_3482,1976 Ford Gran Torino,Classic Cars,73.49,136.7,37,Shipped,385,Cruz & Sons Co.,Makati City,Philippines,1621,Mami Nishi
10330,2004-11-16,2004-11-21,S18_3782,1957 Vespa GS150,Motorcycles,32.95,59.06,29,Shipped,385,Cruz & Sons Co.,Makati City,Philippines,1621,Mami Nishi
10330,2004-11-16,2004-11-21,S18_4721,1957 Corvette Convertible,Classic Cars,69.93,133.92,50,Shipped,385,Cruz & Sons Co.,Makati City,Philippines,1621,Mami Nishi
10330,2004-11-16,2004-11-21,S24_2360,1982 Ducati 900 Monster,Motorcycles,47.1,56.1,42,Shipped,385,Cruz & Sons Co.,Makati City,Philippines,1621,Mami Nishi
10331,2004-11-17,2004-11-23,S18_1129,1993 Mazda RX-7,Classic Cars,83.51,120.31,46,Shipped,486,Motor Mint Distributors Inc.,Philadelphia,USA,1323,George Vanauf
10331,2004-11-17,2004-11-23,S18_1589,1965 Aston Martin DB5,Classic Cars,65.96,99.55,44,Shipped,486,Motor Mint Distributors Inc.,Philadelphia,USA,1323,George Vanauf
10331,2004-11-17,2004-11-23,S18_1749,1917 Grand Touring Sedan,Vintage Cars,86.7,154.7,44,Shipped,486,Motor Mint Distributors Inc.,Philadelphia,USA,1323,George Vanauf
10331,2004-11-17,2004-11-23,S18_1984,1995 Honda Civic,Classic Cars,93.89,135.14,30,Shipped,486,Motor Mint Distributors Inc.,Philadelphia,USA,1323,George Vanauf
10331,2004-11-17,2004-11-23,S18_2870,1999 Indy 500 Monte Carlo SS,Classic Cars,56.76,130.68,26,Shipped,486,Motor Mint Distributors Inc.,Philadelphia,USA,1323,George Vanauf
10331,2004-11-17,2004-11-23,S18_3232,1992 Ferrari 360 Spider red,Classic Cars,77.9,169.34,27,Shipped,486,Motor Mint Distributors Inc.,Philadelphia,USA,1323,George Vanauf
10331,2004-11-17,2004-11-23,S18_3685,1948 Porsche Type 356 Roadster,Classic Cars,62.16,132.8,26,Shipped,486,Motor Mint Distributors Inc.,Philadelphia,USA,1323,George Vanauf
10331,2004-11-17,2004-11-23,S24_2972,1982 Lamborghini Diablo,Classic Cars,16.24,37.0,27,Shipped,486,Motor Mint Distributors Inc.,Philadelphia,USA,1323,George Vanauf
10331,2004-11-17,2004-11-23,S24_3371,1971 Alpine Renault 1600s,Classic Cars,38.58,55.11,25,Shipped,486,Motor Mint Distributors Inc.,Philadelphia,USA,1323,George Vanauf
10331,2004-11-17,2004-11-23,S24_3856,1956 Porsche 356A Coupe,Classic Cars,98.3,139.03,21,Shipped,486,Motor Mint Distributors Inc.,Philadelphia,USA,1323,George Vanauf
10331,2004-11-17,2004-11-23,S24_4620,1961 Chevrolet Impala,Classic Cars,32.33,70.33,41,Shipped,486,Motor Mint Distributors Inc.,Philadelphia,USA,1323,George Vanauf
10331,2004-11-17,2004-11-23,S32_2206,1982 Ducati 996 R,Motorcycles,24.14,33.39,28,Shipped,486,Motor Mint Distributors Inc.,Philadelphia,USA,1323,George Vanauf
10331,2004-11-17,2004-11-23,S32_4485,1974 Ducati 350 Mk3 Desmo,Motorcycles,56.13,100.01,32,Shipped,486,Motor Mint Distributors Inc.,Philadelphia,USA,1323,George Vanauf
10331,2004-11-17,2004-11-23,S50_4713,2002 Yamaha YZR M1,Motorcycles,34.17,74.04,20,Shipped,486,Motor Mint Distributors Inc.,Philadelphia,USA,1323,George Vanauf
10332,2004-11-17,2004-11-18,S18_1342,1937 Lincoln Berline,Vintage Cars,60.62,89.38,46,Shipped,187,"AV Stores, Co.",Manchester,UK,1501,Larry Bott
10332,2004-11-17,2004-11-18,S18_1367,1936 Mercedes-Benz 500K Special Roadster,Vintage Cars,24.26,51.21,27,Shipped,187,"AV Stores, Co.",Manchester,UK,1501,Larry Bott
10332,2004-11-17,2004-11-18,S18_2248,1911 Ford Town Car,Vintage Cars,33.3,53.88,38,Shipped,187,"AV Stores, Co.",Manchester,UK,1501,Larry Bott
10332,2004-11-17,2004-11-18,S18_2325,1932 Model A Ford J-Coupe,Vintage Cars,58.48,116.96,35,Shipped,187,"AV Stores, Co.",Manchester,UK,1501,Larry Bott
10332,2004-11-17,2004-11-18,S18_2795,1928 Mercedes-Benz SSK,Vintage Cars,72.56,138.38,24,Shipped,187,"AV Stores, Co.",Manchester,UK,1501,Larry Bott
10332,2004-11-17,2004-11-18,S18_2957,1934 Ford V8 Coupe,Vintage Cars,34.35,53.09,26,Shipped,187,"AV Stores, Co.",Manchester,UK,1501,Larry Bott
10332,2004-11-17,2004-11-18,S18_3136,18th Century Vintage Horse Carriage,Vintage Cars,60.74,100.53,40,Shipped,187,"AV Stores, Co.",Manchester,UK,1501,Larry Bott
10332,2004-11-17,2004-11-18,S18_4409,1932 Alfa Romeo 8C2300 Spider Sport,Vintage Cars,43.26,92.03,50,Shipped,187,"AV Stores, Co.",Manchester,UK,1501,Larry Bott
10332,2004-11-17,2004-11-18,S18_4933,1957 Ford Thunderbird,Classic Cars,34.21,70.56,21,Shipped,187,"AV Stores, Co.",Manchester,UK,1501,Larry Bott
10332,2004-11-17,2004-11-18,S24_1046,1970 Chevy Chevelle SS 454,Classic Cars,49.24,61.73,23,Shipped,187,"AV Stores, Co.",Manchester,UK,1501,Larry Bott
10332,2004-11-17,2004-11-18,S24_1628,1966 Shelby Cobra 427 S/C,Classic Cars,29.18,47.29,20,Shipped,187,"AV Stores, Co.",Manchester,UK,1501,Larry Bott
10332,2004-11-17,2004-11-18,S24_1937,1939 Chevrolet Deluxe Coupe,Vintage Cars,22.57,29.87,45,Shipped,187,"AV Stores, Co.",Manchester,UK,1501,Larry Bott
10332,2004-11-17,2004-11-18,S24_2022,1938 Cadillac V-16 Presidential Limousine,Vintage Cars,20.61,43.01,26,Shipped,187,"AV Stores, Co.",Manchester,UK,1501,Larry Bott
10332,2004-11-17,2004-11-18,S24_2766,1949 Jaguar XK 120,Classic Cars,47.25,84.51,39,Shipped,187,"AV Stores, Co.",Manchester,UK,1501,Larry Bott
10332,2004-11-17,2004-11-18,S24_2887,1952 Citroen-15CV,Classic Cars,72.82,108.04,44,Shipped,187,"AV Stores, Co.",Manchester,UK,1501,Larry Bott
10332,2004-11-17,2004-11-18,S24_3191,1969 Chevrolet Camaro Z28,Classic Cars,50.51,77.91,45,Shipped,187,"AV Stores, Co.",Manchester,UK,1501,Larry Bott
10332,2004-11-17,2004-11-18,S24_3432,2002 Chevy Corvette,Classic Cars,62.11,94.23,31,Shipped,187,"AV Stores, Co.",Manchester,UK,1501,Larry Bott
10332,2004-11-17,2004-11-18,S24_3969,1936 Mercedes Benz 500k Roadster,Vintage Cars,21.75,34.47,41,Shipped,187,"AV Stores, Co.",Manchester,UK,1501,Larry Bott
10333,2004-11-18,2004-11-20,S10_1949,1952 Alpine Renault 1300,Classic Cars,98.58,188.58,26,Shipped,129,Mini Wheels Co.,San Francisco,USA,1165,Leslie Jennings
10333,2004-11-18,2004-11-20,S12_1666,1958 Setra Bus,Trucks and Buses,77.9,121.64,33,Shipped,129,Mini Wheels Co.,San Francisco,USA,1165,Leslie Jennings
10333,2004-11-18,2004-11-20,S18_1097,1940 Ford Pickup Truck,Trucks and Buses,58.33,110.84,29,Shipped,129,Mini Wheels Co.,San Francisco,USA,1165,Leslie Jennings
10333,2004-11-18,2004-11-20,S18_2949,1913 Ford Model T Speedster,Vintage Cars,60.78,95.23,31,Shipped,129,Mini Wheels Co.,San Francisco,USA,1165,Leslie Jennings
10333,2004-11-18,2004-11-20,S18_3320,1917 Maxwell Touring Car,Vintage Cars,57.54,95.24,46,Shipped,129,Mini Wheels Co.,San Francisco,USA,1165,Leslie Jennings
10333,2004-11-18,2004-11-20,S18_4668,1939 Cadillac Limousine,Vintage Cars,23.14,42.26,24,Shipped,129,Mini Wheels Co.,San Francisco,USA,1165,Leslie Jennings
10333,2004-11-18,2004-11-20,S24_4258,1936 Chrysler Airflow,Vintage Cars,57.46,95.44,39,Shipped,129,Mini Wheels Co.,San Francisco,USA,1165,Leslie Jennings
10333,2004-11-18,2004-11-20,S32_3522,1996 Peterbilt 379 Stake Bed with Outrigger,Trucks and Buses,33.61,62.05,33,Shipped,129,Mini Wheels Co.,San Francisco,USA,1165,Leslie Jennings
10334,2004-11-19,NULL,S10_4962,1962 LanciaA Delta 16V,Classic Cars,103.42,130.01,26,On Hold,144,"Volvo Model Replicas, Co",Luleå,Sweden,1504,Barry Jones
10334,2004-11-19,NULL,S18_2319,1964 Mercedes Tour Bus,Trucks and Buses,74.86,108.0,46,On Hold,144,"Volvo Model Replicas, Co",Luleå,Sweden,1504,Barry Jones
10334,2004-11-19,NULL,S18_2432,1926 Ford Fire Engine,Trucks and Buses,24.92,52.87,34,On Hold,144,"Volvo Model Replicas, Co",Luleå,Sweden,1504,Barry Jones
10334,2004-11-19,NULL,S18_3232,1992 Ferrari 360 Spider red,Classic Cars,77.9,147.33,20,On Hold,144,"Volvo Model Replicas, Co",Luleå,Sweden,1504,Barry Jones
10334,2004-11-19,NULL,S18_4600,1940s Ford truck,Trucks and Buses,84.76,101.71,49,On Hold,144,"Volvo Model Replicas, Co",Luleå,Sweden,1504,Barry Jones
10334,2004-11-19,NULL,S24_2300,1962 Volkswagen Microbus,Trucks and Buses,61.34,117.57,42,On Hold,144,"Volvo Model Replicas, Co",Luleå,Sweden,1504,Barry Jones
10335,2004-11-19,2004-11-23,S24_2840,1958 Chevy Corvette Limited Edition,Classic Cars,15.91,32.88,33,Shipped,124,Mini Gifts Distributors Ltd.,San Rafael,USA,1165,Leslie Jennings
10335,2004-11-19,2004-11-23,S32_1268,1980’s GM Manhattan Express,Trucks and Buses,53.93,77.05,44,Shipped,124,Mini Gifts Distributors Ltd.,San Rafael,USA,1165,Leslie Jennings
10335,2004-11-19,2004-11-23,S32_2509,1954 Greyhound Scenicruiser,Trucks and Buses,25.98,49.78,40,Shipped,124,Mini Gifts Distributors Ltd.,San Rafael,USA,1165,Leslie Jennings
10336,2004-11-20,2004-11-24,S12_1108,2001 Ferrari Enzo,Classic Cars,95.59,176.63,33,Shipped,172,"La Corne D'abondance, Co.",Paris,France,1337,Loui Bondur
10336,2004-11-20,2004-11-24,S12_3148,1969 Corvair Monza,Classic Cars,89.14,126.91,33,Shipped,172,"La Corne D'abondance, Co.",Paris,France,1337,Loui Bondur
10336,2004-11-20,2004-11-24,S12_3891,1969 Ford Falcon,Classic Cars,83.05,141.88,49,Shipped,172,"La Corne D'abondance, Co.",Paris,France,1337,Loui Bondur
10336,2004-11-20,2004-11-24,S12_4473,1957 Chevy Pickup,Trucks and Buses,55.7,95.99,38,Shipped,172,"La Corne D'abondance, Co.",Paris,France,1337,Loui Bondur
10336,2004-11-20,2004-11-24,S18_2238,1998 Chrysler Plymouth Prowler,Classic Cars,101.51,153.91,49,Shipped,172,"La Corne D'abondance, Co.",Paris,France,1337,Loui Bondur
10336,2004-11-20,2004-11-24,S18_3140,1903 Ford Model A,Vintage Cars,68.3,135.22,48,Shipped,172,"La Corne D'abondance, Co.",Paris,France,1337,Loui Bondur
10336,2004-11-20,2004-11-24,S18_3259,Collectable Wooden Train,Trains,67.56,100.84,21,Shipped,172,"La Corne D'abondance, Co.",Paris,France,1337,Loui Bondur
10336,2004-11-20,2004-11-24,S24_1444,1970 Dodge Coronet,Classic Cars,32.37,49.71,45,Shipped,172,"La Corne D'abondance, Co.",Paris,France,1337,Loui Bondur
10336,2004-11-20,2004-11-24,S24_4048,1992 Porsche Cayenne Turbo Silver,Classic Cars,69.78,113.55,31,Shipped,172,"La Corne D'abondance, Co.",Paris,France,1337,Loui Bondur
10336,2004-11-20,2004-11-24,S32_3207,1950's Chicago Surface Lines Streetcar,Trains,26.72,59.03,31,Shipped,172,"La Corne D'abondance, Co.",Paris,France,1337,Loui Bondur
10336,2004-11-20,2004-11-24,S50_1392,Diamond T620 Semi-Skirted Tanker,Trucks and Buses,68.29,109.96,23,Shipped,172,"La Corne D'abondance, Co.",Paris,France,1337,Loui Bondur
10336,2004-11-20,2004-11-24,S700_2824,1982 Camaro Z28,Classic Cars,46.53,94.07,46,Shipped,172,"La Corne D'abondance, Co.",Paris,France,1337,Loui Bondur
10337,2004-11-21,2004-11-26,S10_4757,1972 Alfa Romeo GTA,Classic Cars,85.68,131.92,25,Shipped,424,Classic Legends Inc.,NYC,USA,1286,Foon Yue Tseng
10337,2004-11-21,2004-11-26,S18_4027,1970 Triumph Spitfire,Classic Cars,91.92,140.75,36,Shipped,424,Classic Legends Inc.,NYC,USA,1286,Foon Yue Tseng
10337,2004-11-21,2004-11-26,S18_4522,1904 Buick Runabout,Vintage Cars,52.66,76.36,29,Shipped,424,Classic Legends Inc.,NYC,USA,1286,Foon Yue Tseng
10337,2004-11-21,2004-11-26,S24_2011,18th century schooner,Ships,82.34,119.2,29,Shipped,424,Classic Legends Inc.,NYC,USA,1286,Foon Yue Tseng
10337,2004-11-21,2004-11-26,S50_1514,1962 City of Detroit Streetcar,Trains,37.49,54.48,21,Shipped,424,Classic Legends Inc.,NYC,USA,1286,Foon Yue Tseng
10337,2004-11-21,2004-11-26,S700_1938,The Mayflower,Ships,43.3,73.62,36,Shipped,424,Classic Legends Inc.,NYC,USA,1286,Foon Yue Tseng
10337,2004-11-21,2004-11-26,S700_3505,The Titanic,Ships,51.09,84.14,31,Shipped,424,Classic Legends Inc.,NYC,USA,1286,Foon Yue Tseng
10337,2004-11-21,2004-11-26,S700_3962,The Queen Mary,Ships,53.63,83.42,36,Shipped,424,Classic Legends Inc.,NYC,USA,1286,Foon Yue Tseng
10337,2004-11-21,2004-11-26,S72_3212,Pont Yacht,Ships,33.3,49.14,42,Shipped,424,Classic Legends Inc.,NYC,USA,1286,Foon Yue Tseng
10338,2004-11-22,2004-11-27,S18_1662,1980s Black Hawk Helicopter,Planes,77.27,137.19,41,Shipped,381,Royale Belge,Charleroi,Belgium,1401,Pamela Castillo
10338,2004-11-22,2004-11-27,S18_3029,1999 Yamaha Speed Boat,Ships,51.61,80.86,28,Shipped,381,Royale Belge,Charleroi,Belgium,1401,Pamela Castillo
10338,2004-11-22,2004-11-27,S18_3856,1941 Chevrolet Special Deluxe Cabriolet,Vintage Cars,64.58,93.17,45,Shipped,381,Royale Belge,Charleroi,Belgium,1401,Pamela Castillo
10339,2004-11-23,2004-11-30,S10_2016,1996 Moto Guzzi 1100i,Motorcycles,68.99,117.75,40,Shipped,398,"Tokyo Collectables, Ltd",Minato-ku,Japan,1621,Mami Nishi
10339,2004-11-23,2004-11-30,S10_4698,2003 Harley-Davidson Eagle Drag Bike,Motorcycles,91.02,178.17,39,Shipped,398,"Tokyo Collectables, Ltd",Minato-ku,Japan,1621,Mami Nishi
10339,2004-11-23,2004-11-30,S18_2581,P-51-D Mustang,Planes,49.0,79.41,27,Shipped,398,"Tokyo Collectables, Ltd",Minato-ku,Japan,1621,Mami Nishi
10339,2004-11-23,2004-11-30,S18_2625,1936 Harley Davidson El Knucklehead,Motorcycles,24.23,48.46,30,Shipped,398,"Tokyo Collectables, Ltd",Minato-ku,Japan,1621,Mami Nishi
10339,2004-11-23,2004-11-30,S24_1578,1997 BMW R 1100 S,Motorcycles,60.86,96.92,27,Shipped,398,"Tokyo Collectables, Ltd",Minato-ku,Japan,1621,Mami Nishi
10339,2004-11-23,2004-11-30,S24_1785,1928 British Royal Navy Airplane,Planes,66.74,106.14,21,Shipped,398,"Tokyo Collectables, Ltd",Minato-ku,Japan,1621,Mami Nishi
10339,2004-11-23,2004-11-30,S24_2841,1900s Vintage Bi-Plane,Planes,34.25,67.82,55,Shipped,398,"Tokyo Collectables, Ltd",Minato-ku,Japan,1621,Mami Nishi
10339,2004-11-23,2004-11-30,S24_3151,1912 Ford Model T Delivery Wagon,Vintage Cars,46.91,73.46,55,Shipped,398,"Tokyo Collectables, Ltd",Minato-ku,Japan,1621,Mami Nishi
10339,2004-11-23,2004-11-30,S24_3420,1937 Horch 930V Limousine,Vintage Cars,26.3,57.86,29,Shipped,398,"Tokyo Collectables, Ltd",Minato-ku,Japan,1621,Mami Nishi
10339,2004-11-23,2004-11-30,S24_3816,1940 Ford Delivery Sedan,Vintage Cars,48.64,72.96,42,Shipped,398,"Tokyo Collectables, Ltd",Minato-ku,Japan,1621,Mami Nishi
10339,2004-11-23,2004-11-30,S24_3949,Corsair F4U ( Bird Cage),Planes,29.34,57.32,45,Shipped,398,"Tokyo Collectables, Ltd",Minato-ku,Japan,1621,Mami Nishi
10339,2004-11-23,2004-11-30,S700_1138,The Schooner Bluenose,Ships,34.0,53.34,22,Shipped,398,"Tokyo Collectables, Ltd",Minato-ku,Japan,1621,Mami Nishi
10339,2004-11-23,2004-11-30,S700_2047,HMS Bounty,Ships,39.83,86.9,55,Shipped,398,"Tokyo Collectables, Ltd",Minato-ku,Japan,1621,Mami Nishi
10339,2004-11-23,2004-11-30,S700_2610,The USS Constitution Ship,Ships,33.97,62.16,50,Shipped,398,"Tokyo Collectables, Ltd",Minato-ku,Japan,1621,Mami Nishi
10339,2004-11-23,2004-11-30,S700_4002,American Airlines: MD-11S,Planes,36.27,66.63,50,Shipped,398,"Tokyo Collectables, Ltd",Minato-ku,Japan,1621,Mami Nishi
10339,2004-11-23,2004-11-30,S72_1253,Boeing X-32A JSF,Planes,32.77,49.66,27,Shipped,398,"Tokyo Collectables, Ltd",Minato-ku,Japan,1621,Mami Nishi
10340,2004-11-24,2004-11-25,S24_2000,1960 BSA Gold Star DBD34,Motorcycles,37.32,62.46,55,Shipped,216,Enaco Distributors,Barcelona,Spain,1702,Martin Gerard
10340,2004-11-24,2004-11-25,S24_4278,1900s Vintage Tri-Plane,Planes,36.23,63.76,40,Shipped,216,Enaco Distributors,Barcelona,Spain,1702,Martin Gerard
10340,2004-11-24,2004-11-25,S32_1374,1997 BMW F650 ST,Motorcycles,66.92,95.89,55,Shipped,216,Enaco Distributors,Barcelona,Spain,1702,Martin Gerard
10340,2004-11-24,2004-11-25,S32_4289,1928 Ford Phaeton Deluxe,Vintage Cars,33.02,67.41,39,Shipped,216,Enaco Distributors,Barcelona,Spain,1702,Martin Gerard
10340,2004-11-24,2004-11-25,S50_1341,1930 Buick Marquette Phaeton,Vintage Cars,27.06,37.09,40,Shipped,216,Enaco Distributors,Barcelona,Spain,1702,Martin Gerard
10340,2004-11-24,2004-11-25,S700_1691,American Airlines: B767-300,Planes,51.15,73.99,30,Shipped,216,Enaco Distributors,Barcelona,Spain,1702,Martin Gerard
10340,2004-11-24,2004-11-25,S700_2466,America West Airlines B757-200,Planes,68.8,81.77,55,Shipped,216,Enaco Distributors,Barcelona,Spain,1702,Martin Gerard
10340,2004-11-24,2004-11-25,S700_2834,ATA: B757-300,Planes,59.33,98.48,29,Shipped,216,Enaco Distributors,Barcelona,Spain,1702,Martin Gerard
10341,2004-11-24,2004-11-29,S10_1678,1969 Harley Davidson Ultimate Chopper,Motorcycles,48.81,84.22,41,Shipped,382,Salzburg Collectables,Salzburg,Austria,1401,Pamela Castillo
10341,2004-11-24,2004-11-29,S12_1099,1968 Ford Mustang,Classic Cars,95.34,192.62,45,Shipped,382,Salzburg Collectables,Salzburg,Austria,1401,Pamela Castillo
10341,2004-11-24,2004-11-29,S12_2823,2002 Suzuki XREO,Motorcycles,66.27,120.5,55,Shipped,382,Salzburg Collectables,Salzburg,Austria,1401,Pamela Castillo
10341,2004-11-24,2004-11-29,S12_3380,1968 Dodge Charger,Classic Cars,75.16,111.57,44,Shipped,382,Salzburg Collectables,Salzburg,Austria,1401,Pamela Castillo
10341,2004-11-24,2004-11-29,S12_3990,1970 Plymouth Hemi Cuda,Classic Cars,31.92,77.41,36,Shipped,382,Salzburg Collectables,Salzburg,Austria,1401,Pamela Castillo
10341,2004-11-24,2004-11-29,S12_4675,1969 Dodge Charger,Classic Cars,58.73,109.4,55,Shipped,382,Salzburg Collectables,Salzburg,Austria,1401,Pamela Castillo
10341,2004-11-24,2004-11-29,S24_2360,1982 Ducati 900 Monster,Motorcycles,47.1,63.03,32,Shipped,382,Salzburg Collectables,Salzburg,Austria,1401,Pamela Castillo
10341,2004-11-24,2004-11-29,S32_4485,1974 Ducati 350 Mk3 Desmo,Motorcycles,56.13,95.93,31,Shipped,382,Salzburg Collectables,Salzburg,Austria,1401,Pamela Castillo
10341,2004-11-24,2004-11-29,S50_4713,2002 Yamaha YZR M1,Motorcycles,34.17,78.11,38,Shipped,382,Salzburg Collectables,Salzburg,Austria,1401,Pamela Castillo
10341,2004-11-24,2004-11-29,S700_3167,F/A 18 Hornet 1/72,Planes,54.4,70.4,34,Shipped,382,Salzburg Collectables,Salzburg,Austria,1401,Pamela Castillo
10342,2004-11-24,2004-11-29,S18_1129,1993 Mazda RX-7,Classic Cars,83.51,118.89,40,Shipped,114,"Australian Collectors, Co.",Melbourne,Australia,1611,Andy Fixter
10342,2004-11-24,2004-11-29,S18_1889,1948 Porsche 356-A Roadster,Classic Cars,53.9,63.14,55,Shipped,114,"Australian Collectors, Co.",Melbourne,Australia,1611,Andy Fixter
10342,2004-11-24,2004-11-29,S18_1984,1995 Honda Civic,Classic Cars,93.89,115.22,22,Shipped,114,"Australian Collectors, Co.",Melbourne,Australia,1611,Andy Fixter
10342,2004-11-24,2004-11-29,S18_3232,1992 Ferrari 360 Spider red,Classic Cars,77.9,167.65,30,Shipped,114,"Australian Collectors, Co.",Melbourne,Australia,1611,Andy Fixter
10342,2004-11-24,2004-11-29,S18_3278,1969 Dodge Super Bee,Classic Cars,49.05,76.39,25,Shipped,114,"Australian Collectors, Co.",Melbourne,Australia,1611,Andy Fixter
10342,2004-11-24,2004-11-29,S18_3482,1976 Ford Gran Torino,Classic Cars,73.49,136.7,55,Shipped,114,"Australian Collectors, Co.",Melbourne,Australia,1611,Andy Fixter
10342,2004-11-24,2004-11-29,S18_3782,1957 Vespa GS150,Motorcycles,32.95,57.82,26,Shipped,114,"Australian Collectors, Co.",Melbourne,Australia,1611,Andy Fixter
10342,2004-11-24,2004-11-29,S18_4721,1957 Corvette Convertible,Classic Cars,69.93,124.99,38,Shipped,114,"Australian Collectors, Co.",Melbourne,Australia,1611,Andy Fixter
10342,2004-11-24,2004-11-29,S24_2972,1982 Lamborghini Diablo,Classic Cars,16.24,30.59,39,Shipped,114,"Australian Collectors, Co.",Melbourne,Australia,1611,Andy Fixter
10342,2004-11-24,2004-11-29,S24_3371,1971 Alpine Renault 1600s,Classic Cars,38.58,60.01,48,Shipped,114,"Australian Collectors, Co.",Melbourne,Australia,1611,Andy Fixter
10342,2004-11-24,2004-11-29,S24_3856,1956 Porsche 356A Coupe,Classic Cars,98.3,112.34,42,Shipped,114,"Australian Collectors, Co.",Melbourne,Australia,1611,Andy Fixter
10343,2004-11-24,2004-11-26,S18_1589,1965 Aston Martin DB5,Classic Cars,65.96,109.51,36,Shipped,353,Reims Collectables,Reims,France,1337,Loui Bondur
10343,2004-11-24,2004-11-26,S18_2870,1999 Indy 500 Monte Carlo SS,Classic Cars,56.76,118.8,25,Shipped,353,Reims Collectables,Reims,France,1337,Loui Bondur
10343,2004-11-24,2004-11-26,S18_3685,1948 Porsche Type 356 Roadster,Classic Cars,62.16,127.15,44,Shipped,353,Reims Collectables,Reims,France,1337,Loui Bondur
10343,2004-11-24,2004-11-26,S24_1628,1966 Shelby Cobra 427 S/C,Classic Cars,29.18,44.78,27,Shipped,353,Reims Collectables,Reims,France,1337,Loui Bondur
10343,2004-11-24,2004-11-26,S24_4620,1961 Chevrolet Impala,Classic Cars,32.33,76.8,30,Shipped,353,Reims Collectables,Reims,France,1337,Loui Bondur
10343,2004-11-24,2004-11-26,S32_2206,1982 Ducati 996 R,Motorcycles,24.14,37.41,29,Shipped,353,Reims Collectables,Reims,France,1337,Loui Bondur
10344,2004-11-25,2004-11-29,S18_1749,1917 Grand Touring Sedan,Vintage Cars,86.7,168.3,45,Shipped,350,Marseille Mini Autos,Marseille,France,1337,Loui Bondur
10344,2004-11-25,2004-11-29,S18_2248,1911 Ford Town Car,Vintage Cars,33.3,49.04,40,Shipped,350,Marseille Mini Autos,Marseille,France,1337,Loui Bondur
10344,2004-11-25,2004-11-29,S18_2325,1932 Model A Ford J-Coupe,Vintage Cars,58.48,118.23,30,Shipped,350,Marseille Mini Autos,Marseille,France,1337,Loui Bondur
10344,2004-11-25,2004-11-29,S18_4409,1932 Alfa Romeo 8C2300 Spider Sport,Vintage Cars,43.26,80.99,21,Shipped,350,Marseille Mini Autos,Marseille,France,1337,Loui Bondur
10344,2004-11-25,2004-11-29,S18_4933,1957 Ford Thunderbird,Classic Cars,34.21,68.42,26,Shipped,350,Marseille Mini Autos,Marseille,France,1337,Loui Bondur
10344,2004-11-25,2004-11-29,S24_1046,1970 Chevy Chevelle SS 454,Classic Cars,49.24,61.0,29,Shipped,350,Marseille Mini Autos,Marseille,France,1337,Loui Bondur
10344,2004-11-25,2004-11-29,S24_1937,1939 Chevrolet Deluxe Coupe,Vintage Cars,22.57,27.88,20,Shipped,350,Marseille Mini Autos,Marseille,France,1337,Loui Bondur
10345,2004-11-25,2004-11-26,S24_2022,1938 Cadillac V-16 Presidential Limousine,Vintage Cars,20.61,38.98,43,Shipped,103,Atelier graphique,Nantes,France,1370,Gerard Hernandez
10346,2004-11-29,2004-11-30,S18_1342,1937 Lincoln Berline,Vintage Cars,60.62,88.36,42,Shipped,112,Signal Gift Stores,Las Vegas,USA,1166,Leslie Thompson
10346,2004-11-29,2004-11-30,S24_2766,1949 Jaguar XK 120,Classic Cars,47.25,87.24,25,Shipped,112,Signal Gift Stores,Las Vegas,USA,1166,Leslie Thompson
10346,2004-11-29,2004-11-30,S24_2887,1952 Citroen-15CV,Classic Cars,72.82,117.44,24,Shipped,112,Signal Gift Stores,Las Vegas,USA,1166,Leslie Thompson
10346,2004-11-29,2004-11-30,S24_3191,1969 Chevrolet Camaro Z28,Classic Cars,50.51,80.47,24,Shipped,112,Signal Gift Stores,Las Vegas,USA,1166,Leslie Thompson
10346,2004-11-29,2004-11-30,S24_3432,2002 Chevy Corvette,Classic Cars,62.11,103.87,26,Shipped,112,Signal Gift Stores,Las Vegas,USA,1166,Leslie Thompson
10346,2004-11-29,2004-11-30,S24_3969,1936 Mercedes Benz 500k Roadster,Vintage Cars,21.75,38.57,22,Shipped,112,Signal Gift Stores,Las Vegas,USA,1166,Leslie Thompson
10347,2004-11-29,2004-11-30,S10_1949,1952 Alpine Renault 1300,Classic Cars,98.58,188.58,30,Shipped,114,"Australian Collectors, Co.",Melbourne,Australia,1611,Andy Fixter
10347,2004-11-29,2004-11-30,S10_4962,1962 LanciaA Delta 16V,Classic Cars,103.42,132.97,27,Shipped,114,"Australian Collectors, Co.",Melbourne,Australia,1611,Andy Fixter
10347,2004-11-29,2004-11-30,S12_1666,1958 Setra Bus,Trucks and Buses,77.9,132.57,29,Shipped,114,"Australian Collectors, Co.",Melbourne,Australia,1611,Andy Fixter
10347,2004-11-29,2004-11-30,S18_1097,1940 Ford Pickup Truck,Trucks and Buses,58.33,113.17,42,Shipped,114,"Australian Collectors, Co.",Melbourne,Australia,1611,Andy Fixter
10347,2004-11-29,2004-11-30,S18_1367,1936 Mercedes-Benz 500K Special Roadster,Vintage Cars,24.26,46.36,21,Shipped,114,"Australian Collectors, Co.",Melbourne,Australia,1611,Andy Fixter
10347,2004-11-29,2004-11-30,S18_2432,1926 Ford Fire Engine,Trucks and Buses,24.92,51.05,50,Shipped,114,"Australian Collectors, Co.",Melbourne,Australia,1611,Andy Fixter
10347,2004-11-29,2004-11-30,S18_2795,1928 Mercedes-Benz SSK,Vintage Cars,72.56,136.69,21,Shipped,114,"Australian Collectors, Co.",Melbourne,Australia,1611,Andy Fixter
10347,2004-11-29,2004-11-30,S18_2949,1913 Ford Model T Speedster,Vintage Cars,60.78,84.09,48,Shipped,114,"Australian Collectors, Co.",Melbourne,Australia,1611,Andy Fixter
10347,2004-11-29,2004-11-30,S18_2957,1934 Ford V8 Coupe,Vintage Cars,34.35,60.59,34,Shipped,114,"Australian Collectors, Co.",Melbourne,Australia,1611,Andy Fixter
10347,2004-11-29,2004-11-30,S18_3136,18th Century Vintage Horse Carriage,Vintage Cars,60.74,95.3,45,Shipped,114,"Australian Collectors, Co.",Melbourne,Australia,1611,Andy Fixter
10347,2004-11-29,2004-11-30,S18_3320,1917 Maxwell Touring Car,Vintage Cars,57.54,84.33,26,Shipped,114,"Australian Collectors, Co.",Melbourne,Australia,1611,Andy Fixter
10347,2004-11-29,2004-11-30,S18_4600,1940s Ford truck,Trucks and Buses,84.76,115.03,45,Shipped,114,"Australian Collectors, Co.",Melbourne,Australia,1611,Andy Fixter
10348,2004-11-01,2004-11-05,S12_1108,2001 Ferrari Enzo,Classic Cars,95.59,207.8,48,Shipped,458,"Corrida Auto Replicas, Ltd",Madrid,Spain,1702,Martin Gerard
10348,2004-11-01,2004-11-05,S12_3148,1969 Corvair Monza,Classic Cars,89.14,122.37,47,Shipped,458,"Corrida Auto Replicas, Ltd",Madrid,Spain,1702,Martin Gerard
10348,2004-11-01,2004-11-05,S18_4668,1939 Cadillac Limousine,Vintage Cars,23.14,43.77,29,Shipped,458,"Corrida Auto Replicas, Ltd",Madrid,Spain,1702,Martin Gerard
10348,2004-11-01,2004-11-05,S24_2300,1962 Volkswagen Microbus,Trucks and Buses,61.34,107.34,37,Shipped,458,"Corrida Auto Replicas, Ltd",Madrid,Spain,1702,Martin Gerard
10348,2004-11-01,2004-11-05,S24_4258,1936 Chrysler Airflow,Vintage Cars,57.46,82.78,39,Shipped,458,"Corrida Auto Replicas, Ltd",Madrid,Spain,1702,Martin Gerard
10348,2004-11-01,2004-11-05,S32_1268,1980’s GM Manhattan Express,Trucks and Buses,53.93,90.53,42,Shipped,458,"Corrida Auto Replicas, Ltd",Madrid,Spain,1702,Martin Gerard
10348,2004-11-01,2004-11-05,S32_3522,1996 Peterbilt 379 Stake Bed with Outrigger,Trucks and Buses,33.61,62.7,31,Shipped,458,"Corrida Auto Replicas, Ltd",Madrid,Spain,1702,Martin Gerard
10348,2004-11-01,2004-11-05,S700_2824,1982 Camaro Z28,Classic Cars,46.53,100.14,32,Shipped,458,"Corrida Auto Replicas, Ltd",Madrid,Spain,1702,Martin Gerard
10349,2004-12-01,2004-12-03,S12_3891,1969 Ford Falcon,Classic Cars,83.05,166.1,26,Shipped,151,Muscle Machine Inc,NYC,USA,1286,Foon Yue Tseng
10349,2004-12-01,2004-12-03,S12_4473,1957 Chevy Pickup,Trucks and Buses,55.7,114.95,48,Shipped,151,Muscle Machine Inc,NYC,USA,1286,Foon Yue Tseng
10349,2004-12-01,2004-12-03,S18_2238,1998 Chrysler Plymouth Prowler,Classic Cars,101.51,142.45,38,Shipped,151,Muscle Machine Inc,NYC,USA,1286,Foon Yue Tseng
10349,2004-12-01,2004-12-03,S18_2319,1964 Mercedes Tour Bus,Trucks and Buses,74.86,117.82,38,Shipped,151,Muscle Machine Inc,NYC,USA,1286,Foon Yue Tseng
10349,2004-12-01,2004-12-03,S18_3232,1992 Ferrari 360 Spider red,Classic Cars,77.9,164.26,48,Shipped,151,Muscle Machine Inc,NYC,USA,1286,Foon Yue Tseng
10349,2004-12-01,2004-12-03,S18_4027,1970 Triumph Spitfire,Classic Cars,91.92,140.75,34,Shipped,151,Muscle Machine Inc,NYC,USA,1286,Foon Yue Tseng
10349,2004-12-01,2004-12-03,S24_1444,1970 Dodge Coronet,Classic Cars,32.37,50.29,48,Shipped,151,Muscle Machine Inc,NYC,USA,1286,Foon Yue Tseng
10349,2004-12-01,2004-12-03,S24_2840,1958 Chevy Corvette Limited Edition,Classic Cars,15.91,31.47,36,Shipped,151,Muscle Machine Inc,NYC,USA,1286,Foon Yue Tseng
10349,2004-12-01,2004-12-03,S24_4048,1992 Porsche Cayenne Turbo Silver,Classic Cars,69.78,111.18,23,Shipped,151,Muscle Machine Inc,NYC,USA,1286,Foon Yue Tseng
10349,2004-12-01,2004-12-03,S32_2509,1954 Greyhound Scenicruiser,Trucks and Buses,25.98,44.37,33,Shipped,151,Muscle Machine Inc,NYC,USA,1286,Foon Yue Tseng
10350,2004-12-02,2004-12-05,S10_4757,1972 Alfa Romeo GTA,Classic Cars,85.68,110.16,26,Shipped,141,Euro+ Shopping Channel,Madrid,Spain,1370,Gerard Hernandez
10350,2004-12-02,2004-12-05,S18_3029,1999 Yamaha Speed Boat,Ships,51.61,84.3,43,Shipped,141,Euro+ Shopping Channel,Madrid,Spain,1370,Gerard Hernandez
10350,2004-12-02,2004-12-05,S18_3140,1903 Ford Model A,Vintage Cars,68.3,135.22,44,Shipped,141,Euro+ Shopping Channel,Madrid,Spain,1370,Gerard Hernandez
10350,2004-12-02,2004-12-05,S18_3259,Collectable Wooden Train,Trains,67.56,94.79,41,Shipped,141,Euro+ Shopping Channel,Madrid,Spain,1370,Gerard Hernandez
10350,2004-12-02,2004-12-05,S18_4522,1904 Buick Runabout,Vintage Cars,52.66,70.22,30,Shipped,141,Euro+ Shopping Channel,Madrid,Spain,1370,Gerard Hernandez
10350,2004-12-02,2004-12-05,S24_2011,18th century schooner,Ships,82.34,98.31,34,Shipped,141,Euro+ Shopping Channel,Madrid,Spain,1370,Gerard Hernandez
10350,2004-12-02,2004-12-05,S24_3151,1912 Ford Model T Delivery Wagon,Vintage Cars,46.91,86.74,30,Shipped,141,Euro+ Shopping Channel,Madrid,Spain,1370,Gerard Hernandez
10350,2004-12-02,2004-12-05,S24_3816,1940 Ford Delivery Sedan,Vintage Cars,48.64,77.15,25,Shipped,141,Euro+ Shopping Channel,Madrid,Spain,1370,Gerard Hernandez
10350,2004-12-02,2004-12-05,S32_3207,1950's Chicago Surface Lines Streetcar,Trains,26.72,61.52,27,Shipped,141,Euro+ Shopping Channel,Madrid,Spain,1370,Gerard Hernandez
10350,2004-12-02,2004-12-05,S50_1392,Diamond T620 Semi-Skirted Tanker,Trucks and Buses,68.29,104.18,31,Shipped,141,Euro+ Shopping Channel,Madrid,Spain,1370,Gerard Hernandez
10350,2004-12-02,2004-12-05,S50_1514,1962 City of Detroit Streetcar,Trains,37.49,56.82,44,Shipped,141,Euro+ Shopping Channel,Madrid,Spain,1370,Gerard Hernandez
10350,2004-12-02,2004-12-05,S700_1138,The Schooner Bluenose,Ships,34.0,56.0,46,Shipped,141,Euro+ Shopping Channel,Madrid,Spain,1370,Gerard Hernandez
10350,2004-12-02,2004-12-05,S700_1938,The Mayflower,Ships,43.3,76.22,28,Shipped,141,Euro+ Shopping Channel,Madrid,Spain,1370,Gerard Hernandez
10350,2004-12-02,2004-12-05,S700_2610,The USS Constitution Ship,Ships,33.97,68.67,29,Shipped,141,Euro+ Shopping Channel,Madrid,Spain,1370,Gerard Hernandez
10350,2004-12-02,2004-12-05,S700_3505,The Titanic,Ships,51.09,87.15,31,Shipped,141,Euro+ Shopping Channel,Madrid,Spain,1370,Gerard Hernandez
10350,2004-12-02,2004-12-05,S700_3962,The Queen Mary,Ships,53.63,97.32,25,Shipped,141,Euro+ Shopping Channel,Madrid,Spain,1370,Gerard Hernandez
10350,2004-12-02,2004-12-05,S72_3212,Pont Yacht,Ships,33.3,48.05,20,Shipped,141,Euro+ Shopping Channel,Madrid,Spain,1370,Gerard Hernandez
10351,2004-12-03,2004-12-07,S18_1662,1980s Black Hawk Helicopter,Planes,77.27,143.5,39,Shipped,324,"Stylish Desk Decors, Co.",London,UK,1501,Larry Bott
10351,2004-12-03,2004-12-07,S18_3856,1941 Chevrolet Special Deluxe Cabriolet,Vintage Cars,64.58,104.81,20,Shipped,324,"Stylish Desk Decors, Co.",London,UK,1501,Larry Bott
10351,2004-12-03,2004-12-07,S24_2841,1900s Vintage Bi-Plane,Planes,34.25,64.4,25,Shipped,324,"Stylish Desk Decors, Co.",London,UK,1501,Larry Bott
10351,2004-12-03,2004-12-07,S24_3420,1937 Horch 930V Limousine,Vintage Cars,26.3,53.92,38,Shipped,324,"Stylish Desk Decors, Co.",London,UK,1501,Larry Bott
10351,2004-12-03,2004-12-07,S24_3949,Corsair F4U ( Bird Cage),Planes,29.34,68.24,34,Shipped,324,"Stylish Desk Decors, Co.",London,UK,1501,Larry Bott
10352,2004-12-03,2004-12-09,S700_2047,HMS Bounty,Ships,39.83,75.13,23,Shipped,198,Auto-Moto Classics Inc.,Brickhaven,USA,1216,Steve Patterson
10352,2004-12-03,2004-12-09,S700_2466,America West Airlines B757-200,Planes,68.8,87.75,49,Shipped,198,Auto-Moto Classics Inc.,Brickhaven,USA,1216,Steve Patterson
10352,2004-12-03,2004-12-09,S700_4002,American Airlines: MD-11S,Planes,36.27,62.19,22,Shipped,198,Auto-Moto Classics Inc.,Brickhaven,USA,1216,Steve Patterson
10352,2004-12-03,2004-12-09,S72_1253,Boeing X-32A JSF,Planes,32.77,46.18,49,Shipped,198,Auto-Moto Classics Inc.,Brickhaven,USA,1216,Steve Patterson
10353,2004-12-04,2004-12-05,S18_2581,P-51-D Mustang,Planes,49.0,71.81,27,Shipped,447,Gift Ideas Corp.,Glendale,USA,1323,George Vanauf
10353,2004-12-04,2004-12-05,S24_1785,1928 British Royal Navy Airplane,Planes,66.74,107.23,28,Shipped,447,Gift Ideas Corp.,Glendale,USA,1323,George Vanauf
10353,2004-12-04,2004-12-05,S24_4278,1900s Vintage Tri-Plane,Planes,36.23,69.55,35,Shipped,447,Gift Ideas Corp.,Glendale,USA,1323,George Vanauf
10353,2004-12-04,2004-12-05,S32_1374,1997 BMW F650 ST,Motorcycles,66.92,86.9,46,Shipped,447,Gift Ideas Corp.,Glendale,USA,1323,George Vanauf
10353,2004-12-04,2004-12-05,S32_4289,1928 Ford Phaeton Deluxe,Vintage Cars,33.02,68.1,40,Shipped,447,Gift Ideas Corp.,Glendale,USA,1323,George Vanauf
10353,2004-12-04,2004-12-05,S50_1341,1930 Buick Marquette Phaeton,Vintage Cars,27.06,35.78,40,Shipped,447,Gift Ideas Corp.,Glendale,USA,1323,George Vanauf
10353,2004-12-04,2004-12-05,S700_1691,American Airlines: B767-300,Planes,51.15,73.07,39,Shipped,447,Gift Ideas Corp.,Glendale,USA,1323,George Vanauf
10353,2004-12-04,2004-12-05,S700_2834,ATA: B757-300,Planes,59.33,98.48,48,Shipped,447,Gift Ideas Corp.,Glendale,USA,1323,George Vanauf
10353,2004-12-04,2004-12-05,S700_3167,F/A 18 Hornet 1/72,Planes,54.4,74.4,43,Shipped,447,Gift Ideas Corp.,Glendale,USA,1323,George Vanauf
10354,2004-12-04,2004-12-05,S10_1678,1969 Harley Davidson Ultimate Chopper,Motorcycles,48.81,84.22,42,Shipped,323,"Down Under Souveniers, Inc",Auckland,New Zealand,1612,Peter Marsh
10354,2004-12-04,2004-12-05,S10_2016,1996 Moto Guzzi 1100i,Motorcycles,68.99,95.15,20,Shipped,323,"Down Under Souveniers, Inc",Auckland,New Zealand,1612,Peter Marsh
10354,2004-12-04,2004-12-05,S10_4698,2003 Harley-Davidson Eagle Drag Bike,Motorcycles,91.02,178.17,42,Shipped,323,"Down Under Souveniers, Inc",Auckland,New Zealand,1612,Peter Marsh
10354,2004-12-04,2004-12-05,S12_1099,1968 Ford Mustang,Classic Cars,95.34,157.6,31,Shipped,323,"Down Under Souveniers, Inc",Auckland,New Zealand,1612,Peter Marsh
10354,2004-12-04,2004-12-05,S12_2823,2002 Suzuki XREO,Motorcycles,66.27,141.58,35,Shipped,323,"Down Under Souveniers, Inc",Auckland,New Zealand,1612,Peter Marsh
10354,2004-12-04,2004-12-05,S12_3380,1968 Dodge Charger,Classic Cars,75.16,98.65,29,Shipped,323,"Down Under Souveniers, Inc",Auckland,New Zealand,1612,Peter Marsh
10354,2004-12-04,2004-12-05,S12_3990,1970 Plymouth Hemi Cuda,Classic Cars,31.92,76.61,23,Shipped,323,"Down Under Souveniers, Inc",Auckland,New Zealand,1612,Peter Marsh
10354,2004-12-04,2004-12-05,S12_4675,1969 Dodge Charger,Classic Cars,58.73,100.19,28,Shipped,323,"Down Under Souveniers, Inc",Auckland,New Zealand,1612,Peter Marsh
10354,2004-12-04,2004-12-05,S18_1889,1948 Porsche 356-A Roadster,Classic Cars,53.9,76.23,21,Shipped,323,"Down Under Souveniers, Inc",Auckland,New Zealand,1612,Peter Marsh
10354,2004-12-04,2004-12-05,S18_2625,1936 Harley Davidson El Knucklehead,Motorcycles,24.23,49.06,28,Shipped,323,"Down Under Souveniers, Inc",Auckland,New Zealand,1612,Peter Marsh
10354,2004-12-04,2004-12-05,S18_3278,1969 Dodge Super Bee,Classic Cars,49.05,69.15,36,Shipped,323,"Down Under Souveniers, Inc",Auckland,New Zealand,1612,Peter Marsh
10354,2004-12-04,2004-12-05,S24_1578,1997 BMW R 1100 S,Motorcycles,60.86,96.92,21,Shipped,323,"Down Under Souveniers, Inc",Auckland,New Zealand,1612,Peter Marsh
10354,2004-12-04,2004-12-05,S24_2000,1960 BSA Gold Star DBD34,Motorcycles,37.32,62.46,28,Shipped,323,"Down Under Souveniers, Inc",Auckland,New Zealand,1612,Peter Marsh
10355,2004-12-07,2004-12-13,S18_3482,1976 Ford Gran Torino,Classic Cars,73.49,117.59,23,Shipped,141,Euro+ Shopping Channel,Madrid,Spain,1370,Gerard Hernandez
10355,2004-12-07,2004-12-13,S18_3782,1957 Vespa GS150,Motorcycles,32.95,60.3,31,Shipped,141,Euro+ Shopping Channel,Madrid,Spain,1370,Gerard Hernandez
10355,2004-12-07,2004-12-13,S18_4721,1957 Corvette Convertible,Classic Cars,69.93,124.99,25,Shipped,141,Euro+ Shopping Channel,Madrid,Spain,1370,Gerard Hernandez
10355,2004-12-07,2004-12-13,S24_2360,1982 Ducati 900 Monster,Motorcycles,47.1,56.1,41,Shipped,141,Euro+ Shopping Channel,Madrid,Spain,1370,Gerard Hernandez
10355,2004-12-07,2004-12-13,S24_2972,1982 Lamborghini Diablo,Classic Cars,16.24,37.38,36,Shipped,141,Euro+ Shopping Channel,Madrid,Spain,1370,Gerard Hernandez
10355,2004-12-07,2004-12-13,S24_3371,1971 Alpine Renault 1600s,Classic Cars,38.58,60.62,44,Shipped,141,Euro+ Shopping Channel,Madrid,Spain,1370,Gerard Hernandez
10355,2004-12-07,2004-12-13,S24_3856,1956 Porsche 356A Coupe,Classic Cars,98.3,137.62,32,Shipped,141,Euro+ Shopping Channel,Madrid,Spain,1370,Gerard Hernandez
10355,2004-12-07,2004-12-13,S24_4620,1961 Chevrolet Impala,Classic Cars,32.33,75.18,28,Shipped,141,Euro+ Shopping Channel,Madrid,Spain,1370,Gerard Hernandez
10355,2004-12-07,2004-12-13,S32_2206,1982 Ducati 996 R,Motorcycles,24.14,32.99,38,Shipped,141,Euro+ Shopping Channel,Madrid,Spain,1370,Gerard Hernandez
10355,2004-12-07,2004-12-13,S32_4485,1974 Ducati 350 Mk3 Desmo,Motorcycles,56.13,93.89,40,Shipped,141,Euro+ Shopping Channel,Madrid,Spain,1370,Gerard Hernandez
10356,2004-12-09,2004-12-12,S18_1129,1993 Mazda RX-7,Classic Cars,83.51,120.31,43,Shipped,250,Lyon Souveniers,Paris,France,1337,Loui Bondur
10356,2004-12-09,2004-12-12,S18_1342,1937 Lincoln Berline,Vintage Cars,60.62,82.19,50,Shipped,250,Lyon Souveniers,Paris,France,1337,Loui Bondur
10356,2004-12-09,2004-12-12,S18_1367,1936 Mercedes-Benz 500K Special Roadster,Vintage Cars,24.26,44.75,22,Shipped,250,Lyon Souveniers,Paris,France,1337,Loui Bondur
10356,2004-12-09,2004-12-12,S18_1984,1995 Honda Civic,Classic Cars,93.89,130.87,27,Shipped,250,Lyon Souveniers,Paris,France,1337,Loui Bondur
10356,2004-12-09,2004-12-12,S18_2325,1932 Model A Ford J-Coupe,Vintage Cars,58.48,106.79,29,Shipped,250,Lyon Souveniers,Paris,France,1337,Loui Bondur
10356,2004-12-09,2004-12-12,S18_2795,1928 Mercedes-Benz SSK,Vintage Cars,72.56,158.63,30,Shipped,250,Lyon Souveniers,Paris,France,1337,Loui Bondur
10356,2004-12-09,2004-12-12,S24_1937,1939 Chevrolet Deluxe Coupe,Vintage Cars,22.57,31.86,48,Shipped,250,Lyon Souveniers,Paris,France,1337,Loui Bondur
10356,2004-12-09,2004-12-12,S24_2022,1938 Cadillac V-16 Presidential Limousine,Vintage Cars,20.61,42.11,26,Shipped,250,Lyon Souveniers,Paris,France,1337,Loui Bondur
10356,2004-12-09,2004-12-12,S50_4713,2002 Yamaha YZR M1,Motorcycles,34.17,78.11,26,Shipped,250,Lyon Souveniers,Paris,France,1337,Loui Bondur
10357,2004-12-10,2004-12-14,S10_1949,1952 Alpine Renault 1300,Classic Cars,98.58,199.3,32,Shipped,124,Mini Gifts Distributors Ltd.,San Rafael,USA,1165,Leslie Jennings
10357,2004-12-10,2004-12-14,S10_4962,1962 LanciaA Delta 16V,Classic Cars,103.42,135.92,43,Shipped,124,Mini Gifts Distributors Ltd.,San Rafael,USA,1165,Leslie Jennings
10357,2004-12-10,2004-12-14,S12_1666,1958 Setra Bus,Trucks and Buses,77.9,109.34,49,Shipped,124,Mini Gifts Distributors Ltd.,San Rafael,USA,1165,Leslie Jennings
10357,2004-12-10,2004-12-14,S18_1097,1940 Ford Pickup Truck,Trucks and Buses,58.33,112.0,39,Shipped,124,Mini Gifts Distributors Ltd.,San Rafael,USA,1165,Leslie Jennings
10357,2004-12-10,2004-12-14,S18_2432,1926 Ford Fire Engine,Trucks and Buses,24.92,58.95,41,Shipped,124,Mini Gifts Distributors Ltd.,San Rafael,USA,1165,Leslie Jennings
10357,2004-12-10,2004-12-14,S18_2949,1913 Ford Model T Speedster,Vintage Cars,60.78,91.18,41,Shipped,124,Mini Gifts Distributors Ltd.,San Rafael,USA,1165,Leslie Jennings
10357,2004-12-10,2004-12-14,S18_2957,1934 Ford V8 Coupe,Vintage Cars,34.35,59.34,49,Shipped,124,Mini Gifts Distributors Ltd.,San Rafael,USA,1165,Leslie Jennings
10357,2004-12-10,2004-12-14,S18_3136,18th Century Vintage Horse Carriage,Vintage Cars,60.74,104.72,44,Shipped,124,Mini Gifts Distributors Ltd.,San Rafael,USA,1165,Leslie Jennings
10357,2004-12-10,2004-12-14,S18_3320,1917 Maxwell Touring Car,Vintage Cars,57.54,84.33,25,Shipped,124,Mini Gifts Distributors Ltd.,San Rafael,USA,1165,Leslie Jennings
10357,2004-12-10,2004-12-14,S18_4600,1940s Ford truck,Trucks and Buses,84.76,105.34,28,Shipped,124,Mini Gifts Distributors Ltd.,San Rafael,USA,1165,Leslie Jennings
10358,2004-12-10,2004-12-16,S12_3148,1969 Corvair Monza,Classic Cars,89.14,129.93,49,Shipped,141,Euro+ Shopping Channel,Madrid,Spain,1370,Gerard Hernandez
10358,2004-12-10,2004-12-16,S12_4473,1957 Chevy Pickup,Trucks and Buses,55.7,98.36,42,Shipped,141,Euro+ Shopping Channel,Madrid,Spain,1370,Gerard Hernandez
10358,2004-12-10,2004-12-16,S18_2238,1998 Chrysler Plymouth Prowler,Classic Cars,101.51,142.45,20,Shipped,141,Euro+ Shopping Channel,Madrid,Spain,1370,Gerard Hernandez
10358,2004-12-10,2004-12-16,S18_2319,1964 Mercedes Tour Bus,Trucks and Buses,74.86,99.41,20,Shipped,141,Euro+ Shopping Channel,Madrid,Spain,1370,Gerard Hernandez
10358,2004-12-10,2004-12-16,S18_3232,1992 Ferrari 360 Spider red,Classic Cars,77.9,137.17,32,Shipped,141,Euro+ Shopping Channel,Madrid,Spain,1370,Gerard Hernandez
10358,2004-12-10,2004-12-16,S18_4027,1970 Triumph Spitfire,Classic Cars,91.92,117.77,25,Shipped,141,Euro+ Shopping Channel,Madrid,Spain,1370,Gerard Hernandez
10358,2004-12-10,2004-12-16,S18_4668,1939 Cadillac Limousine,Vintage Cars,23.14,46.29,30,Shipped,141,Euro+ Shopping Channel,Madrid,Spain,1370,Gerard Hernandez
10358,2004-12-10,2004-12-16,S24_1444,1970 Dodge Coronet,Classic Cars,32.37,56.07,44,Shipped,141,Euro+ Shopping Channel,Madrid,Spain,1370,Gerard Hernandez
10358,2004-12-10,2004-12-16,S24_2300,1962 Volkswagen Microbus,Trucks and Buses,61.34,127.79,41,Shipped,141,Euro+ Shopping Channel,Madrid,Spain,1370,Gerard Hernandez
10358,2004-12-10,2004-12-16,S24_2840,1958 Chevy Corvette Limited Edition,Classic Cars,15.91,33.59,36,Shipped,141,Euro+ Shopping Channel,Madrid,Spain,1370,Gerard Hernandez
10358,2004-12-10,2004-12-16,S24_4258,1936 Chrysler Airflow,Vintage Cars,57.46,88.62,41,Shipped,141,Euro+ Shopping Channel,Madrid,Spain,1370,Gerard Hernandez
10358,2004-12-10,2004-12-16,S32_1268,1980’s GM Manhattan Express,Trucks and Buses,53.93,82.83,41,Shipped,141,Euro+ Shopping Channel,Madrid,Spain,1370,Gerard Hernandez
10358,2004-12-10,2004-12-16,S32_3522,1996 Peterbilt 379 Stake Bed with Outrigger,Trucks and Buses,33.61,51.71,36,Shipped,141,Euro+ Shopping Channel,Madrid,Spain,1370,Gerard Hernandez
10358,2004-12-10,2004-12-16,S700_2824,1982 Camaro Z28,Classic Cars,46.53,85.98,27,Shipped,141,Euro+ Shopping Channel,Madrid,Spain,1370,Gerard Hernandez
10359,2004-12-15,2004-12-18,S10_4757,1972 Alfa Romeo GTA,Classic Cars,85.68,122.4,48,Shipped,353,Reims Collectables,Reims,France,1337,Loui Bondur
10359,2004-12-15,2004-12-18,S12_1108,2001 Ferrari Enzo,Classic Cars,95.59,180.79,42,Shipped,353,Reims Collectables,Reims,France,1337,Loui Bondur
10359,2004-12-15,2004-12-18,S12_3891,1969 Ford Falcon,Classic Cars,83.05,162.64,49,Shipped,353,Reims Collectables,Reims,France,1337,Loui Bondur
10359,2004-12-15,2004-12-18,S24_4048,1992 Porsche Cayenne Turbo Silver,Classic Cars,69.78,108.82,22,Shipped,353,Reims Collectables,Reims,France,1337,Loui Bondur
10359,2004-12-15,2004-12-18,S32_2509,1954 Greyhound Scenicruiser,Trucks and Buses,25.98,45.45,36,Shipped,353,Reims Collectables,Reims,France,1337,Loui Bondur
10359,2004-12-15,2004-12-18,S32_3207,1950's Chicago Surface Lines Streetcar,Trains,26.72,62.14,22,Shipped,353,Reims Collectables,Reims,France,1337,Loui Bondur
10359,2004-12-15,2004-12-18,S50_1392,Diamond T620 Semi-Skirted Tanker,Trucks and Buses,68.29,99.55,46,Shipped,353,Reims Collectables,Reims,France,1337,Loui Bondur
10359,2004-12-15,2004-12-18,S50_1514,1962 City of Detroit Streetcar,Trains,37.49,47.45,25,Shipped,353,Reims Collectables,Reims,France,1337,Loui Bondur
10360,2004-12-16,2004-12-18,S18_1662,1980s Black Hawk Helicopter,Planes,77.27,126.15,50,Shipped,496,Kelly's Gift Shop,Auckland,New Zealand,1612,Peter Marsh
10360,2004-12-16,2004-12-18,S18_2581,P-51-D Mustang,Planes,49.0,68.43,41,Shipped,496,Kelly's Gift Shop,Auckland,New Zealand,1612,Peter Marsh
10360,2004-12-16,2004-12-18,S18_3029,1999 Yamaha Speed Boat,Ships,51.61,71.4,46,Shipped,496,Kelly's Gift Shop,Auckland,New Zealand,1612,Peter Marsh
10360,2004-12-16,2004-12-18,S18_3140,1903 Ford Model A,Vintage Cars,68.3,122.93,29,Shipped,496,Kelly's Gift Shop,Auckland,New Zealand,1612,Peter Marsh
10360,2004-12-16,2004-12-18,S18_3259,Collectable Wooden Train,Trains,67.56,94.79,29,Shipped,496,Kelly's Gift Shop,Auckland,New Zealand,1612,Peter Marsh
10360,2004-12-16,2004-12-18,S18_3856,1941 Chevrolet Special Deluxe Cabriolet,Vintage Cars,64.58,101.64,40,Shipped,496,Kelly's Gift Shop,Auckland,New Zealand,1612,Peter Marsh
10360,2004-12-16,2004-12-18,S18_4522,1904 Buick Runabout,Vintage Cars,52.66,76.36,40,Shipped,496,Kelly's Gift Shop,Auckland,New Zealand,1612,Peter Marsh
10360,2004-12-16,2004-12-18,S24_1785,1928 British Royal Navy Airplane,Planes,66.74,106.14,22,Shipped,496,Kelly's Gift Shop,Auckland,New Zealand,1612,Peter Marsh
10360,2004-12-16,2004-12-18,S24_2011,18th century schooner,Ships,82.34,100.77,31,Shipped,496,Kelly's Gift Shop,Auckland,New Zealand,1612,Peter Marsh
10360,2004-12-16,2004-12-18,S24_2841,1900s Vintage Bi-Plane,Planes,34.25,55.49,49,Shipped,496,Kelly's Gift Shop,Auckland,New Zealand,1612,Peter Marsh
10360,2004-12-16,2004-12-18,S24_3151,1912 Ford Model T Delivery Wagon,Vintage Cars,46.91,70.81,36,Shipped,496,Kelly's Gift Shop,Auckland,New Zealand,1612,Peter Marsh
10360,2004-12-16,2004-12-18,S24_3816,1940 Ford Delivery Sedan,Vintage Cars,48.64,78.83,22,Shipped,496,Kelly's Gift Shop,Auckland,New Zealand,1612,Peter Marsh
10360,2004-12-16,2004-12-18,S700_1138,The Schooner Bluenose,Ships,34.0,64.67,32,Shipped,496,Kelly's Gift Shop,Auckland,New Zealand,1612,Peter Marsh
10360,2004-12-16,2004-12-18,S700_1938,The Mayflower,Ships,43.3,86.61,26,Shipped,496,Kelly's Gift Shop,Auckland,New Zealand,1612,Peter Marsh
10360,2004-12-16,2004-12-18,S700_2610,The USS Constitution Ship,Ships,33.97,70.11,30,Shipped,496,Kelly's Gift Shop,Auckland,New Zealand,1612,Peter Marsh
10360,2004-12-16,2004-12-18,S700_3505,The Titanic,Ships,51.09,83.14,35,Shipped,496,Kelly's Gift Shop,Auckland,New Zealand,1612,Peter Marsh
10360,2004-12-16,2004-12-18,S700_3962,The Queen Mary,Ships,53.63,92.36,31,Shipped,496,Kelly's Gift Shop,Auckland,New Zealand,1612,Peter Marsh
10360,2004-12-16,2004-12-18,S72_3212,Pont Yacht,Ships,33.3,54.05,31,Shipped,496,Kelly's Gift Shop,Auckland,New Zealand,1612,Peter Marsh
10361,2004-12-17,2004-12-20,S10_1678,1969 Harley Davidson Ultimate Chopper,Motorcycles,48.81,92.83,20,Shipped,282,Souveniers And Things Co.,Chatswood,Australia,1611,Andy Fixter
10361,2004-12-17,2004-12-20,S10_2016,1996 Moto Guzzi 1100i,Motorcycles,68.99,114.18,26,Shipped,282,Souveniers And Things Co.,Chatswood,Australia,1611,Andy Fixter
10361,2004-12-17,2004-12-20,S24_3420,1937 Horch 930V Limousine,Vintage Cars,26.3,62.46,34,Shipped,282,Souveniers And Things Co.,Chatswood,Australia,1611,Andy Fixter
10361,2004-12-17,2004-12-20,S24_3949,Corsair F4U ( Bird Cage),Planes,29.34,61.42,26,Shipped,282,Souveniers And Things Co.,Chatswood,Australia,1611,Andy Fixter
10361,2004-12-17,2004-12-20,S24_4278,1900s Vintage Tri-Plane,Planes,36.23,68.83,25,Shipped,282,Souveniers And Things Co.,Chatswood,Australia,1611,Andy Fixter
10361,2004-12-17,2004-12-20,S32_4289,1928 Ford Phaeton Deluxe,Vintage Cars,33.02,56.41,49,Shipped,282,Souveniers And Things Co.,Chatswood,Australia,1611,Andy Fixter
10361,2004-12-17,2004-12-20,S50_1341,1930 Buick Marquette Phaeton,Vintage Cars,27.06,35.78,33,Shipped,282,Souveniers And Things Co.,Chatswood,Australia,1611,Andy Fixter
10361,2004-12-17,2004-12-20,S700_1691,American Airlines: B767-300,Planes,51.15,88.6,20,Shipped,282,Souveniers And Things Co.,Chatswood,Australia,1611,Andy Fixter
10361,2004-12-17,2004-12-20,S700_2047,HMS Bounty,Ships,39.83,85.99,24,Shipped,282,Souveniers And Things Co.,Chatswood,Australia,1611,Andy Fixter
10361,2004-12-17,2004-12-20,S700_2466,America West Airlines B757-200,Planes,68.8,91.74,26,Shipped,282,Souveniers And Things Co.,Chatswood,Australia,1611,Andy Fixter
10361,2004-12-17,2004-12-20,S700_2834,ATA: B757-300,Planes,59.33,107.97,44,Shipped,282,Souveniers And Things Co.,Chatswood,Australia,1611,Andy Fixter
10361,2004-12-17,2004-12-20,S700_3167,F/A 18 Hornet 1/72,Planes,54.4,76.8,44,Shipped,282,Souveniers And Things Co.,Chatswood,Australia,1611,Andy Fixter
10361,2004-12-17,2004-12-20,S700_4002,American Airlines: MD-11S,Planes,36.27,62.19,35,Shipped,282,Souveniers And Things Co.,Chatswood,Australia,1611,Andy Fixter
10361,2004-12-17,2004-12-20,S72_1253,Boeing X-32A JSF,Planes,32.77,47.67,23,Shipped,282,Souveniers And Things Co.,Chatswood,Australia,1611,Andy Fixter
10362,2005-01-05,2005-01-10,S10_4698,2003 Harley-Davidson Eagle Drag Bike,Motorcycles,91.02,182.04,22,Shipped,161,Technics Stores Inc.,Burlingame,USA,1165,Leslie Jennings
10362,2005-01-05,2005-01-10,S12_2823,2002 Suzuki XREO,Motorcycles,66.27,131.04,22,Shipped,161,Technics Stores Inc.,Burlingame,USA,1165,Leslie Jennings
10362,2005-01-05,2005-01-10,S18_2625,1936 Harley Davidson El Knucklehead,Motorcycles,24.23,53.91,23,Shipped,161,Technics Stores Inc.,Burlingame,USA,1165,Leslie Jennings
10362,2005-01-05,2005-01-10,S24_1578,1997 BMW R 1100 S,Motorcycles,60.86,91.29,50,Shipped,161,Technics Stores Inc.,Burlingame,USA,1165,Leslie Jennings
10363,2005-01-06,2005-01-10,S12_1099,1968 Ford Mustang,Classic Cars,95.34,180.95,33,Shipped,334,Suominen Souveniers,Espoo,Finland,1501,Larry Bott
10363,2005-01-06,2005-01-10,S12_3380,1968 Dodge Charger,Classic Cars,75.16,106.87,34,Shipped,334,Suominen Souveniers,Espoo,Finland,1501,Larry Bott
10363,2005-01-06,2005-01-10,S12_3990,1970 Plymouth Hemi Cuda,Classic Cars,31.92,68.63,34,Shipped,334,Suominen Souveniers,Espoo,Finland,1501,Larry Bott
10363,2005-01-06,2005-01-10,S12_4675,1969 Dodge Charger,Classic Cars,58.73,103.64,46,Shipped,334,Suominen Souveniers,Espoo,Finland,1501,Larry Bott
10363,2005-01-06,2005-01-10,S18_1889,1948 Porsche 356-A Roadster,Classic Cars,53.9,61.6,22,Shipped,334,Suominen Souveniers,Espoo,Finland,1501,Larry Bott
10363,2005-01-06,2005-01-10,S18_3278,1969 Dodge Super Bee,Classic Cars,49.05,69.15,46,Shipped,334,Suominen Souveniers,Espoo,Finland,1501,Larry Bott
10363,2005-01-06,2005-01-10,S18_3482,1976 Ford Gran Torino,Classic Cars,73.49,124.94,24,Shipped,334,Suominen Souveniers,Espoo,Finland,1501,Larry Bott
10363,2005-01-06,2005-01-10,S18_3782,1957 Vespa GS150,Motorcycles,32.95,52.22,32,Shipped,334,Suominen Souveniers,Espoo,Finland,1501,Larry Bott
10363,2005-01-06,2005-01-10,S18_4721,1957 Corvette Convertible,Classic Cars,69.93,123.5,28,Shipped,334,Suominen Souveniers,Espoo,Finland,1501,Larry Bott
10363,2005-01-06,2005-01-10,S24_2000,1960 BSA Gold Star DBD34,Motorcycles,37.32,70.08,21,Shipped,334,Suominen Souveniers,Espoo,Finland,1501,Larry Bott
10363,2005-01-06,2005-01-10,S24_2360,1982 Ducati 900 Monster,Motorcycles,47.1,56.1,43,Shipped,334,Suominen Souveniers,Espoo,Finland,1501,Larry Bott
10363,2005-01-06,2005-01-10,S24_3371,1971 Alpine Renault 1600s,Classic Cars,38.58,52.05,21,Shipped,334,Suominen Souveniers,Espoo,Finland,1501,Larry Bott
10363,2005-01-06,2005-01-10,S24_3856,1956 Porsche 356A Coupe,Classic Cars,98.3,113.75,31,Shipped,334,Suominen Souveniers,Espoo,Finland,1501,Larry Bott
10363,2005-01-06,2005-01-10,S24_4620,1961 Chevrolet Impala,Classic Cars,32.33,75.99,43,Shipped,334,Suominen Souveniers,Espoo,Finland,1501,Larry Bott
10363,2005-01-06,2005-01-10,S32_1374,1997 BMW F650 ST,Motorcycles,66.92,92.9,50,Shipped,334,Suominen Souveniers,Espoo,Finland,1501,Larry Bott
10364,2005-01-06,2005-01-09,S32_2206,1982 Ducati 996 R,Motorcycles,24.14,38.22,48,Shipped,350,Marseille Mini Autos,Marseille,France,1337,Loui Bondur
10365,2005-01-07,2005-01-11,S18_1129,1993 Mazda RX-7,Classic Cars,83.51,116.06,30,Shipped,320,Mini Creations Ltd.,New Bedford,USA,1188,Julie Firrelli
10365,2005-01-07,2005-01-11,S32_4485,1974 Ducati 350 Mk3 Desmo,Motorcycles,56.13,82.66,22,Shipped,320,Mini Creations Ltd.,New Bedford,USA,1188,Julie Firrelli
10365,2005-01-07,2005-01-11,S50_4713,2002 Yamaha YZR M1,Motorcycles,34.17,68.34,44,Shipped,320,Mini Creations Ltd.,New Bedford,USA,1188,Julie Firrelli
10366,2005-01-10,2005-01-12,S18_1984,1995 Honda Civic,Classic Cars,93.89,116.65,34,Shipped,381,Royale Belge,Charleroi,Belgium,1401,Pamela Castillo
10366,2005-01-10,2005-01-12,S18_2870,1999 Indy 500 Monte Carlo SS,Classic Cars,56.76,105.6,49,Shipped,381,Royale Belge,Charleroi,Belgium,1401,Pamela Castillo
10366,2005-01-10,2005-01-12,S18_3232,1992 Ferrari 360 Spider red,Classic Cars,77.9,154.1,34,Shipped,381,Royale Belge,Charleroi,Belgium,1401,Pamela Castillo
10367,2005-01-12,2005-01-16,S18_1589,1965 Aston Martin DB5,Classic Cars,65.96,105.77,49,Resolved,205,Toys4GrownUps.com,Pasadena,USA,1166,Leslie Thompson
10367,2005-01-12,2005-01-16,S18_1749,1917 Grand Touring Sedan,Vintage Cars,86.7,144.5,37,Resolved,205,Toys4GrownUps.com,Pasadena,USA,1166,Leslie Thompson
10367,2005-01-12,2005-01-16,S18_2248,1911 Ford Town Car,Vintage Cars,33.3,50.25,45,Resolved,205,Toys4GrownUps.com,Pasadena,USA,1166,Leslie Thompson
10367,2005-01-12,2005-01-16,S18_2325,1932 Model A Ford J-Coupe,Vintage Cars,58.48,124.59,27,Resolved,205,Toys4GrownUps.com,Pasadena,USA,1166,Leslie Thompson
10367,2005-01-12,2005-01-16,S18_2795,1928 Mercedes-Benz SSK,Vintage Cars,72.56,140.06,32,Resolved,205,Toys4GrownUps.com,Pasadena,USA,1166,Leslie Thompson
10367,2005-01-12,2005-01-16,S18_3685,1948 Porsche Type 356 Roadster,Classic Cars,62.16,131.39,46,Resolved,205,Toys4GrownUps.com,Pasadena,USA,1166,Leslie Thompson
10367,2005-01-12,2005-01-16,S18_4409,1932 Alfa Romeo 8C2300 Spider Sport,Vintage Cars,43.26,77.31,43,Resolved,205,Toys4GrownUps.com,Pasadena,USA,1166,Leslie Thompson
10367,2005-01-12,2005-01-16,S18_4933,1957 Ford Thunderbird,Classic Cars,34.21,66.99,44,Resolved,205,Toys4GrownUps.com,Pasadena,USA,1166,Leslie Thompson
10367,2005-01-12,2005-01-16,S24_1046,1970 Chevy Chevelle SS 454,Classic Cars,49.24,72.76,21,Resolved,205,Toys4GrownUps.com,Pasadena,USA,1166,Leslie Thompson
10367,2005-01-12,2005-01-16,S24_1628,1966 Shelby Cobra 427 S/C,Classic Cars,29.18,50.31,38,Resolved,205,Toys4GrownUps.com,Pasadena,USA,1166,Leslie Thompson
10367,2005-01-12,2005-01-16,S24_1937,1939 Chevrolet Deluxe Coupe,Vintage Cars,22.57,29.54,23,Resolved,205,Toys4GrownUps.com,Pasadena,USA,1166,Leslie Thompson
10367,2005-01-12,2005-01-16,S24_2022,1938 Cadillac V-16 Presidential Limousine,Vintage Cars,20.61,43.01,28,Resolved,205,Toys4GrownUps.com,Pasadena,USA,1166,Leslie Thompson
10367,2005-01-12,2005-01-16,S24_2972,1982 Lamborghini Diablo,Classic Cars,16.24,36.25,36,Resolved,205,Toys4GrownUps.com,Pasadena,USA,1166,Leslie Thompson
10368,2005-01-19,2005-01-24,S24_2766,1949 Jaguar XK 120,Classic Cars,47.25,73.6,40,Shipped,124,Mini Gifts Distributors Ltd.,San Rafael,USA,1165,Leslie Jennings
10368,2005-01-19,2005-01-24,S24_2887,1952 Citroen-15CV,Classic Cars,72.82,115.09,31,Shipped,124,Mini Gifts Distributors Ltd.,San Rafael,USA,1165,Leslie Jennings
10368,2005-01-19,2005-01-24,S24_3191,1969 Chevrolet Camaro Z28,Classic Cars,50.51,83.04,46,Shipped,124,Mini Gifts Distributors Ltd.,San Rafael,USA,1165,Leslie Jennings
10368,2005-01-19,2005-01-24,S24_3432,2002 Chevy Corvette,Classic Cars,62.11,93.16,20,Shipped,124,Mini Gifts Distributors Ltd.,San Rafael,USA,1165,Leslie Jennings
10368,2005-01-19,2005-01-24,S24_3969,1936 Mercedes Benz 500k Roadster,Vintage Cars,21.75,36.52,46,Shipped,124,Mini Gifts Distributors Ltd.,San Rafael,USA,1165,Leslie Jennings
10369,2005-01-20,2005-01-24,S10_1949,1952 Alpine Renault 1300,Classic Cars,98.58,195.01,41,Shipped,379,Collectables For Less Inc.,Brickhaven,USA,1188,Julie Firrelli
10369,2005-01-20,2005-01-24,S18_1342,1937 Lincoln Berline,Vintage Cars,60.62,89.38,44,Shipped,379,Collectables For Less Inc.,Brickhaven,USA,1188,Julie Firrelli
10369,2005-01-20,2005-01-24,S18_1367,1936 Mercedes-Benz 500K Special Roadster,Vintage Cars,24.26,46.36,32,Shipped,379,Collectables For Less Inc.,Brickhaven,USA,1188,Julie Firrelli
10369,2005-01-20,2005-01-24,S18_2949,1913 Ford Model T Speedster,Vintage Cars,60.78,100.3,42,Shipped,379,Collectables For Less Inc.,Brickhaven,USA,1188,Julie Firrelli
10369,2005-01-20,2005-01-24,S18_2957,1934 Ford V8 Coupe,Vintage Cars,34.35,51.84,28,Shipped,379,Collectables For Less Inc.,Brickhaven,USA,1188,Julie Firrelli
10369,2005-01-20,2005-01-24,S18_3136,18th Century Vintage Horse Carriage,Vintage Cars,60.74,90.06,21,Shipped,379,Collectables For Less Inc.,Brickhaven,USA,1188,Julie Firrelli
10369,2005-01-20,2005-01-24,S18_3320,1917 Maxwell Touring Car,Vintage Cars,57.54,80.36,45,Shipped,379,Collectables For Less Inc.,Brickhaven,USA,1188,Julie Firrelli
10369,2005-01-20,2005-01-24,S24_4258,1936 Chrysler Airflow,Vintage Cars,57.46,93.49,40,Shipped,379,Collectables For Less Inc.,Brickhaven,USA,1188,Julie Firrelli
10370,2005-01-20,2005-01-25,S10_4962,1962 LanciaA Delta 16V,Classic Cars,103.42,128.53,35,Shipped,276,"Anna's Decorations, Ltd",North Sydney,Australia,1611,Andy Fixter
10370,2005-01-20,2005-01-25,S12_1666,1958 Setra Bus,Trucks and Buses,77.9,128.47,49,Shipped,276,"Anna's Decorations, Ltd",North Sydney,Australia,1611,Andy Fixter
10370,2005-01-20,2005-01-25,S18_1097,1940 Ford Pickup Truck,Trucks and Buses,58.33,100.34,27,Shipped,276,"Anna's Decorations, Ltd",North Sydney,Australia,1611,Andy Fixter
10370,2005-01-20,2005-01-25,S18_2319,1964 Mercedes Tour Bus,Trucks and Buses,74.86,101.87,22,Shipped,276,"Anna's Decorations, Ltd",North Sydney,Australia,1611,Andy Fixter
10370,2005-01-20,2005-01-25,S18_2432,1926 Ford Fire Engine,Trucks and Buses,24.92,60.16,22,Shipped,276,"Anna's Decorations, Ltd",North Sydney,Australia,1611,Andy Fixter
10370,2005-01-20,2005-01-25,S18_3232,1992 Ferrari 360 Spider red,Classic Cars,77.9,167.65,27,Shipped,276,"Anna's Decorations, Ltd",North Sydney,Australia,1611,Andy Fixter
10370,2005-01-20,2005-01-25,S18_4600,1940s Ford truck,Trucks and Buses,84.76,105.34,29,Shipped,276,"Anna's Decorations, Ltd",North Sydney,Australia,1611,Andy Fixter
10370,2005-01-20,2005-01-25,S18_4668,1939 Cadillac Limousine,Vintage Cars,23.14,41.76,20,Shipped,276,"Anna's Decorations, Ltd",North Sydney,Australia,1611,Andy Fixter
10370,2005-01-20,2005-01-25,S32_3522,1996 Peterbilt 379 Stake Bed with Outrigger,Trucks and Buses,33.61,63.99,25,Shipped,276,"Anna's Decorations, Ltd",North Sydney,Australia,1611,Andy Fixter
10371,2005-01-23,2005-01-25,S12_1108,2001 Ferrari Enzo,Classic Cars,95.59,178.71,32,Shipped,124,Mini Gifts Distributors Ltd.,San Rafael,USA,1165,Leslie Jennings
10371,2005-01-23,2005-01-25,S12_4473,1957 Chevy Pickup,Trucks and Buses,55.7,104.28,49,Shipped,124,Mini Gifts Distributors Ltd.,San Rafael,USA,1165,Leslie Jennings
10371,2005-01-23,2005-01-25,S18_2238,1998 Chrysler Plymouth Prowler,Classic Cars,101.51,160.46,25,Shipped,124,Mini Gifts Distributors Ltd.,San Rafael,USA,1165,Leslie Jennings
10371,2005-01-23,2005-01-25,S24_1444,1970 Dodge Coronet,Classic Cars,32.37,53.75,25,Shipped,124,Mini Gifts Distributors Ltd.,San Rafael,USA,1165,Leslie Jennings
10371,2005-01-23,2005-01-25,S24_2300,1962 Volkswagen Microbus,Trucks and Buses,61.34,126.51,20,Shipped,124,Mini Gifts Distributors Ltd.,San Rafael,USA,1165,Leslie Jennings
10371,2005-01-23,2005-01-25,S24_2840,1958 Chevy Corvette Limited Edition,Classic Cars,15.91,35.01,45,Shipped,124,Mini Gifts Distributors Ltd.,San Rafael,USA,1165,Leslie Jennings
10371,2005-01-23,2005-01-25,S24_4048,1992 Porsche Cayenne Turbo Silver,Classic Cars,69.78,95.81,28,Shipped,124,Mini Gifts Distributors Ltd.,San Rafael,USA,1165,Leslie Jennings
10371,2005-01-23,2005-01-25,S32_1268,1980’s GM Manhattan Express,Trucks and Buses,53.93,82.83,26,Shipped,124,Mini Gifts Distributors Ltd.,San Rafael,USA,1165,Leslie Jennings
10371,2005-01-23,2005-01-25,S32_2509,1954 Greyhound Scenicruiser,Trucks and Buses,25.98,44.37,20,Shipped,124,Mini Gifts Distributors Ltd.,San Rafael,USA,1165,Leslie Jennings
10371,2005-01-23,2005-01-25,S32_3207,1950's Chicago Surface Lines Streetcar,Trains,26.72,53.44,30,Shipped,124,Mini Gifts Distributors Ltd.,San Rafael,USA,1165,Leslie Jennings
10371,2005-01-23,2005-01-25,S50_1392,Diamond T620 Semi-Skirted Tanker,Trucks and Buses,68.29,97.23,48,Shipped,124,Mini Gifts Distributors Ltd.,San Rafael,USA,1165,Leslie Jennings
10371,2005-01-23,2005-01-25,S700_2824,1982 Camaro Z28,Classic Cars,46.53,83.95,34,Shipped,124,Mini Gifts Distributors Ltd.,San Rafael,USA,1165,Leslie Jennings
10372,2005-01-26,2005-01-28,S12_3148,1969 Corvair Monza,Classic Cars,89.14,146.55,40,Shipped,398,"Tokyo Collectables, Ltd",Minato-ku,Japan,1621,Mami Nishi
10372,2005-01-26,2005-01-28,S12_3891,1969 Ford Falcon,Classic Cars,83.05,140.15,34,Shipped,398,"Tokyo Collectables, Ltd",Minato-ku,Japan,1621,Mami Nishi
10372,2005-01-26,2005-01-28,S18_3140,1903 Ford Model A,Vintage Cars,68.3,131.13,28,Shipped,398,"Tokyo Collectables, Ltd",Minato-ku,Japan,1621,Mami Nishi
10372,2005-01-26,2005-01-28,S18_3259,Collectable Wooden Train,Trains,67.56,91.76,25,Shipped,398,"Tokyo Collectables, Ltd",Minato-ku,Japan,1621,Mami Nishi
10372,2005-01-26,2005-01-28,S18_4027,1970 Triumph Spitfire,Classic Cars,91.92,119.2,48,Shipped,398,"Tokyo Collectables, Ltd",Minato-ku,Japan,1621,Mami Nishi
10372,2005-01-26,2005-01-28,S18_4522,1904 Buick Runabout,Vintage Cars,52.66,78.99,41,Shipped,398,"Tokyo Collectables, Ltd",Minato-ku,Japan,1621,Mami Nishi
10372,2005-01-26,2005-01-28,S24_2011,18th century schooner,Ships,82.34,102.0,37,Shipped,398,"Tokyo Collectables, Ltd",Minato-ku,Japan,1621,Mami Nishi
10372,2005-01-26,2005-01-28,S50_1514,1962 City of Detroit Streetcar,Trains,37.49,56.82,24,Shipped,398,"Tokyo Collectables, Ltd",Minato-ku,Japan,1621,Mami Nishi
10372,2005-01-26,2005-01-28,S700_1938,The Mayflower,Ships,43.3,74.48,44,Shipped,398,"Tokyo Collectables, Ltd",Minato-ku,Japan,1621,Mami Nishi
10373,2005-01-31,2005-02-06,S10_4757,1972 Alfa Romeo GTA,Classic Cars,85.68,118.32,39,Shipped,311,"Oulu Toy Supplies, Inc.",Oulu,Finland,1501,Larry Bott
10373,2005-01-31,2005-02-06,S18_1662,1980s Black Hawk Helicopter,Planes,77.27,143.5,28,Shipped,311,"Oulu Toy Supplies, Inc.",Oulu,Finland,1501,Larry Bott
10373,2005-01-31,2005-02-06,S18_3029,1999 Yamaha Speed Boat,Ships,51.61,75.7,22,Shipped,311,"Oulu Toy Supplies, Inc.",Oulu,Finland,1501,Larry Bott
10373,2005-01-31,2005-02-06,S18_3856,1941 Chevrolet Special Deluxe Cabriolet,Vintage Cars,64.58,99.52,50,Shipped,311,"Oulu Toy Supplies, Inc.",Oulu,Finland,1501,Larry Bott
10373,2005-01-31,2005-02-06,S24_2841,1900s Vintage Bi-Plane,Planes,34.25,58.92,38,Shipped,311,"Oulu Toy Supplies, Inc.",Oulu,Finland,1501,Larry Bott
10373,2005-01-31,2005-02-06,S24_3151,1912 Ford Model T Delivery Wagon,Vintage Cars,46.91,82.31,33,Shipped,311,"Oulu Toy Supplies, Inc.",Oulu,Finland,1501,Larry Bott
10373,2005-01-31,2005-02-06,S24_3420,1937 Horch 930V Limousine,Vintage Cars,26.3,53.92,46,Shipped,311,"Oulu Toy Supplies, Inc.",Oulu,Finland,1501,Larry Bott
10373,2005-01-31,2005-02-06,S24_3816,1940 Ford Delivery Sedan,Vintage Cars,48.64,83.86,23,Shipped,311,"Oulu Toy Supplies, Inc.",Oulu,Finland,1501,Larry Bott
10373,2005-01-31,2005-02-06,S24_3949,Corsair F4U ( Bird Cage),Planes,29.34,62.1,39,Shipped,311,"Oulu Toy Supplies, Inc.",Oulu,Finland,1501,Larry Bott
10373,2005-01-31,2005-02-06,S700_1138,The Schooner Bluenose,Ships,34.0,58.0,44,Shipped,311,"Oulu Toy Supplies, Inc.",Oulu,Finland,1501,Larry Bott
10373,2005-01-31,2005-02-06,S700_2047,HMS Bounty,Ships,39.83,76.94,32,Shipped,311,"Oulu Toy Supplies, Inc.",Oulu,Finland,1501,Larry Bott
10373,2005-01-31,2005-02-06,S700_2610,The USS Constitution Ship,Ships,33.97,69.39,41,Shipped,311,"Oulu Toy Supplies, Inc.",Oulu,Finland,1501,Larry Bott
10373,2005-01-31,2005-02-06,S700_3505,The Titanic,Ships,51.09,94.16,34,Shipped,311,"Oulu Toy Supplies, Inc.",Oulu,Finland,1501,Larry Bott
10373,2005-01-31,2005-02-06,S700_3962,The Queen Mary,Ships,53.63,83.42,37,Shipped,311,"Oulu Toy Supplies, Inc.",Oulu,Finland,1501,Larry Bott
10373,2005-01-31,2005-02-06,S700_4002,American Airlines: MD-11S,Planes,36.27,68.11,45,Shipped,311,"Oulu Toy Supplies, Inc.",Oulu,Finland,1501,Larry Bott
10373,2005-01-31,2005-02-06,S72_1253,Boeing X-32A JSF,Planes,32.77,44.2,25,Shipped,311,"Oulu Toy Supplies, Inc.",Oulu,Finland,1501,Larry Bott
10373,2005-01-31,2005-02-06,S72_3212,Pont Yacht,Ships,33.3,48.05,29,Shipped,311,"Oulu Toy Supplies, Inc.",Oulu,Finland,1501,Larry Bott
10374,2005-02-02,2005-02-03,S10_2016,1996 Moto Guzzi 1100i,Motorcycles,68.99,115.37,39,Shipped,333,"Australian Gift Network, Co",South Brisbane,Australia,1611,Andy Fixter
10374,2005-02-02,2005-02-03,S10_4698,2003 Harley-Davidson Eagle Drag Bike,Motorcycles,91.02,158.8,22,Shipped,333,"Australian Gift Network, Co",South Brisbane,Australia,1611,Andy Fixter
10374,2005-02-02,2005-02-03,S18_2581,P-51-D Mustang,Planes,49.0,75.19,42,Shipped,333,"Australian Gift Network, Co",South Brisbane,Australia,1611,Andy Fixter
10374,2005-02-02,2005-02-03,S18_2625,1936 Harley Davidson El Knucklehead,Motorcycles,24.23,48.46,22,Shipped,333,"Australian Gift Network, Co",South Brisbane,Australia,1611,Andy Fixter
10374,2005-02-02,2005-02-03,S24_1578,1997 BMW R 1100 S,Motorcycles,60.86,112.7,38,Shipped,333,"Australian Gift Network, Co",South Brisbane,Australia,1611,Andy Fixter
10374,2005-02-02,2005-02-03,S24_1785,1928 British Royal Navy Airplane,Planes,66.74,107.23,46,Shipped,333,"Australian Gift Network, Co",South Brisbane,Australia,1611,Andy Fixter
10375,2005-02-03,2005-02-06,S10_1678,1969 Harley Davidson Ultimate Chopper,Motorcycles,48.81,76.56,21,Shipped,119,La Rochelle Gifts,Nantes,France,1370,Gerard Hernandez
10375,2005-02-03,2005-02-06,S12_1099,1968 Ford Mustang,Classic Cars,95.34,184.84,45,Shipped,119,La Rochelle Gifts,Nantes,France,1370,Gerard Hernandez
10375,2005-02-03,2005-02-06,S12_2823,2002 Suzuki XREO,Motorcycles,66.27,150.62,49,Shipped,119,La Rochelle Gifts,Nantes,France,1370,Gerard Hernandez
10375,2005-02-03,2005-02-06,S24_2000,1960 BSA Gold Star DBD34,Motorcycles,37.32,67.03,23,Shipped,119,La Rochelle Gifts,Nantes,France,1370,Gerard Hernandez
10375,2005-02-03,2005-02-06,S24_2360,1982 Ducati 900 Monster,Motorcycles,47.1,60.26,20,Shipped,119,La Rochelle Gifts,Nantes,France,1370,Gerard Hernandez
10375,2005-02-03,2005-02-06,S24_4278,1900s Vintage Tri-Plane,Planes,36.23,60.13,43,Shipped,119,La Rochelle Gifts,Nantes,France,1370,Gerard Hernandez
10375,2005-02-03,2005-02-06,S32_1374,1997 BMW F650 ST,Motorcycles,66.92,87.9,37,Shipped,119,La Rochelle Gifts,Nantes,France,1370,Gerard Hernandez
10375,2005-02-03,2005-02-06,S32_4289,1928 Ford Phaeton Deluxe,Vintage Cars,33.02,59.85,44,Shipped,119,La Rochelle Gifts,Nantes,France,1370,Gerard Hernandez
10375,2005-02-03,2005-02-06,S32_4485,1974 Ducati 350 Mk3 Desmo,Motorcycles,56.13,96.95,41,Shipped,119,La Rochelle Gifts,Nantes,France,1370,Gerard Hernandez
10375,2005-02-03,2005-02-06,S50_1341,1930 Buick Marquette Phaeton,Vintage Cars,27.06,36.22,49,Shipped,119,La Rochelle Gifts,Nantes,France,1370,Gerard Hernandez
10375,2005-02-03,2005-02-06,S50_4713,2002 Yamaha YZR M1,Motorcycles,34.17,69.16,49,Shipped,119,La Rochelle Gifts,Nantes,France,1370,Gerard Hernandez
10375,2005-02-03,2005-02-06,S700_1691,American Airlines: B767-300,Planes,51.15,86.77,37,Shipped,119,La Rochelle Gifts,Nantes,France,1370,Gerard Hernandez
10375,2005-02-03,2005-02-06,S700_2466,America West Airlines B757-200,Planes,68.8,94.73,33,Shipped,119,La Rochelle Gifts,Nantes,France,1370,Gerard Hernandez
10375,2005-02-03,2005-02-06,S700_2834,ATA: B757-300,Planes,59.33,98.48,25,Shipped,119,La Rochelle Gifts,Nantes,France,1370,Gerard Hernandez
10375,2005-02-03,2005-02-06,S700_3167,F/A 18 Hornet 1/72,Planes,54.4,69.6,44,Shipped,119,La Rochelle Gifts,Nantes,France,1370,Gerard Hernandez
10376,2005-02-08,2005-02-13,S12_3380,1968 Dodge Charger,Classic Cars,75.16,98.65,35,Shipped,219,Boards & Toys Co.,Glendale,USA,1166,Leslie Thompson
10377,2005-02-09,2005-02-12,S12_3990,1970 Plymouth Hemi Cuda,Classic Cars,31.92,65.44,24,Shipped,186,"Toys of Finland, Co.",Helsinki,Finland,1501,Larry Bott
10377,2005-02-09,2005-02-12,S12_4675,1969 Dodge Charger,Classic Cars,58.73,112.86,50,Shipped,186,"Toys of Finland, Co.",Helsinki,Finland,1501,Larry Bott
10377,2005-02-09,2005-02-12,S18_1129,1993 Mazda RX-7,Classic Cars,83.51,124.56,35,Shipped,186,"Toys of Finland, Co.",Helsinki,Finland,1501,Larry Bott
10377,2005-02-09,2005-02-12,S18_1889,1948 Porsche 356-A Roadster,Classic Cars,53.9,61.6,31,Shipped,186,"Toys of Finland, Co.",Helsinki,Finland,1501,Larry Bott
10377,2005-02-09,2005-02-12,S18_1984,1995 Honda Civic,Classic Cars,93.89,125.18,36,Shipped,186,"Toys of Finland, Co.",Helsinki,Finland,1501,Larry Bott
10377,2005-02-09,2005-02-12,S18_3232,1992 Ferrari 360 Spider red,Classic Cars,77.9,143.94,39,Shipped,186,"Toys of Finland, Co.",Helsinki,Finland,1501,Larry Bott
10378,2005-02-10,2005-02-11,S18_1589,1965 Aston Martin DB5,Classic Cars,65.96,121.95,34,Shipped,141,Euro+ Shopping Channel,Madrid,Spain,1370,Gerard Hernandez
10378,2005-02-10,2005-02-11,S18_3278,1969 Dodge Super Bee,Classic Cars,49.05,66.74,22,Shipped,141,Euro+ Shopping Channel,Madrid,Spain,1370,Gerard Hernandez
10378,2005-02-10,2005-02-11,S18_3482,1976 Ford Gran Torino,Classic Cars,73.49,146.99,43,Shipped,141,Euro+ Shopping Channel,Madrid,Spain,1370,Gerard Hernandez
10378,2005-02-10,2005-02-11,S18_3782,1957 Vespa GS150,Motorcycles,32.95,60.3,28,Shipped,141,Euro+ Shopping Channel,Madrid,Spain,1370,Gerard Hernandez
10378,2005-02-10,2005-02-11,S18_4721,1957 Corvette Convertible,Classic Cars,69.93,122.02,49,Shipped,141,Euro+ Shopping Channel,Madrid,Spain,1370,Gerard Hernandez
10378,2005-02-10,2005-02-11,S24_2972,1982 Lamborghini Diablo,Classic Cars,16.24,30.59,41,Shipped,141,Euro+ Shopping Channel,Madrid,Spain,1370,Gerard Hernandez
10378,2005-02-10,2005-02-11,S24_3371,1971 Alpine Renault 1600s,Classic Cars,38.58,52.66,46,Shipped,141,Euro+ Shopping Channel,Madrid,Spain,1370,Gerard Hernandez
10378,2005-02-10,2005-02-11,S24_3856,1956 Porsche 356A Coupe,Classic Cars,98.3,129.2,33,Shipped,141,Euro+ Shopping Channel,Madrid,Spain,1370,Gerard Hernandez
10378,2005-02-10,2005-02-11,S24_4620,1961 Chevrolet Impala,Classic Cars,32.33,80.84,41,Shipped,141,Euro+ Shopping Channel,Madrid,Spain,1370,Gerard Hernandez
10378,2005-02-10,2005-02-11,S32_2206,1982 Ducati 996 R,Motorcycles,24.14,35.8,40,Shipped,141,Euro+ Shopping Channel,Madrid,Spain,1370,Gerard Hernandez
10379,2005-02-10,2005-02-11,S18_1749,1917 Grand Touring Sedan,Vintage Cars,86.7,156.4,39,Shipped,141,Euro+ Shopping Channel,Madrid,Spain,1370,Gerard Hernandez
10379,2005-02-10,2005-02-11,S18_2248,1911 Ford Town Car,Vintage Cars,33.3,50.85,27,Shipped,141,Euro+ Shopping Channel,Madrid,Spain,1370,Gerard Hernandez
10379,2005-02-10,2005-02-11,S18_2870,1999 Indy 500 Monte Carlo SS,Classic Cars,56.76,113.52,29,Shipped,141,Euro+ Shopping Channel,Madrid,Spain,1370,Gerard Hernandez
10379,2005-02-10,2005-02-11,S18_3685,1948 Porsche Type 356 Roadster,Classic Cars,62.16,134.22,32,Shipped,141,Euro+ Shopping Channel,Madrid,Spain,1370,Gerard Hernandez
10379,2005-02-10,2005-02-11,S24_1628,1966 Shelby Cobra 427 S/C,Classic Cars,29.18,48.8,32,Shipped,141,Euro+ Shopping Channel,Madrid,Spain,1370,Gerard Hernandez
10380,2005-02-16,2005-02-18,S18_1342,1937 Lincoln Berline,Vintage Cars,60.62,88.36,27,Shipped,141,Euro+ Shopping Channel,Madrid,Spain,1370,Gerard Hernandez
10380,2005-02-16,2005-02-18,S18_2325,1932 Model A Ford J-Coupe,Vintage Cars,58.48,119.5,40,Shipped,141,Euro+ Shopping Channel,Madrid,Spain,1370,Gerard Hernandez
10380,2005-02-16,2005-02-18,S18_2795,1928 Mercedes-Benz SSK,Vintage Cars,72.56,156.94,21,Shipped,141,Euro+ Shopping Channel,Madrid,Spain,1370,Gerard Hernandez
10380,2005-02-16,2005-02-18,S18_4409,1932 Alfa Romeo 8C2300 Spider Sport,Vintage Cars,43.26,78.23,32,Shipped,141,Euro+ Shopping Channel,Madrid,Spain,1370,Gerard Hernandez
10380,2005-02-16,2005-02-18,S18_4933,1957 Ford Thunderbird,Classic Cars,34.21,66.99,24,Shipped,141,Euro+ Shopping Channel,Madrid,Spain,1370,Gerard Hernandez
10380,2005-02-16,2005-02-18,S24_1046,1970 Chevy Chevelle SS 454,Classic Cars,49.24,66.88,34,Shipped,141,Euro+ Shopping Channel,Madrid,Spain,1370,Gerard Hernandez
10380,2005-02-16,2005-02-18,S24_1937,1939 Chevrolet Deluxe Coupe,Vintage Cars,22.57,29.87,32,Shipped,141,Euro+ Shopping Channel,Madrid,Spain,1370,Gerard Hernandez
10380,2005-02-16,2005-02-18,S24_2022,1938 Cadillac V-16 Presidential Limousine,Vintage Cars,20.61,37.63,27,Shipped,141,Euro+ Shopping Channel,Madrid,Spain,1370,Gerard Hernandez
10380,2005-02-16,2005-02-18,S24_2766,1949 Jaguar XK 120,Classic Cars,47.25,77.24,36,Shipped,141,Euro+ Shopping Channel,Madrid,Spain,1370,Gerard Hernandez
10380,2005-02-16,2005-02-18,S24_2887,1952 Citroen-15CV,Classic Cars,72.82,111.57,44,Shipped,141,Euro+ Shopping Channel,Madrid,Spain,1370,Gerard Hernandez
10380,2005-02-16,2005-02-18,S24_3191,1969 Chevrolet Camaro Z28,Classic Cars,50.51,77.05,44,Shipped,141,Euro+ Shopping Channel,Madrid,Spain,1370,Gerard Hernandez
10380,2005-02-16,2005-02-18,S24_3432,2002 Chevy Corvette,Classic Cars,62.11,91.02,34,Shipped,141,Euro+ Shopping Channel,Madrid,Spain,1370,Gerard Hernandez
10380,2005-02-16,2005-02-18,S24_3969,1936 Mercedes Benz 500k Roadster,Vintage Cars,21.75,32.82,43,Shipped,141,Euro+ Shopping Channel,Madrid,Spain,1370,Gerard Hernandez
10381,2005-02-17,2005-02-18,S10_1949,1952 Alpine Renault 1300,Classic Cars,98.58,182.16,36,Shipped,321,Corporate Gift Ideas Co.,San Francisco,USA,1165,Leslie Jennings
10381,2005-02-17,2005-02-18,S10_4962,1962 LanciaA Delta 16V,Classic Cars,103.42,138.88,37,Shipped,321,Corporate Gift Ideas Co.,San Francisco,USA,1165,Leslie Jennings
10381,2005-02-17,2005-02-18,S12_1666,1958 Setra Bus,Trucks and Buses,77.9,132.57,20,Shipped,321,Corporate Gift Ideas Co.,San Francisco,USA,1165,Leslie Jennings
10381,2005-02-17,2005-02-18,S18_1097,1940 Ford Pickup Truck,Trucks and Buses,58.33,114.34,48,Shipped,321,Corporate Gift Ideas Co.,San Francisco,USA,1165,Leslie Jennings
10381,2005-02-17,2005-02-18,S18_1367,1936 Mercedes-Benz 500K Special Roadster,Vintage Cars,24.26,49.6,25,Shipped,321,Corporate Gift Ideas Co.,San Francisco,USA,1165,Leslie Jennings
10381,2005-02-17,2005-02-18,S18_2432,1926 Ford Fire Engine,Trucks and Buses,24.92,60.77,35,Shipped,321,Corporate Gift Ideas Co.,San Francisco,USA,1165,Leslie Jennings
10381,2005-02-17,2005-02-18,S18_2949,1913 Ford Model T Speedster,Vintage Cars,60.78,100.3,41,Shipped,321,Corporate Gift Ideas Co.,San Francisco,USA,1165,Leslie Jennings
10381,2005-02-17,2005-02-18,S18_2957,1934 Ford V8 Coupe,Vintage Cars,34.35,51.22,40,Shipped,321,Corporate Gift Ideas Co.,San Francisco,USA,1165,Leslie Jennings
10381,2005-02-17,2005-02-18,S18_3136,18th Century Vintage Horse Carriage,Vintage Cars,60.74,93.2,35,Shipped,321,Corporate Gift Ideas Co.,San Francisco,USA,1165,Leslie Jennings
10382,2005-02-17,2005-02-18,S12_1108,2001 Ferrari Enzo,Classic Cars,95.59,166.24,34,Shipped,124,Mini Gifts Distributors Ltd.,San Rafael,USA,1165,Leslie Jennings
10382,2005-02-17,2005-02-18,S12_3148,1969 Corvair Monza,Classic Cars,89.14,145.04,37,Shipped,124,Mini Gifts Distributors Ltd.,San Rafael,USA,1165,Leslie Jennings
10382,2005-02-17,2005-02-18,S12_3891,1969 Ford Falcon,Classic Cars,83.05,143.61,34,Shipped,124,Mini Gifts Distributors Ltd.,San Rafael,USA,1165,Leslie Jennings
10382,2005-02-17,2005-02-18,S12_4473,1957 Chevy Pickup,Trucks and Buses,55.7,103.1,32,Shipped,124,Mini Gifts Distributors Ltd.,San Rafael,USA,1165,Leslie Jennings
10382,2005-02-17,2005-02-18,S18_2238,1998 Chrysler Plymouth Prowler,Classic Cars,101.51,160.46,25,Shipped,124,Mini Gifts Distributors Ltd.,San Rafael,USA,1165,Leslie Jennings
10382,2005-02-17,2005-02-18,S18_3320,1917 Maxwell Touring Car,Vintage Cars,57.54,84.33,50,Shipped,124,Mini Gifts Distributors Ltd.,San Rafael,USA,1165,Leslie Jennings
10382,2005-02-17,2005-02-18,S18_4600,1940s Ford truck,Trucks and Buses,84.76,115.03,39,Shipped,124,Mini Gifts Distributors Ltd.,San Rafael,USA,1165,Leslie Jennings
10382,2005-02-17,2005-02-18,S18_4668,1939 Cadillac Limousine,Vintage Cars,23.14,46.29,39,Shipped,124,Mini Gifts Distributors Ltd.,San Rafael,USA,1165,Leslie Jennings
10382,2005-02-17,2005-02-18,S24_2300,1962 Volkswagen Microbus,Trucks and Buses,61.34,120.12,20,Shipped,124,Mini Gifts Distributors Ltd.,San Rafael,USA,1165,Leslie Jennings
10382,2005-02-17,2005-02-18,S24_4258,1936 Chrysler Airflow,Vintage Cars,57.46,97.39,33,Shipped,124,Mini Gifts Distributors Ltd.,San Rafael,USA,1165,Leslie Jennings
10382,2005-02-17,2005-02-18,S32_1268,1980’s GM Manhattan Express,Trucks and Buses,53.93,85.72,26,Shipped,124,Mini Gifts Distributors Ltd.,San Rafael,USA,1165,Leslie Jennings
10382,2005-02-17,2005-02-18,S32_3522,1996 Peterbilt 379 Stake Bed with Outrigger,Trucks and Buses,33.61,57.53,48,Shipped,124,Mini Gifts Distributors Ltd.,San Rafael,USA,1165,Leslie Jennings
10382,2005-02-17,2005-02-18,S700_2824,1982 Camaro Z28,Classic Cars,46.53,101.15,34,Shipped,124,Mini Gifts Distributors Ltd.,San Rafael,USA,1165,Leslie Jennings
10383,2005-02-22,2005-02-25,S18_2319,1964 Mercedes Tour Bus,Trucks and Buses,74.86,119.05,27,Shipped,141,Euro+ Shopping Channel,Madrid,Spain,1370,Gerard Hernandez
10383,2005-02-22,2005-02-25,S18_3140,1903 Ford Model A,Vintage Cars,68.3,125.66,24,Shipped,141,Euro+ Shopping Channel,Madrid,Spain,1370,Gerard Hernandez
10383,2005-02-22,2005-02-25,S18_3232,1992 Ferrari 360 Spider red,Classic Cars,77.9,155.79,47,Shipped,141,Euro+ Shopping Channel,Madrid,Spain,1370,Gerard Hernandez
10383,2005-02-22,2005-02-25,S18_3259,Collectable Wooden Train,Trains,67.56,83.7,26,Shipped,141,Euro+ Shopping Channel,Madrid,Spain,1370,Gerard Hernandez
10383,2005-02-22,2005-02-25,S18_4027,1970 Triumph Spitfire,Classic Cars,91.92,137.88,38,Shipped,141,Euro+ Shopping Channel,Madrid,Spain,1370,Gerard Hernandez
10383,2005-02-22,2005-02-25,S18_4522,1904 Buick Runabout,Vintage Cars,52.66,77.24,28,Shipped,141,Euro+ Shopping Channel,Madrid,Spain,1370,Gerard Hernandez
10383,2005-02-22,2005-02-25,S24_1444,1970 Dodge Coronet,Classic Cars,32.37,52.6,22,Shipped,141,Euro+ Shopping Channel,Madrid,Spain,1370,Gerard Hernandez
10383,2005-02-22,2005-02-25,S24_2840,1958 Chevy Corvette Limited Edition,Classic Cars,15.91,33.24,40,Shipped,141,Euro+ Shopping Channel,Madrid,Spain,1370,Gerard Hernandez
10383,2005-02-22,2005-02-25,S24_4048,1992 Porsche Cayenne Turbo Silver,Classic Cars,69.78,117.1,21,Shipped,141,Euro+ Shopping Channel,Madrid,Spain,1370,Gerard Hernandez
10383,2005-02-22,2005-02-25,S32_2509,1954 Greyhound Scenicruiser,Trucks and Buses,25.98,53.57,32,Shipped,141,Euro+ Shopping Channel,Madrid,Spain,1370,Gerard Hernandez
10383,2005-02-22,2005-02-25,S32_3207,1950's Chicago Surface Lines Streetcar,Trains,26.72,55.93,44,Shipped,141,Euro+ Shopping Channel,Madrid,Spain,1370,Gerard Hernandez
10383,2005-02-22,2005-02-25,S50_1392,Diamond T620 Semi-Skirted Tanker,Trucks and Buses,68.29,94.92,29,Shipped,141,Euro+ Shopping Channel,Madrid,Spain,1370,Gerard Hernandez
10383,2005-02-22,2005-02-25,S50_1514,1962 City of Detroit Streetcar,Trains,37.49,48.62,38,Shipped,141,Euro+ Shopping Channel,Madrid,Spain,1370,Gerard Hernandez
10384,2005-02-23,2005-02-27,S10_4757,1972 Alfa Romeo GTA,Classic Cars,85.68,129.2,34,Shipped,321,Corporate Gift Ideas Co.,San Francisco,USA,1165,Leslie Jennings
10384,2005-02-23,2005-02-27,S24_2011,18th century schooner,Ships,82.34,114.29,28,Shipped,321,Corporate Gift Ideas Co.,San Francisco,USA,1165,Leslie Jennings
10384,2005-02-23,2005-02-27,S24_3151,1912 Ford Model T Delivery Wagon,Vintage Cars,46.91,71.69,43,Shipped,321,Corporate Gift Ideas Co.,San Francisco,USA,1165,Leslie Jennings
10384,2005-02-23,2005-02-27,S700_1938,The Mayflower,Ships,43.3,71.02,49,Shipped,321,Corporate Gift Ideas Co.,San Francisco,USA,1165,Leslie Jennings
10385,2005-02-28,2005-03-01,S24_3816,1940 Ford Delivery Sedan,Vintage Cars,48.64,78.83,37,Shipped,124,Mini Gifts Distributors Ltd.,San Rafael,USA,1165,Leslie Jennings
10385,2005-02-28,2005-03-01,S700_1138,The Schooner Bluenose,Ships,34.0,62.0,25,Shipped,124,Mini Gifts Distributors Ltd.,San Rafael,USA,1165,Leslie Jennings
10386,2005-03-01,2005-03-06,S18_1662,1980s Black Hawk Helicopter,Planes,77.27,130.88,25,Resolved,141,Euro+ Shopping Channel,Madrid,Spain,1370,Gerard Hernandez
10386,2005-03-01,2005-03-06,S18_2581,P-51-D Mustang,Planes,49.0,72.65,21,Resolved,141,Euro+ Shopping Channel,Madrid,Spain,1370,Gerard Hernandez
10386,2005-03-01,2005-03-06,S18_3029,1999 Yamaha Speed Boat,Ships,51.61,73.12,37,Resolved,141,Euro+ Shopping Channel,Madrid,Spain,1370,Gerard Hernandez
10386,2005-03-01,2005-03-06,S18_3856,1941 Chevrolet Special Deluxe Cabriolet,Vintage Cars,64.58,100.58,22,Resolved,141,Euro+ Shopping Channel,Madrid,Spain,1370,Gerard Hernandez
10386,2005-03-01,2005-03-06,S24_1785,1928 British Royal Navy Airplane,Planes,66.74,101.76,33,Resolved,141,Euro+ Shopping Channel,Madrid,Spain,1370,Gerard Hernandez
10386,2005-03-01,2005-03-06,S24_2841,1900s Vintage Bi-Plane,Planes,34.25,56.86,39,Resolved,141,Euro+ Shopping Channel,Madrid,Spain,1370,Gerard Hernandez
10386,2005-03-01,2005-03-06,S24_3420,1937 Horch 930V Limousine,Vintage Cars,26.3,54.57,35,Resolved,141,Euro+ Shopping Channel,Madrid,Spain,1370,Gerard Hernandez
10386,2005-03-01,2005-03-06,S24_3949,Corsair F4U ( Bird Cage),Planes,29.34,55.96,41,Resolved,141,Euro+ Shopping Channel,Madrid,Spain,1370,Gerard Hernandez
10386,2005-03-01,2005-03-06,S24_4278,1900s Vintage Tri-Plane,Planes,36.23,71.73,50,Resolved,141,Euro+ Shopping Channel,Madrid,Spain,1370,Gerard Hernandez
10386,2005-03-01,2005-03-06,S700_2047,HMS Bounty,Ships,39.83,85.09,29,Resolved,141,Euro+ Shopping Channel,Madrid,Spain,1370,Gerard Hernandez
10386,2005-03-01,2005-03-06,S700_2466,America West Airlines B757-200,Planes,68.8,90.75,37,Resolved,141,Euro+ Shopping Channel,Madrid,Spain,1370,Gerard Hernandez
10386,2005-03-01,2005-03-06,S700_2610,The USS Constitution Ship,Ships,33.97,67.22,37,Resolved,141,Euro+ Shopping Channel,Madrid,Spain,1370,Gerard Hernandez
10386,2005-03-01,2005-03-06,S700_3167,F/A 18 Hornet 1/72,Planes,54.4,68.0,32,Resolved,141,Euro+ Shopping Channel,Madrid,Spain,1370,Gerard Hernandez
10386,2005-03-01,2005-03-06,S700_3505,The Titanic,Ships,51.09,83.14,45,Resolved,141,Euro+ Shopping Channel,Madrid,Spain,1370,Gerard Hernandez
10386,2005-03-01,2005-03-06,S700_3962,The Queen Mary,Ships,53.63,80.44,30,Resolved,141,Euro+ Shopping Channel,Madrid,Spain,1370,Gerard Hernandez
10386,2005-03-01,2005-03-06,S700_4002,American Airlines: MD-11S,Planes,36.27,59.22,44,Resolved,141,Euro+ Shopping Channel,Madrid,Spain,1370,Gerard Hernandez
10386,2005-03-01,2005-03-06,S72_1253,Boeing X-32A JSF,Planes,32.77,47.67,50,Resolved,141,Euro+ Shopping Channel,Madrid,Spain,1370,Gerard Hernandez
10386,2005-03-01,2005-03-06,S72_3212,Pont Yacht,Ships,33.3,52.42,43,Resolved,141,Euro+ Shopping Channel,Madrid,Spain,1370,Gerard Hernandez
10387,2005-03-02,2005-03-06,S32_1374,1997 BMW F650 ST,Motorcycles,66.92,79.91,44,Shipped,148,"Dragon Souveniers, Ltd.",Singapore,Singapore,1621,Mami Nishi
10388,2005-03-03,2005-03-09,S10_1678,1969 Harley Davidson Ultimate Chopper,Motorcycles,48.81,80.39,42,Shipped,462,FunGiftIdeas.com,New Bedford,USA,1216,Steve Patterson
10388,2005-03-03,2005-03-09,S10_2016,1996 Moto Guzzi 1100i,Motorcycles,68.99,118.94,50,Shipped,462,FunGiftIdeas.com,New Bedford,USA,1216,Steve Patterson
10388,2005-03-03,2005-03-09,S10_4698,2003 Harley-Davidson Eagle Drag Bike,Motorcycles,91.02,156.86,21,Shipped,462,FunGiftIdeas.com,New Bedford,USA,1216,Steve Patterson
10388,2005-03-03,2005-03-09,S12_2823,2002 Suzuki XREO,Motorcycles,66.27,125.01,44,Shipped,462,FunGiftIdeas.com,New Bedford,USA,1216,Steve Patterson
10388,2005-03-03,2005-03-09,S32_4289,1928 Ford Phaeton Deluxe,Vintage Cars,33.02,58.47,35,Shipped,462,FunGiftIdeas.com,New Bedford,USA,1216,Steve Patterson
10388,2005-03-03,2005-03-09,S50_1341,1930 Buick Marquette Phaeton,Vintage Cars,27.06,41.02,27,Shipped,462,FunGiftIdeas.com,New Bedford,USA,1216,Steve Patterson
10388,2005-03-03,2005-03-09,S700_1691,American Airlines: B767-300,Planes,51.15,74.9,46,Shipped,462,FunGiftIdeas.com,New Bedford,USA,1216,Steve Patterson
10388,2005-03-03,2005-03-09,S700_2834,ATA: B757-300,Planes,59.33,111.53,50,Shipped,462,FunGiftIdeas.com,New Bedford,USA,1216,Steve Patterson
10389,2005-03-03,2005-03-08,S12_1099,1968 Ford Mustang,Classic Cars,95.34,182.9,26,Shipped,448,Scandinavian Gift Ideas,Bräcke,Sweden,1504,Barry Jones
10389,2005-03-03,2005-03-08,S12_3380,1968 Dodge Charger,Classic Cars,75.16,95.13,25,Shipped,448,Scandinavian Gift Ideas,Bräcke,Sweden,1504,Barry Jones
10389,2005-03-03,2005-03-08,S12_3990,1970 Plymouth Hemi Cuda,Classic Cars,31.92,76.61,36,Shipped,448,Scandinavian Gift Ideas,Bräcke,Sweden,1504,Barry Jones
10389,2005-03-03,2005-03-08,S12_4675,1969 Dodge Charger,Classic Cars,58.73,102.49,47,Shipped,448,Scandinavian Gift Ideas,Bräcke,Sweden,1504,Barry Jones
10389,2005-03-03,2005-03-08,S18_1889,1948 Porsche 356-A Roadster,Classic Cars,53.9,63.91,49,Shipped,448,Scandinavian Gift Ideas,Bräcke,Sweden,1504,Barry Jones
10389,2005-03-03,2005-03-08,S18_2625,1936 Harley Davidson El Knucklehead,Motorcycles,24.23,52.09,39,Shipped,448,Scandinavian Gift Ideas,Bräcke,Sweden,1504,Barry Jones
10389,2005-03-03,2005-03-08,S24_1578,1997 BMW R 1100 S,Motorcycles,60.86,112.7,45,Shipped,448,Scandinavian Gift Ideas,Bräcke,Sweden,1504,Barry Jones
10389,2005-03-03,2005-03-08,S24_2000,1960 BSA Gold Star DBD34,Motorcycles,37.32,61.7,49,Shipped,448,Scandinavian Gift Ideas,Bräcke,Sweden,1504,Barry Jones
10390,2005-03-04,2005-03-07,S18_1129,1993 Mazda RX-7,Classic Cars,83.51,117.48,36,Shipped,124,Mini Gifts Distributors Ltd.,San Rafael,USA,1165,Leslie Jennings
10390,2005-03-04,2005-03-07,S18_1984,1995 Honda Civic,Classic Cars,93.89,132.29,34,Shipped,124,Mini Gifts Distributors Ltd.,San Rafael,USA,1165,Leslie Jennings
10390,2005-03-04,2005-03-07,S18_2325,1932 Model A Ford J-Coupe,Vintage Cars,58.48,102.98,31,Shipped,124,Mini Gifts Distributors Ltd.,San Rafael,USA,1165,Leslie Jennings
10390,2005-03-04,2005-03-07,S18_2795,1928 Mercedes-Benz SSK,Vintage Cars,72.56,162.0,26,Shipped,124,Mini Gifts Distributors Ltd.,San Rafael,USA,1165,Leslie Jennings
10390,2005-03-04,2005-03-07,S18_3278,1969 Dodge Super Bee,Classic Cars,49.05,75.59,40,Shipped,124,Mini Gifts Distributors Ltd.,San Rafael,USA,1165,Leslie Jennings
10390,2005-03-04,2005-03-07,S18_3482,1976 Ford Gran Torino,Classic Cars,73.49,135.23,50,Shipped,124,Mini Gifts Distributors Ltd.,San Rafael,USA,1165,Leslie Jennings
10390,2005-03-04,2005-03-07,S18_3782,1957 Vespa GS150,Motorcycles,32.95,54.09,36,Shipped,124,Mini Gifts Distributors Ltd.,San Rafael,USA,1165,Leslie Jennings
10390,2005-03-04,2005-03-07,S18_4721,1957 Corvette Convertible,Classic Cars,69.93,122.02,49,Shipped,124,Mini Gifts Distributors Ltd.,San Rafael,USA,1165,Leslie Jennings
10390,2005-03-04,2005-03-07,S24_2360,1982 Ducati 900 Monster,Motorcycles,47.1,67.87,35,Shipped,124,Mini Gifts Distributors Ltd.,San Rafael,USA,1165,Leslie Jennings
10390,2005-03-04,2005-03-07,S24_2972,1982 Lamborghini Diablo,Classic Cars,16.24,35.87,37,Shipped,124,Mini Gifts Distributors Ltd.,San Rafael,USA,1165,Leslie Jennings
10390,2005-03-04,2005-03-07,S24_3371,1971 Alpine Renault 1600s,Classic Cars,38.58,51.43,46,Shipped,124,Mini Gifts Distributors Ltd.,San Rafael,USA,1165,Leslie Jennings
10390,2005-03-04,2005-03-07,S24_3856,1956 Porsche 356A Coupe,Classic Cars,98.3,134.81,45,Shipped,124,Mini Gifts Distributors Ltd.,San Rafael,USA,1165,Leslie Jennings
10390,2005-03-04,2005-03-07,S24_4620,1961 Chevrolet Impala,Classic Cars,32.33,66.29,30,Shipped,124,Mini Gifts Distributors Ltd.,San Rafael,USA,1165,Leslie Jennings
10390,2005-03-04,2005-03-07,S32_2206,1982 Ducati 996 R,Motorcycles,24.14,39.02,41,Shipped,124,Mini Gifts Distributors Ltd.,San Rafael,USA,1165,Leslie Jennings
10390,2005-03-04,2005-03-07,S32_4485,1974 Ducati 350 Mk3 Desmo,Motorcycles,56.13,101.03,45,Shipped,124,Mini Gifts Distributors Ltd.,San Rafael,USA,1165,Leslie Jennings
10390,2005-03-04,2005-03-07,S50_4713,2002 Yamaha YZR M1,Motorcycles,34.17,81.36,22,Shipped,124,Mini Gifts Distributors Ltd.,San Rafael,USA,1165,Leslie Jennings
10391,2005-03-09,2005-03-15,S10_1949,1952 Alpine Renault 1300,Classic Cars,98.58,195.01,24,Shipped,276,"Anna's Decorations, Ltd",North Sydney,Australia,1611,Andy Fixter
10391,2005-03-09,2005-03-15,S10_4962,1962 LanciaA Delta 16V,Classic Cars,103.42,121.15,37,Shipped,276,"Anna's Decorations, Ltd",North Sydney,Australia,1611,Andy Fixter
10391,2005-03-09,2005-03-15,S12_1666,1958 Setra Bus,Trucks and Buses,77.9,110.7,39,Shipped,276,"Anna's Decorations, Ltd",North Sydney,Australia,1611,Andy Fixter
10391,2005-03-09,2005-03-15,S18_1097,1940 Ford Pickup Truck,Trucks and Buses,58.33,114.34,29,Shipped,276,"Anna's Decorations, Ltd",North Sydney,Australia,1611,Andy Fixter
10391,2005-03-09,2005-03-15,S18_1342,1937 Lincoln Berline,Vintage Cars,60.62,102.74,35,Shipped,276,"Anna's Decorations, Ltd",North Sydney,Australia,1611,Andy Fixter
10391,2005-03-09,2005-03-15,S18_1367,1936 Mercedes-Benz 500K Special Roadster,Vintage Cars,24.26,47.44,42,Shipped,276,"Anna's Decorations, Ltd",North Sydney,Australia,1611,Andy Fixter
10391,2005-03-09,2005-03-15,S18_2432,1926 Ford Fire Engine,Trucks and Buses,24.92,57.73,44,Shipped,276,"Anna's Decorations, Ltd",North Sydney,Australia,1611,Andy Fixter
10391,2005-03-09,2005-03-15,S18_2949,1913 Ford Model T Speedster,Vintage Cars,60.78,99.28,32,Shipped,276,"Anna's Decorations, Ltd",North Sydney,Australia,1611,Andy Fixter
10391,2005-03-09,2005-03-15,S24_1937,1939 Chevrolet Deluxe Coupe,Vintage Cars,22.57,26.55,33,Shipped,276,"Anna's Decorations, Ltd",North Sydney,Australia,1611,Andy Fixter
10391,2005-03-09,2005-03-15,S24_2022,1938 Cadillac V-16 Presidential Limousine,Vintage Cars,20.61,36.29,24,Shipped,276,"Anna's Decorations, Ltd",North Sydney,Australia,1611,Andy Fixter
10392,2005-03-10,2005-03-12,S18_2957,1934 Ford V8 Coupe,Vintage Cars,34.35,61.21,37,Shipped,452,Mini Auto Werke,Graz,Austria,1401,Pamela Castillo
10392,2005-03-10,2005-03-12,S18_3136,18th Century Vintage Horse Carriage,Vintage Cars,60.74,103.67,29,Shipped,452,Mini Auto Werke,Graz,Austria,1401,Pamela Castillo
10392,2005-03-10,2005-03-12,S18_3320,1917 Maxwell Touring Car,Vintage Cars,57.54,98.22,36,Shipped,452,Mini Auto Werke,Graz,Austria,1401,Pamela Castillo
10393,2005-03-11,2005-03-14,S12_3148,1969 Corvair Monza,Classic Cars,89.14,145.04,35,Shipped,323,"Down Under Souveniers, Inc",Auckland,New Zealand,1612,Peter Marsh
10393,2005-03-11,2005-03-14,S12_4473,1957 Chevy Pickup,Trucks and Buses,55.7,99.54,32,Shipped,323,"Down Under Souveniers, Inc",Auckland,New Zealand,1612,Peter Marsh
10393,2005-03-11,2005-03-14,S18_2238,1998 Chrysler Plymouth Prowler,Classic Cars,101.51,137.53,20,Shipped,323,"Down Under Souveniers, Inc",Auckland,New Zealand,1612,Peter Marsh
10393,2005-03-11,2005-03-14,S18_2319,1964 Mercedes Tour Bus,Trucks and Buses,74.86,104.32,38,Shipped,323,"Down Under Souveniers, Inc",Auckland,New Zealand,1612,Peter Marsh
10393,2005-03-11,2005-03-14,S18_4600,1940s Ford truck,Trucks and Buses,84.76,106.55,30,Shipped,323,"Down Under Souveniers, Inc",Auckland,New Zealand,1612,Peter Marsh
10393,2005-03-11,2005-03-14,S18_4668,1939 Cadillac Limousine,Vintage Cars,23.14,41.76,44,Shipped,323,"Down Under Souveniers, Inc",Auckland,New Zealand,1612,Peter Marsh
10393,2005-03-11,2005-03-14,S24_2300,1962 Volkswagen Microbus,Trucks and Buses,61.34,112.46,33,Shipped,323,"Down Under Souveniers, Inc",Auckland,New Zealand,1612,Peter Marsh
10393,2005-03-11,2005-03-14,S24_4258,1936 Chrysler Airflow,Vintage Cars,57.46,88.62,33,Shipped,323,"Down Under Souveniers, Inc",Auckland,New Zealand,1612,Peter Marsh
10393,2005-03-11,2005-03-14,S32_1268,1980’s GM Manhattan Express,Trucks and Buses,53.93,84.75,38,Shipped,323,"Down Under Souveniers, Inc",Auckland,New Zealand,1612,Peter Marsh
10393,2005-03-11,2005-03-14,S32_3522,1996 Peterbilt 379 Stake Bed with Outrigger,Trucks and Buses,33.61,63.35,31,Shipped,323,"Down Under Souveniers, Inc",Auckland,New Zealand,1612,Peter Marsh
10393,2005-03-11,2005-03-14,S700_2824,1982 Camaro Z28,Classic Cars,46.53,83.95,21,Shipped,323,"Down Under Souveniers, Inc",Auckland,New Zealand,1612,Peter Marsh
10394,2005-03-15,2005-03-19,S18_3232,1992 Ferrari 360 Spider red,Classic Cars,77.9,135.47,22,Shipped,141,Euro+ Shopping Channel,Madrid,Spain,1370,Gerard Hernandez
10394,2005-03-15,2005-03-19,S18_4027,1970 Triumph Spitfire,Classic Cars,91.92,124.95,37,Shipped,141,Euro+ Shopping Channel,Madrid,Spain,1370,Gerard Hernandez
10394,2005-03-15,2005-03-19,S24_1444,1970 Dodge Coronet,Classic Cars,32.37,53.18,31,Shipped,141,Euro+ Shopping Channel,Madrid,Spain,1370,Gerard Hernandez
10394,2005-03-15,2005-03-19,S24_2840,1958 Chevy Corvette Limited Edition,Classic Cars,15.91,35.36,46,Shipped,141,Euro+ Shopping Channel,Madrid,Spain,1370,Gerard Hernandez
10394,2005-03-15,2005-03-19,S24_4048,1992 Porsche Cayenne Turbo Silver,Classic Cars,69.78,104.09,37,Shipped,141,Euro+ Shopping Channel,Madrid,Spain,1370,Gerard Hernandez
10394,2005-03-15,2005-03-19,S32_2509,1954 Greyhound Scenicruiser,Trucks and Buses,25.98,47.08,36,Shipped,141,Euro+ Shopping Channel,Madrid,Spain,1370,Gerard Hernandez
10394,2005-03-15,2005-03-19,S32_3207,1950's Chicago Surface Lines Streetcar,Trains,26.72,55.93,30,Shipped,141,Euro+ Shopping Channel,Madrid,Spain,1370,Gerard Hernandez
10395,2005-03-17,2005-03-23,S10_4757,1972 Alfa Romeo GTA,Classic Cars,85.68,125.12,32,Shipped,250,Lyon Souveniers,Paris,France,1337,Loui Bondur
10395,2005-03-17,2005-03-23,S12_1108,2001 Ferrari Enzo,Classic Cars,95.59,205.72,33,Shipped,250,Lyon Souveniers,Paris,France,1337,Loui Bondur
10395,2005-03-17,2005-03-23,S50_1392,Diamond T620 Semi-Skirted Tanker,Trucks and Buses,68.29,98.39,46,Shipped,250,Lyon Souveniers,Paris,France,1337,Loui Bondur
10395,2005-03-17,2005-03-23,S50_1514,1962 City of Detroit Streetcar,Trains,37.49,57.99,45,Shipped,250,Lyon Souveniers,Paris,France,1337,Loui Bondur
10396,2005-03-23,2005-03-28,S12_3891,1969 Ford Falcon,Classic Cars,83.05,155.72,33,Shipped,124,Mini Gifts Distributors Ltd.,San Rafael,USA,1165,Leslie Jennings
10396,2005-03-23,2005-03-28,S18_3140,1903 Ford Model A,Vintage Cars,68.3,129.76,33,Shipped,124,Mini Gifts Distributors Ltd.,San Rafael,USA,1165,Leslie Jennings
10396,2005-03-23,2005-03-28,S18_3259,Collectable Wooden Train,Trains,67.56,91.76,24,Shipped,124,Mini Gifts Distributors Ltd.,San Rafael,USA,1165,Leslie Jennings
10396,2005-03-23,2005-03-28,S18_4522,1904 Buick Runabout,Vintage Cars,52.66,83.38,45,Shipped,124,Mini Gifts Distributors Ltd.,San Rafael,USA,1165,Leslie Jennings
10396,2005-03-23,2005-03-28,S24_2011,18th century schooner,Ships,82.34,100.77,49,Shipped,124,Mini Gifts Distributors Ltd.,San Rafael,USA,1165,Leslie Jennings
10396,2005-03-23,2005-03-28,S24_3151,1912 Ford Model T Delivery Wagon,Vintage Cars,46.91,77.0,27,Shipped,124,Mini Gifts Distributors Ltd.,San Rafael,USA,1165,Leslie Jennings
10396,2005-03-23,2005-03-28,S24_3816,1940 Ford Delivery Sedan,Vintage Cars,48.64,77.99,37,Shipped,124,Mini Gifts Distributors Ltd.,San Rafael,USA,1165,Leslie Jennings
10396,2005-03-23,2005-03-28,S700_1138,The Schooner Bluenose,Ships,34.0,62.0,39,Shipped,124,Mini Gifts Distributors Ltd.,San Rafael,USA,1165,Leslie Jennings
10397,2005-03-28,2005-04-01,S700_1938,The Mayflower,Ships,43.3,69.29,32,Shipped,242,Alpha Cognac,Toulouse,France,1370,Gerard Hernandez
10397,2005-03-28,2005-04-01,S700_2610,The USS Constitution Ship,Ships,33.97,62.88,22,Shipped,242,Alpha Cognac,Toulouse,France,1370,Gerard Hernandez
10397,2005-03-28,2005-04-01,S700_3505,The Titanic,Ships,51.09,86.15,48,Shipped,242,Alpha Cognac,Toulouse,France,1370,Gerard Hernandez
10397,2005-03-28,2005-04-01,S700_3962,The Queen Mary,Ships,53.63,80.44,36,Shipped,242,Alpha Cognac,Toulouse,France,1370,Gerard Hernandez
10397,2005-03-28,2005-04-01,S72_3212,Pont Yacht,Ships,33.3,52.96,34,Shipped,242,Alpha Cognac,Toulouse,France,1370,Gerard Hernandez
10398,2005-03-30,2005-03-31,S18_1662,1980s Black Hawk Helicopter,Planes,77.27,130.88,33,Shipped,353,Reims Collectables,Reims,France,1337,Loui Bondur
10398,2005-03-30,2005-03-31,S18_2581,P-51-D Mustang,Planes,49.0,82.79,34,Shipped,353,Reims Collectables,Reims,France,1337,Loui Bondur
10398,2005-03-30,2005-03-31,S18_3029,1999 Yamaha Speed Boat,Ships,51.61,70.54,28,Shipped,353,Reims Collectables,Reims,France,1337,Loui Bondur
10398,2005-03-30,2005-03-31,S18_3856,1941 Chevrolet Special Deluxe Cabriolet,Vintage Cars,64.58,92.11,45,Shipped,353,Reims Collectables,Reims,France,1337,Loui Bondur
10398,2005-03-30,2005-03-31,S24_1785,1928 British Royal Navy Airplane,Planes,66.74,100.67,43,Shipped,353,Reims Collectables,Reims,France,1337,Loui Bondur
10398,2005-03-30,2005-03-31,S24_2841,1900s Vintage Bi-Plane,Planes,34.25,60.29,28,Shipped,353,Reims Collectables,Reims,France,1337,Loui Bondur
10398,2005-03-30,2005-03-31,S24_3420,1937 Horch 930V Limousine,Vintage Cars,26.3,61.15,34,Shipped,353,Reims Collectables,Reims,France,1337,Loui Bondur
10398,2005-03-30,2005-03-31,S24_3949,Corsair F4U ( Bird Cage),Planes,29.34,56.64,41,Shipped,353,Reims Collectables,Reims,France,1337,Loui Bondur
10398,2005-03-30,2005-03-31,S24_4278,1900s Vintage Tri-Plane,Planes,36.23,65.93,45,Shipped,353,Reims Collectables,Reims,France,1337,Loui Bondur
10398,2005-03-30,2005-03-31,S32_4289,1928 Ford Phaeton Deluxe,Vintage Cars,33.02,60.54,22,Shipped,353,Reims Collectables,Reims,France,1337,Loui Bondur
10398,2005-03-30,2005-03-31,S50_1341,1930 Buick Marquette Phaeton,Vintage Cars,27.06,38.84,49,Shipped,353,Reims Collectables,Reims,France,1337,Loui Bondur
10398,2005-03-30,2005-03-31,S700_1691,American Airlines: B767-300,Planes,51.15,78.55,47,Shipped,353,Reims Collectables,Reims,France,1337,Loui Bondur
10398,2005-03-30,2005-03-31,S700_2047,HMS Bounty,Ships,39.83,75.13,36,Shipped,353,Reims Collectables,Reims,France,1337,Loui Bondur
10398,2005-03-30,2005-03-31,S700_2466,America West Airlines B757-200,Planes,68.8,98.72,22,Shipped,353,Reims Collectables,Reims,France,1337,Loui Bondur
10398,2005-03-30,2005-03-31,S700_2834,ATA: B757-300,Planes,59.33,102.04,23,Shipped,353,Reims Collectables,Reims,France,1337,Loui Bondur
10398,2005-03-30,2005-03-31,S700_3167,F/A 18 Hornet 1/72,Planes,54.4,76.8,29,Shipped,353,Reims Collectables,Reims,France,1337,Loui Bondur
10398,2005-03-30,2005-03-31,S700_4002,American Airlines: MD-11S,Planes,36.27,62.19,36,Shipped,353,Reims Collectables,Reims,France,1337,Loui Bondur
10398,2005-03-30,2005-03-31,S72_1253,Boeing X-32A JSF,Planes,32.77,41.22,34,Shipped,353,Reims Collectables,Reims,France,1337,Loui Bondur
10399,2005-04-01,2005-04-03,S10_1678,1969 Harley Davidson Ultimate Chopper,Motorcycles,48.81,77.52,40,Shipped,496,Kelly's Gift Shop,Auckland,New Zealand,1612,Peter Marsh
10399,2005-04-01,2005-04-03,S10_2016,1996 Moto Guzzi 1100i,Motorcycles,68.99,99.91,51,Shipped,496,Kelly's Gift Shop,Auckland,New Zealand,1612,Peter Marsh
10399,2005-04-01,2005-04-03,S10_4698,2003 Harley-Davidson Eagle Drag Bike,Motorcycles,91.02,156.86,22,Shipped,496,Kelly's Gift Shop,Auckland,New Zealand,1612,Peter Marsh
10399,2005-04-01,2005-04-03,S12_2823,2002 Suzuki XREO,Motorcycles,66.27,123.51,29,Shipped,496,Kelly's Gift Shop,Auckland,New Zealand,1612,Peter Marsh
10399,2005-04-01,2005-04-03,S18_2625,1936 Harley Davidson El Knucklehead,Motorcycles,24.23,51.48,30,Shipped,496,Kelly's Gift Shop,Auckland,New Zealand,1612,Peter Marsh
10399,2005-04-01,2005-04-03,S24_1578,1997 BMW R 1100 S,Motorcycles,60.86,104.81,57,Shipped,496,Kelly's Gift Shop,Auckland,New Zealand,1612,Peter Marsh
10399,2005-04-01,2005-04-03,S24_2000,1960 BSA Gold Star DBD34,Motorcycles,37.32,75.41,58,Shipped,496,Kelly's Gift Shop,Auckland,New Zealand,1612,Peter Marsh
10399,2005-04-01,2005-04-03,S32_1374,1997 BMW F650 ST,Motorcycles,66.92,97.89,32,Shipped,496,Kelly's Gift Shop,Auckland,New Zealand,1612,Peter Marsh
10400,2005-04-01,2005-04-04,S10_4757,1972 Alfa Romeo GTA,Classic Cars,85.68,134.64,64,Shipped,450,The Sharp Gifts Warehouse,San Jose,USA,1165,Leslie Jennings
10400,2005-04-01,2005-04-04,S18_1662,1980s Black Hawk Helicopter,Planes,77.27,129.31,34,Shipped,450,The Sharp Gifts Warehouse,San Jose,USA,1165,Leslie Jennings
10400,2005-04-01,2005-04-04,S18_3029,1999 Yamaha Speed Boat,Ships,51.61,74.84,30,Shipped,450,The Sharp Gifts Warehouse,San Jose,USA,1165,Leslie Jennings
10400,2005-04-01,2005-04-04,S18_3856,1941 Chevrolet Special Deluxe Cabriolet,Vintage Cars,64.58,88.93,58,Shipped,450,The Sharp Gifts Warehouse,San Jose,USA,1165,Leslie Jennings
10400,2005-04-01,2005-04-04,S24_2841,1900s Vintage Bi-Plane,Planes,34.25,55.49,24,Shipped,450,The Sharp Gifts Warehouse,San Jose,USA,1165,Leslie Jennings
10400,2005-04-01,2005-04-04,S24_3420,1937 Horch 930V Limousine,Vintage Cars,26.3,59.18,38,Shipped,450,The Sharp Gifts Warehouse,San Jose,USA,1165,Leslie Jennings
10400,2005-04-01,2005-04-04,S24_3816,1940 Ford Delivery Sedan,Vintage Cars,48.64,74.64,42,Shipped,450,The Sharp Gifts Warehouse,San Jose,USA,1165,Leslie Jennings
10400,2005-04-01,2005-04-04,S700_2047,HMS Bounty,Ships,39.83,82.37,46,Shipped,450,The Sharp Gifts Warehouse,San Jose,USA,1165,Leslie Jennings
10400,2005-04-01,2005-04-04,S72_1253,Boeing X-32A JSF,Planes,32.77,41.71,20,Shipped,450,The Sharp Gifts Warehouse,San Jose,USA,1165,Leslie Jennings
10401,2005-04-03,NULL,S18_2581,P-51-D Mustang,Planes,49.0,75.19,42,On Hold,328,Tekni Collectables Inc.,Newark,USA,1323,George Vanauf
10401,2005-04-03,NULL,S24_1785,1928 British Royal Navy Airplane,Planes,66.74,87.54,38,On Hold,328,Tekni Collectables Inc.,Newark,USA,1323,George Vanauf
10401,2005-04-03,NULL,S24_3949,Corsair F4U ( Bird Cage),Planes,29.34,59.37,64,On Hold,328,Tekni Collectables Inc.,Newark,USA,1323,George Vanauf
10401,2005-04-03,NULL,S24_4278,1900s Vintage Tri-Plane,Planes,36.23,65.93,52,On Hold,328,Tekni Collectables Inc.,Newark,USA,1323,George Vanauf
10401,2005-04-03,NULL,S32_1374,1997 BMW F650 ST,Motorcycles,66.92,81.91,49,On Hold,328,Tekni Collectables Inc.,Newark,USA,1323,George Vanauf
10401,2005-04-03,NULL,S32_4289,1928 Ford Phaeton Deluxe,Vintage Cars,33.02,62.6,62,On Hold,328,Tekni Collectables Inc.,Newark,USA,1323,George Vanauf
10401,2005-04-03,NULL,S50_1341,1930 Buick Marquette Phaeton,Vintage Cars,27.06,41.46,56,On Hold,328,Tekni Collectables Inc.,Newark,USA,1323,George Vanauf
10401,2005-04-03,NULL,S700_1691,American Airlines: B767-300,Planes,51.15,77.64,11,On Hold,328,Tekni Collectables Inc.,Newark,USA,1323,George Vanauf
10401,2005-04-03,NULL,S700_2466,America West Airlines B757-200,Planes,68.8,98.72,85,On Hold,328,Tekni Collectables Inc.,Newark,USA,1323,George Vanauf
10401,2005-04-03,NULL,S700_2834,ATA: B757-300,Planes,59.33,96.11,21,On Hold,328,Tekni Collectables Inc.,Newark,USA,1323,George Vanauf
10401,2005-04-03,NULL,S700_3167,F/A 18 Hornet 1/72,Planes,54.4,73.6,77,On Hold,328,Tekni Collectables Inc.,Newark,USA,1323,George Vanauf
10401,2005-04-03,NULL,S700_4002,American Airlines: MD-11S,Planes,36.27,66.63,40,On Hold,328,Tekni Collectables Inc.,Newark,USA,1323,George Vanauf
10402,2005-04-07,2005-04-12,S10_2016,1996 Moto Guzzi 1100i,Motorcycles,68.99,118.94,45,Shipped,406,Auto Canal+ Petit,Paris,France,1337,Loui Bondur
10402,2005-04-07,2005-04-12,S18_2625,1936 Harley Davidson El Knucklehead,Motorcycles,24.23,58.15,55,Shipped,406,Auto Canal+ Petit,Paris,France,1337,Loui Bondur
10402,2005-04-07,2005-04-12,S24_2000,1960 BSA Gold Star DBD34,Motorcycles,37.32,61.7,59,Shipped,406,Auto Canal+ Petit,Paris,France,1337,Loui Bondur
10403,2005-04-08,2005-04-11,S10_1678,1969 Harley Davidson Ultimate Chopper,Motorcycles,48.81,85.17,24,Shipped,201,"UK Collectables, Ltd.",Liverpool,UK,1501,Larry Bott
10403,2005-04-08,2005-04-11,S10_4698,2003 Harley-Davidson Eagle Drag Bike,Motorcycles,91.02,174.29,66,Shipped,201,"UK Collectables, Ltd.",Liverpool,UK,1501,Larry Bott
10403,2005-04-08,2005-04-11,S12_2823,2002 Suzuki XREO,Motorcycles,66.27,122.0,66,Shipped,201,"UK Collectables, Ltd.",Liverpool,UK,1501,Larry Bott
10403,2005-04-08,2005-04-11,S18_3782,1957 Vespa GS150,Motorcycles,32.95,55.33,36,Shipped,201,"UK Collectables, Ltd.",Liverpool,UK,1501,Larry Bott
10403,2005-04-08,2005-04-11,S24_1578,1997 BMW R 1100 S,Motorcycles,60.86,109.32,46,Shipped,201,"UK Collectables, Ltd.",Liverpool,UK,1501,Larry Bott
10403,2005-04-08,2005-04-11,S24_2360,1982 Ducati 900 Monster,Motorcycles,47.1,57.49,27,Shipped,201,"UK Collectables, Ltd.",Liverpool,UK,1501,Larry Bott
10403,2005-04-08,2005-04-11,S32_2206,1982 Ducati 996 R,Motorcycles,24.14,35.8,30,Shipped,201,"UK Collectables, Ltd.",Liverpool,UK,1501,Larry Bott
10403,2005-04-08,2005-04-11,S32_4485,1974 Ducati 350 Mk3 Desmo,Motorcycles,56.13,88.78,45,Shipped,201,"UK Collectables, Ltd.",Liverpool,UK,1501,Larry Bott
10403,2005-04-08,2005-04-11,S50_4713,2002 Yamaha YZR M1,Motorcycles,34.17,65.09,31,Shipped,201,"UK Collectables, Ltd.",Liverpool,UK,1501,Larry Bott
10404,2005-04-08,2005-04-11,S12_1099,1968 Ford Mustang,Classic Cars,95.34,163.44,64,Shipped,323,"Down Under Souveniers, Inc",Auckland,New Zealand,1612,Peter Marsh
10404,2005-04-08,2005-04-11,S12_3380,1968 Dodge Charger,Classic Cars,75.16,102.17,43,Shipped,323,"Down Under Souveniers, Inc",Auckland,New Zealand,1612,Peter Marsh
10404,2005-04-08,2005-04-11,S12_3990,1970 Plymouth Hemi Cuda,Classic Cars,31.92,67.03,77,Shipped,323,"Down Under Souveniers, Inc",Auckland,New Zealand,1612,Peter Marsh
10404,2005-04-08,2005-04-11,S18_3278,1969 Dodge Super Bee,Classic Cars,49.05,67.54,90,Shipped,323,"Down Under Souveniers, Inc",Auckland,New Zealand,1612,Peter Marsh
10404,2005-04-08,2005-04-11,S18_3482,1976 Ford Gran Torino,Classic Cars,73.49,127.88,28,Shipped,323,"Down Under Souveniers, Inc",Auckland,New Zealand,1612,Peter Marsh
10404,2005-04-08,2005-04-11,S18_4721,1957 Corvette Convertible,Classic Cars,69.93,124.99,48,Shipped,323,"Down Under Souveniers, Inc",Auckland,New Zealand,1612,Peter Marsh
10404,2005-04-08,2005-04-11,S24_3371,1971 Alpine Renault 1600s,Classic Cars,38.58,53.27,49,Shipped,323,"Down Under Souveniers, Inc",Auckland,New Zealand,1612,Peter Marsh
10404,2005-04-08,2005-04-11,S24_4620,1961 Chevrolet Impala,Classic Cars,32.33,65.48,48,Shipped,323,"Down Under Souveniers, Inc",Auckland,New Zealand,1612,Peter Marsh
10405,2005-04-14,2005-04-20,S12_4675,1969 Dodge Charger,Classic Cars,58.73,115.16,97,Shipped,209,Mini Caravy,Strasbourg,France,1370,Gerard Hernandez
10405,2005-04-14,2005-04-20,S18_1889,1948 Porsche 356-A Roadster,Classic Cars,53.9,72.38,61,Shipped,209,Mini Caravy,Strasbourg,France,1370,Gerard Hernandez
10405,2005-04-14,2005-04-20,S18_3232,1992 Ferrari 360 Spider red,Classic Cars,77.9,147.33,55,Shipped,209,Mini Caravy,Strasbourg,France,1370,Gerard Hernandez
10405,2005-04-14,2005-04-20,S24_2972,1982 Lamborghini Diablo,Classic Cars,16.24,37.38,47,Shipped,209,Mini Caravy,Strasbourg,France,1370,Gerard Hernandez
10405,2005-04-14,2005-04-20,S24_3856,1956 Porsche 356A Coupe,Classic Cars,98.3,127.79,76,Shipped,209,Mini Caravy,Strasbourg,France,1370,Gerard Hernandez
10406,2005-04-15,2005-04-21,S18_1129,1993 Mazda RX-7,Classic Cars,83.51,124.56,61,Disputed,145,Danish Wholesale Imports,Kobenhavn,Denmark,1401,Pamela Castillo
10406,2005-04-15,2005-04-21,S18_1984,1995 Honda Civic,Classic Cars,93.89,133.72,48,Disputed,145,Danish Wholesale Imports,Kobenhavn,Denmark,1401,Pamela Castillo
10406,2005-04-15,2005-04-21,S18_3685,1948 Porsche Type 356 Roadster,Classic Cars,62.16,117.26,65,Disputed,145,Danish Wholesale Imports,Kobenhavn,Denmark,1401,Pamela Castillo
10407,2005-04-22,NULL,S18_1589,1965 Aston Martin DB5,Classic Cars,65.96,114.48,59,On Hold,450,The Sharp Gifts Warehouse,San Jose,USA,1165,Leslie Jennings
10407,2005-04-22,NULL,S18_1749,1917 Grand Touring Sedan,Vintage Cars,86.7,141.1,76,On Hold,450,The Sharp Gifts Warehouse,San Jose,USA,1165,Leslie Jennings
10407,2005-04-22,NULL,S18_2248,1911 Ford Town Car,Vintage Cars,33.3,58.12,42,On Hold,450,The Sharp Gifts Warehouse,San Jose,USA,1165,Leslie Jennings
10407,2005-04-22,NULL,S18_2870,1999 Indy 500 Monte Carlo SS,Classic Cars,56.76,132.0,41,On Hold,450,The Sharp Gifts Warehouse,San Jose,USA,1165,Leslie Jennings
10407,2005-04-22,NULL,S18_4409,1932 Alfa Romeo 8C2300 Spider Sport,Vintage Cars,43.26,91.11,6,On Hold,450,The Sharp Gifts Warehouse,San Jose,USA,1165,Leslie Jennings
10407,2005-04-22,NULL,S18_4933,1957 Ford Thunderbird,Classic Cars,34.21,64.14,66,On Hold,450,The Sharp Gifts Warehouse,San Jose,USA,1165,Leslie Jennings
10407,2005-04-22,NULL,S24_1046,1970 Chevy Chevelle SS 454,Classic Cars,49.24,68.35,26,On Hold,450,The Sharp Gifts Warehouse,San Jose,USA,1165,Leslie Jennings
10407,2005-04-22,NULL,S24_1628,1966 Shelby Cobra 427 S/C,Classic Cars,29.18,45.78,64,On Hold,450,The Sharp Gifts Warehouse,San Jose,USA,1165,Leslie Jennings
10407,2005-04-22,NULL,S24_2766,1949 Jaguar XK 120,Classic Cars,47.25,81.78,76,On Hold,450,The Sharp Gifts Warehouse,San Jose,USA,1165,Leslie Jennings
10407,2005-04-22,NULL,S24_2887,1952 Citroen-15CV,Classic Cars,72.82,98.65,59,On Hold,450,The Sharp Gifts Warehouse,San Jose,USA,1165,Leslie Jennings
10407,2005-04-22,NULL,S24_3191,1969 Chevrolet Camaro Z28,Classic Cars,50.51,77.05,13,On Hold,450,The Sharp Gifts Warehouse,San Jose,USA,1165,Leslie Jennings
10407,2005-04-22,NULL,S24_3432,2002 Chevy Corvette,Classic Cars,62.11,101.73,43,On Hold,450,The Sharp Gifts Warehouse,San Jose,USA,1165,Leslie Jennings
10408,2005-04-22,2005-04-27,S24_3969,1936 Mercedes Benz 500k Roadster,Vintage Cars,21.75,41.03,15,Shipped,398,"Tokyo Collectables, Ltd",Minato-ku,Japan,1621,Mami Nishi
10409,2005-04-23,2005-04-24,S18_2325,1932 Model A Ford J-Coupe,Vintage Cars,58.48,104.25,6,Shipped,166,Handji Gifts& Co,Singapore,Singapore,1612,Peter Marsh
10409,2005-04-23,2005-04-24,S24_1937,1939 Chevrolet Deluxe Coupe,Vintage Cars,22.57,27.88,61,Shipped,166,Handji Gifts& Co,Singapore,Singapore,1612,Peter Marsh
10410,2005-04-29,2005-04-30,S18_1342,1937 Lincoln Berline,Vintage Cars,60.62,99.66,65,Shipped,357,GiftsForHim.com,Auckland,New Zealand,1612,Peter Marsh
10410,2005-04-29,2005-04-30,S18_1367,1936 Mercedes-Benz 500K Special Roadster,Vintage Cars,24.26,51.21,44,Shipped,357,GiftsForHim.com,Auckland,New Zealand,1612,Peter Marsh
10410,2005-04-29,2005-04-30,S18_2795,1928 Mercedes-Benz SSK,Vintage Cars,72.56,145.13,56,Shipped,357,GiftsForHim.com,Auckland,New Zealand,1612,Peter Marsh
10410,2005-04-29,2005-04-30,S18_2949,1913 Ford Model T Speedster,Vintage Cars,60.78,93.21,47,Shipped,357,GiftsForHim.com,Auckland,New Zealand,1612,Peter Marsh
10410,2005-04-29,2005-04-30,S18_2957,1934 Ford V8 Coupe,Vintage Cars,34.35,49.97,53,Shipped,357,GiftsForHim.com,Auckland,New Zealand,1612,Peter Marsh
10410,2005-04-29,2005-04-30,S18_3136,18th Century Vintage Horse Carriage,Vintage Cars,60.74,84.82,34,Shipped,357,GiftsForHim.com,Auckland,New Zealand,1612,Peter Marsh
10410,2005-04-29,2005-04-30,S18_3320,1917 Maxwell Touring Car,Vintage Cars,57.54,81.35,44,Shipped,357,GiftsForHim.com,Auckland,New Zealand,1612,Peter Marsh
10410,2005-04-29,2005-04-30,S24_2022,1938 Cadillac V-16 Presidential Limousine,Vintage Cars,20.61,42.56,31,Shipped,357,GiftsForHim.com,Auckland,New Zealand,1612,Peter Marsh
10410,2005-04-29,2005-04-30,S24_4258,1936 Chrysler Airflow,Vintage Cars,57.46,95.44,50,Shipped,357,GiftsForHim.com,Auckland,New Zealand,1612,Peter Marsh
10411,2005-05-01,2005-05-06,S10_1949,1952 Alpine Renault 1300,Classic Cars,98.58,205.73,23,Shipped,233,Québec Home Shopping Network,Montréal,Canada,1286,Foon Yue Tseng
10411,2005-05-01,2005-05-06,S10_4962,1962 LanciaA Delta 16V,Classic Cars,103.42,144.79,27,Shipped,233,Québec Home Shopping Network,Montréal,Canada,1286,Foon Yue Tseng
10411,2005-05-01,2005-05-06,S12_1666,1958 Setra Bus,Trucks and Buses,77.9,110.7,40,Shipped,233,Québec Home Shopping Network,Montréal,Canada,1286,Foon Yue Tseng
10411,2005-05-01,2005-05-06,S18_1097,1940 Ford Pickup Truck,Trucks and Buses,58.33,109.67,27,Shipped,233,Québec Home Shopping Network,Montréal,Canada,1286,Foon Yue Tseng
10411,2005-05-01,2005-05-06,S18_4600,1940s Ford truck,Trucks and Buses,84.76,106.55,46,Shipped,233,Québec Home Shopping Network,Montréal,Canada,1286,Foon Yue Tseng
10411,2005-05-01,2005-05-06,S18_4668,1939 Cadillac Limousine,Vintage Cars,23.14,41.25,35,Shipped,233,Québec Home Shopping Network,Montréal,Canada,1286,Foon Yue Tseng
10411,2005-05-01,2005-05-06,S32_1268,1980’s GM Manhattan Express,Trucks and Buses,53.93,78.01,26,Shipped,233,Québec Home Shopping Network,Montréal,Canada,1286,Foon Yue Tseng
10411,2005-05-01,2005-05-06,S32_3522,1996 Peterbilt 379 Stake Bed with Outrigger,Trucks and Buses,33.61,60.76,27,Shipped,233,Québec Home Shopping Network,Montréal,Canada,1286,Foon Yue Tseng
10411,2005-05-01,2005-05-06,S700_2824,1982 Camaro Z28,Classic Cars,46.53,89.01,34,Shipped,233,Québec Home Shopping Network,Montréal,Canada,1286,Foon Yue Tseng
10412,2005-05-03,2005-05-05,S12_4473,1957 Chevy Pickup,Trucks and Buses,55.7,100.73,54,Shipped,141,Euro+ Shopping Channel,Madrid,Spain,1370,Gerard Hernandez
10412,2005-05-03,2005-05-05,S18_2238,1998 Chrysler Plymouth Prowler,Classic Cars,101.51,150.63,41,Shipped,141,Euro+ Shopping Channel,Madrid,Spain,1370,Gerard Hernandez
10412,2005-05-03,2005-05-05,S18_2319,1964 Mercedes Tour Bus,Trucks and Buses,74.86,120.28,56,Shipped,141,Euro+ Shopping Channel,Madrid,Spain,1370,Gerard Hernandez
10412,2005-05-03,2005-05-05,S18_2432,1926 Ford Fire Engine,Trucks and Buses,24.92,49.83,47,Shipped,141,Euro+ Shopping Channel,Madrid,Spain,1370,Gerard Hernandez
10412,2005-05-03,2005-05-05,S18_3232,1992 Ferrari 360 Spider red,Classic Cars,77.9,157.49,60,Shipped,141,Euro+ Shopping Channel,Madrid,Spain,1370,Gerard Hernandez
10412,2005-05-03,2005-05-05,S24_1444,1970 Dodge Coronet,Classic Cars,32.37,47.4,21,Shipped,141,Euro+ Shopping Channel,Madrid,Spain,1370,Gerard Hernandez
10412,2005-05-03,2005-05-05,S24_2300,1962 Volkswagen Microbus,Trucks and Buses,61.34,109.9,70,Shipped,141,Euro+ Shopping Channel,Madrid,Spain,1370,Gerard Hernandez
10412,2005-05-03,2005-05-05,S24_2840,1958 Chevy Corvette Limited Edition,Classic Cars,15.91,32.88,30,Shipped,141,Euro+ Shopping Channel,Madrid,Spain,1370,Gerard Hernandez
10412,2005-05-03,2005-05-05,S24_4048,1992 Porsche Cayenne Turbo Silver,Classic Cars,69.78,108.82,31,Shipped,141,Euro+ Shopping Channel,Madrid,Spain,1370,Gerard Hernandez
10412,2005-05-03,2005-05-05,S32_2509,1954 Greyhound Scenicruiser,Trucks and Buses,25.98,50.86,19,Shipped,141,Euro+ Shopping Channel,Madrid,Spain,1370,Gerard Hernandez
10412,2005-05-03,2005-05-05,S50_1392,Diamond T620 Semi-Skirted Tanker,Trucks and Buses,68.29,105.33,26,Shipped,141,Euro+ Shopping Channel,Madrid,Spain,1370,Gerard Hernandez
10413,2005-05-05,2005-05-09,S12_1108,2001 Ferrari Enzo,Classic Cars,95.59,201.57,36,Shipped,175,Gift Depot Inc.,Bridgewater,USA,1323,George Vanauf
10413,2005-05-05,2005-05-09,S12_3148,1969 Corvair Monza,Classic Cars,89.14,145.04,47,Shipped,175,Gift Depot Inc.,Bridgewater,USA,1323,George Vanauf
10413,2005-05-05,2005-05-09,S12_3891,1969 Ford Falcon,Classic Cars,83.05,173.02,22,Shipped,175,Gift Depot Inc.,Bridgewater,USA,1323,George Vanauf
10413,2005-05-05,2005-05-09,S18_4027,1970 Triumph Spitfire,Classic Cars,91.92,133.57,49,Shipped,175,Gift Depot Inc.,Bridgewater,USA,1323,George Vanauf
10413,2005-05-05,2005-05-09,S32_3207,1950's Chicago Surface Lines Streetcar,Trains,26.72,56.55,24,Shipped,175,Gift Depot Inc.,Bridgewater,USA,1323,George Vanauf
10413,2005-05-05,2005-05-09,S50_1514,1962 City of Detroit Streetcar,Trains,37.49,53.31,51,Shipped,175,Gift Depot Inc.,Bridgewater,USA,1323,George Vanauf
10414,2005-05-06,NULL,S10_4757,1972 Alfa Romeo GTA,Classic Cars,85.68,114.24,49,On Hold,362,Gifts4AllAges.com,Boston,USA,1216,Steve Patterson
10414,2005-05-06,NULL,S18_3029,1999 Yamaha Speed Boat,Ships,51.61,77.42,44,On Hold,362,Gifts4AllAges.com,Boston,USA,1216,Steve Patterson
10414,2005-05-06,NULL,S18_3140,1903 Ford Model A,Vintage Cars,68.3,128.39,41,On Hold,362,Gifts4AllAges.com,Boston,USA,1216,Steve Patterson
10414,2005-05-06,NULL,S18_3259,Collectable Wooden Train,Trains,67.56,85.71,48,On Hold,362,Gifts4AllAges.com,Boston,USA,1216,Steve Patterson
10414,2005-05-06,NULL,S18_4522,1904 Buick Runabout,Vintage Cars,52.66,83.38,56,On Hold,362,Gifts4AllAges.com,Boston,USA,1216,Steve Patterson
10414,2005-05-06,NULL,S24_2011,18th century schooner,Ships,82.34,108.14,43,On Hold,362,Gifts4AllAges.com,Boston,USA,1216,Steve Patterson
10414,2005-05-06,NULL,S24_3151,1912 Ford Model T Delivery Wagon,Vintage Cars,46.91,72.58,60,On Hold,362,Gifts4AllAges.com,Boston,USA,1216,Steve Patterson
10414,2005-05-06,NULL,S24_3816,1940 Ford Delivery Sedan,Vintage Cars,48.64,72.96,51,On Hold,362,Gifts4AllAges.com,Boston,USA,1216,Steve Patterson
10414,2005-05-06,NULL,S700_1138,The Schooner Bluenose,Ships,34.0,62.0,37,On Hold,362,Gifts4AllAges.com,Boston,USA,1216,Steve Patterson
10414,2005-05-06,NULL,S700_1938,The Mayflower,Ships,43.3,74.48,34,On Hold,362,Gifts4AllAges.com,Boston,USA,1216,Steve Patterson
10414,2005-05-06,NULL,S700_2610,The USS Constitution Ship,Ships,33.97,61.44,31,On Hold,362,Gifts4AllAges.com,Boston,USA,1216,Steve Patterson
10414,2005-05-06,NULL,S700_3505,The Titanic,Ships,51.09,84.14,28,On Hold,362,Gifts4AllAges.com,Boston,USA,1216,Steve Patterson
10414,2005-05-06,NULL,S700_3962,The Queen Mary,Ships,53.63,84.41,40,On Hold,362,Gifts4AllAges.com,Boston,USA,1216,Steve Patterson
10414,2005-05-06,NULL,S72_3212,Pont Yacht,Ships,33.3,54.6,47,On Hold,362,Gifts4AllAges.com,Boston,USA,1216,Steve Patterson
10415,2005-05-09,2005-05-12,S18_3856,1941 Chevrolet Special Deluxe Cabriolet,Vintage Cars,64.58,86.81,51,Disputed,471,"Australian Collectables, Ltd",Glen Waverly,Australia,1611,Andy Fixter
10415,2005-05-09,2005-05-12,S24_2841,1900s Vintage Bi-Plane,Planes,34.25,60.97,21,Disputed,471,"Australian Collectables, Ltd",Glen Waverly,Australia,1611,Andy Fixter
10415,2005-05-09,2005-05-12,S24_3420,1937 Horch 930V Limousine,Vintage Cars,26.3,59.83,18,Disputed,471,"Australian Collectables, Ltd",Glen Waverly,Australia,1611,Andy Fixter
10415,2005-05-09,2005-05-12,S700_2047,HMS Bounty,Ships,39.83,73.32,32,Disputed,471,"Australian Collectables, Ltd",Glen Waverly,Australia,1611,Andy Fixter
10415,2005-05-09,2005-05-12,S72_1253,Boeing X-32A JSF,Planes,32.77,43.2,42,Disputed,471,"Australian Collectables, Ltd",Glen Waverly,Australia,1611,Andy Fixter
10416,2005-05-10,2005-05-14,S18_1662,1980s Black Hawk Helicopter,Planes,77.27,129.31,24,Shipped,386,L'ordine Souveniers,Reggio Emilia,Italy,1401,Pamela Castillo
10416,2005-05-10,2005-05-14,S18_2581,P-51-D Mustang,Planes,49.0,70.96,15,Shipped,386,L'ordine Souveniers,Reggio Emilia,Italy,1401,Pamela Castillo
10416,2005-05-10,2005-05-14,S24_1785,1928 British Royal Navy Airplane,Planes,66.74,90.82,47,Shipped,386,L'ordine Souveniers,Reggio Emilia,Italy,1401,Pamela Castillo
10416,2005-05-10,2005-05-14,S24_2000,1960 BSA Gold Star DBD34,Motorcycles,37.32,62.46,32,Shipped,386,L'ordine Souveniers,Reggio Emilia,Italy,1401,Pamela Castillo
10416,2005-05-10,2005-05-14,S24_3949,Corsair F4U ( Bird Cage),Planes,29.34,64.83,18,Shipped,386,L'ordine Souveniers,Reggio Emilia,Italy,1401,Pamela Castillo
10416,2005-05-10,2005-05-14,S24_4278,1900s Vintage Tri-Plane,Planes,36.23,70.28,48,Shipped,386,L'ordine Souveniers,Reggio Emilia,Italy,1401,Pamela Castillo
10416,2005-05-10,2005-05-14,S32_1374,1997 BMW F650 ST,Motorcycles,66.92,86.9,45,Shipped,386,L'ordine Souveniers,Reggio Emilia,Italy,1401,Pamela Castillo
10416,2005-05-10,2005-05-14,S32_4289,1928 Ford Phaeton Deluxe,Vintage Cars,33.02,68.1,26,Shipped,386,L'ordine Souveniers,Reggio Emilia,Italy,1401,Pamela Castillo
10416,2005-05-10,2005-05-14,S50_1341,1930 Buick Marquette Phaeton,Vintage Cars,27.06,39.71,37,Shipped,386,L'ordine Souveniers,Reggio Emilia,Italy,1401,Pamela Castillo
10416,2005-05-10,2005-05-14,S700_1691,American Airlines: B767-300,Planes,51.15,88.6,23,Shipped,386,L'ordine Souveniers,Reggio Emilia,Italy,1401,Pamela Castillo
10416,2005-05-10,2005-05-14,S700_2466,America West Airlines B757-200,Planes,68.8,84.76,22,Shipped,386,L'ordine Souveniers,Reggio Emilia,Italy,1401,Pamela Castillo
10416,2005-05-10,2005-05-14,S700_2834,ATA: B757-300,Planes,59.33,98.48,41,Shipped,386,L'ordine Souveniers,Reggio Emilia,Italy,1401,Pamela Castillo
10416,2005-05-10,2005-05-14,S700_3167,F/A 18 Hornet 1/72,Planes,54.4,65.6,39,Shipped,386,L'ordine Souveniers,Reggio Emilia,Italy,1401,Pamela Castillo
10416,2005-05-10,2005-05-14,S700_4002,American Airlines: MD-11S,Planes,36.27,63.67,43,Shipped,386,L'ordine Souveniers,Reggio Emilia,Italy,1401,Pamela Castillo
10417,2005-05-13,2005-05-19,S10_1678,1969 Harley Davidson Ultimate Chopper,Motorcycles,48.81,79.43,66,Disputed,141,Euro+ Shopping Channel,Madrid,Spain,1370,Gerard Hernandez
10417,2005-05-13,2005-05-19,S10_2016,1996 Moto Guzzi 1100i,Motorcycles,68.99,116.56,45,Disputed,141,Euro+ Shopping Channel,Madrid,Spain,1370,Gerard Hernandez
10417,2005-05-13,2005-05-19,S10_4698,2003 Harley-Davidson Eagle Drag Bike,Motorcycles,91.02,162.67,56,Disputed,141,Euro+ Shopping Channel,Madrid,Spain,1370,Gerard Hernandez
10417,2005-05-13,2005-05-19,S12_2823,2002 Suzuki XREO,Motorcycles,66.27,144.6,21,Disputed,141,Euro+ Shopping Channel,Madrid,Spain,1370,Gerard Hernandez
10417,2005-05-13,2005-05-19,S18_2625,1936 Harley Davidson El Knucklehead,Motorcycles,24.23,58.75,36,Disputed,141,Euro+ Shopping Channel,Madrid,Spain,1370,Gerard Hernandez
10417,2005-05-13,2005-05-19,S24_1578,1997 BMW R 1100 S,Motorcycles,60.86,109.32,35,Disputed,141,Euro+ Shopping Channel,Madrid,Spain,1370,Gerard Hernandez
10418,2005-05-16,2005-05-20,S18_3278,1969 Dodge Super Bee,Classic Cars,49.05,70.76,16,Shipped,412,"Extreme Desk Decorations, Ltd",Wellington,New Zealand,1612,Peter Marsh
10418,2005-05-16,2005-05-20,S18_3482,1976 Ford Gran Torino,Classic Cars,73.49,139.64,27,Shipped,412,"Extreme Desk Decorations, Ltd",Wellington,New Zealand,1612,Peter Marsh
10418,2005-05-16,2005-05-20,S18_3782,1957 Vespa GS150,Motorcycles,32.95,56.57,33,Shipped,412,"Extreme Desk Decorations, Ltd",Wellington,New Zealand,1612,Peter Marsh
10418,2005-05-16,2005-05-20,S18_4721,1957 Corvette Convertible,Classic Cars,69.93,120.53,28,Shipped,412,"Extreme Desk Decorations, Ltd",Wellington,New Zealand,1612,Peter Marsh
10418,2005-05-16,2005-05-20,S24_2360,1982 Ducati 900 Monster,Motorcycles,47.1,64.41,52,Shipped,412,"Extreme Desk Decorations, Ltd",Wellington,New Zealand,1612,Peter Marsh
10418,2005-05-16,2005-05-20,S24_4620,1961 Chevrolet Impala,Classic Cars,32.33,66.29,10,Shipped,412,"Extreme Desk Decorations, Ltd",Wellington,New Zealand,1612,Peter Marsh
10418,2005-05-16,2005-05-20,S32_2206,1982 Ducati 996 R,Motorcycles,24.14,36.61,43,Shipped,412,"Extreme Desk Decorations, Ltd",Wellington,New Zealand,1612,Peter Marsh
10418,2005-05-16,2005-05-20,S32_4485,1974 Ducati 350 Mk3 Desmo,Motorcycles,56.13,100.01,50,Shipped,412,"Extreme Desk Decorations, Ltd",Wellington,New Zealand,1612,Peter Marsh
10418,2005-05-16,2005-05-20,S50_4713,2002 Yamaha YZR M1,Motorcycles,34.17,72.41,40,Shipped,412,"Extreme Desk Decorations, Ltd",Wellington,New Zealand,1612,Peter Marsh
10419,2005-05-17,2005-05-19,S12_1099,1968 Ford Mustang,Classic Cars,95.34,182.9,12,Shipped,382,Salzburg Collectables,Salzburg,Austria,1401,Pamela Castillo
10419,2005-05-17,2005-05-19,S12_3380,1968 Dodge Charger,Classic Cars,75.16,111.57,10,Shipped,382,Salzburg Collectables,Salzburg,Austria,1401,Pamela Castillo
10419,2005-05-17,2005-05-19,S12_3990,1970 Plymouth Hemi Cuda,Classic Cars,31.92,64.64,34,Shipped,382,Salzburg Collectables,Salzburg,Austria,1401,Pamela Castillo
10419,2005-05-17,2005-05-19,S12_4675,1969 Dodge Charger,Classic Cars,58.73,99.04,32,Shipped,382,Salzburg Collectables,Salzburg,Austria,1401,Pamela Castillo
10419,2005-05-17,2005-05-19,S18_1129,1993 Mazda RX-7,Classic Cars,83.51,117.48,38,Shipped,382,Salzburg Collectables,Salzburg,Austria,1401,Pamela Castillo
10419,2005-05-17,2005-05-19,S18_1589,1965 Aston Martin DB5,Classic Cars,65.96,100.8,37,Shipped,382,Salzburg Collectables,Salzburg,Austria,1401,Pamela Castillo
10419,2005-05-17,2005-05-19,S18_1889,1948 Porsche 356-A Roadster,Classic Cars,53.9,67.76,39,Shipped,382,Salzburg Collectables,Salzburg,Austria,1401,Pamela Castillo
10419,2005-05-17,2005-05-19,S18_1984,1995 Honda Civic,Classic Cars,93.89,133.72,34,Shipped,382,Salzburg Collectables,Salzburg,Austria,1401,Pamela Castillo
10419,2005-05-17,2005-05-19,S18_2870,1999 Indy 500 Monte Carlo SS,Classic Cars,56.76,116.16,55,Shipped,382,Salzburg Collectables,Salzburg,Austria,1401,Pamela Castillo
10419,2005-05-17,2005-05-19,S18_3232,1992 Ferrari 360 Spider red,Classic Cars,77.9,165.95,35,Shipped,382,Salzburg Collectables,Salzburg,Austria,1401,Pamela Castillo
10419,2005-05-17,2005-05-19,S18_3685,1948 Porsche Type 356 Roadster,Classic Cars,62.16,114.44,43,Shipped,382,Salzburg Collectables,Salzburg,Austria,1401,Pamela Castillo
10419,2005-05-17,2005-05-19,S24_2972,1982 Lamborghini Diablo,Classic Cars,16.24,32.1,15,Shipped,382,Salzburg Collectables,Salzburg,Austria,1401,Pamela Castillo
10419,2005-05-17,2005-05-19,S24_3371,1971 Alpine Renault 1600s,Classic Cars,38.58,52.66,55,Shipped,382,Salzburg Collectables,Salzburg,Austria,1401,Pamela Castillo
10419,2005-05-17,2005-05-19,S24_3856,1956 Porsche 356A Coupe,Classic Cars,98.3,112.34,70,Shipped,382,Salzburg Collectables,Salzburg,Austria,1401,Pamela Castillo
10420,2005-05-29,NULL,S18_1749,1917 Grand Touring Sedan,Vintage Cars,86.7,153.0,37,In Process,282,Souveniers And Things Co.,Chatswood,Australia,1611,Andy Fixter
10420,2005-05-29,NULL,S18_2248,1911 Ford Town Car,Vintage Cars,33.3,52.06,36,In Process,282,Souveniers And Things Co.,Chatswood,Australia,1611,Andy Fixter
10420,2005-05-29,NULL,S18_2325,1932 Model A Ford J-Coupe,Vintage Cars,58.48,116.96,45,In Process,282,Souveniers And Things Co.,Chatswood,Australia,1611,Andy Fixter
10420,2005-05-29,NULL,S18_4409,1932 Alfa Romeo 8C2300 Spider Sport,Vintage Cars,43.26,73.62,66,In Process,282,Souveniers And Things Co.,Chatswood,Australia,1611,Andy Fixter
10420,2005-05-29,NULL,S18_4933,1957 Ford Thunderbird,Classic Cars,34.21,68.42,36,In Process,282,Souveniers And Things Co.,Chatswood,Australia,1611,Andy Fixter
10420,2005-05-29,NULL,S24_1046,1970 Chevy Chevelle SS 454,Classic Cars,49.24,60.26,60,In Process,282,Souveniers And Things Co.,Chatswood,Australia,1611,Andy Fixter
10420,2005-05-29,NULL,S24_1628,1966 Shelby Cobra 427 S/C,Classic Cars,29.18,48.8,37,In Process,282,Souveniers And Things Co.,Chatswood,Australia,1611,Andy Fixter
10420,2005-05-29,NULL,S24_1937,1939 Chevrolet Deluxe Coupe,Vintage Cars,22.57,32.19,45,In Process,282,Souveniers And Things Co.,Chatswood,Australia,1611,Andy Fixter
10420,2005-05-29,NULL,S24_2766,1949 Jaguar XK 120,Classic Cars,47.25,76.33,39,In Process,282,Souveniers And Things Co.,Chatswood,Australia,1611,Andy Fixter
10420,2005-05-29,NULL,S24_2887,1952 Citroen-15CV,Classic Cars,72.82,115.09,55,In Process,282,Souveniers And Things Co.,Chatswood,Australia,1611,Andy Fixter
10420,2005-05-29,NULL,S24_3191,1969 Chevrolet Camaro Z28,Classic Cars,50.51,77.05,35,In Process,282,Souveniers And Things Co.,Chatswood,Australia,1611,Andy Fixter
10420,2005-05-29,NULL,S24_3432,2002 Chevy Corvette,Classic Cars,62.11,104.94,26,In Process,282,Souveniers And Things Co.,Chatswood,Australia,1611,Andy Fixter
10420,2005-05-29,NULL,S24_3969,1936 Mercedes Benz 500k Roadster,Vintage Cars,21.75,35.29,15,In Process,282,Souveniers And Things Co.,Chatswood,Australia,1611,Andy Fixter
10421,2005-05-29,NULL,S18_2795,1928 Mercedes-Benz SSK,Vintage Cars,72.56,167.06,35,In Process,124,Mini Gifts Distributors Ltd.,San Rafael,USA,1165,Leslie Jennings
10421,2005-05-29,NULL,S24_2022,1938 Cadillac V-16 Presidential Limousine,Vintage Cars,20.61,44.8,40,In Process,124,Mini Gifts Distributors Ltd.,San Rafael,USA,1165,Leslie Jennings
10422,2005-05-30,NULL,S18_1342,1937 Lincoln Berline,Vintage Cars,60.62,91.44,51,In Process,157,Diecast Classics Inc.,Allentown,USA,1216,Steve Patterson
10422,2005-05-30,NULL,S18_1367,1936 Mercedes-Benz 500K Special Roadster,Vintage Cars,24.26,47.44,25,In Process,157,Diecast Classics Inc.,Allentown,USA,1216,Steve Patterson
10423,2005-05-30,NULL,S18_2949,1913 Ford Model T Speedster,Vintage Cars,60.78,89.15,10,In Process,314,Petit Auto,Bruxelles,Belgium,1401,Pamela Castillo
10423,2005-05-30,NULL,S18_2957,1934 Ford V8 Coupe,Vintage Cars,34.35,56.21,31,In Process,314,Petit Auto,Bruxelles,Belgium,1401,Pamela Castillo
10423,2005-05-30,NULL,S18_3136,18th Century Vintage Horse Carriage,Vintage Cars,60.74,98.44,21,In Process,314,Petit Auto,Bruxelles,Belgium,1401,Pamela Castillo
10423,2005-05-30,NULL,S18_3320,1917 Maxwell Touring Car,Vintage Cars,57.54,80.36,21,In Process,314,Petit Auto,Bruxelles,Belgium,1401,Pamela Castillo
10423,2005-05-30,NULL,S24_4258,1936 Chrysler Airflow,Vintage Cars,57.46,78.89,28,In Process,314,Petit Auto,Bruxelles,Belgium,1401,Pamela Castillo
10424,2005-05-31,NULL,S10_1949,1952 Alpine Renault 1300,Classic Cars,98.58,201.44,50,In Process,141,Euro+ Shopping Channel,Madrid,Spain,1370,Gerard Hernandez
10424,2005-05-31,NULL,S12_1666,1958 Setra Bus,Trucks and Buses,77.9,121.64,49,In Process,141,Euro+ Shopping Channel,Madrid,Spain,1370,Gerard Hernandez
10424,2005-05-31,NULL,S18_1097,1940 Ford Pickup Truck,Trucks and Buses,58.33,108.5,54,In Process,141,Euro+ Shopping Channel,Madrid,Spain,1370,Gerard Hernandez
10424,2005-05-31,NULL,S18_4668,1939 Cadillac Limousine,Vintage Cars,23.14,40.25,26,In Process,141,Euro+ Shopping Channel,Madrid,Spain,1370,Gerard Hernandez
10424,2005-05-31,NULL,S32_3522,1996 Peterbilt 379 Stake Bed with Outrigger,Trucks and Buses,33.61,54.94,44,In Process,141,Euro+ Shopping Channel,Madrid,Spain,1370,Gerard Hernandez
10424,2005-05-31,NULL,S700_2824,1982 Camaro Z28,Classic Cars,46.53,85.98,46,In Process,141,Euro+ Shopping Channel,Madrid,Spain,1370,Gerard Hernandez
10425,2005-05-31,NULL,S10_4962,1962 LanciaA Delta 16V,Classic Cars,103.42,131.49,38,In Process,119,La Rochelle Gifts,Nantes,France,1370,Gerard Hernandez
10425,2005-05-31,NULL,S12_4473,1957 Chevy Pickup,Trucks and Buses,55.7,95.99,33,In Process,119,La Rochelle Gifts,Nantes,France,1370,Gerard Hernandez
10425,2005-05-31,NULL,S18_2238,1998 Chrysler Plymouth Prowler,Classic Cars,101.51,147.36,28,In Process,119,La Rochelle Gifts,Nantes,France,1370,Gerard Hernandez
10425,2005-05-31,NULL,S18_2319,1964 Mercedes Tour Bus,Trucks and Buses,74.86,117.82,38,In Process,119,La Rochelle Gifts,Nantes,France,1370,Gerard Hernandez
10425,2005-05-31,NULL,S18_2432,1926 Ford Fire Engine,Trucks and Buses,24.92,48.62,19,In Process,119,La Rochelle Gifts,Nantes,France,1370,Gerard Hernandez
10425,2005-05-31,NULL,S18_3232,1992 Ferrari 360 Spider red,Classic Cars,77.9,140.55,28,In Process,119,La Rochelle Gifts,Nantes,France,1370,Gerard Hernandez
10425,2005-05-31,NULL,S18_4600,1940s Ford truck,Trucks and Buses,84.76,107.76,38,In Process,119,La Rochelle Gifts,Nantes,France,1370,Gerard Hernandez
10425,2005-05-31,NULL,S24_1444,1970 Dodge Coronet,Classic Cars,32.37,53.75,55,In Process,119,La Rochelle Gifts,Nantes,France,1370,Gerard Hernandez
10425,2005-05-31,NULL,S24_2300,1962 Volkswagen Microbus,Trucks and Buses,61.34,127.79,49,In Process,119,La Rochelle Gifts,Nantes,France,1370,Gerard Hernandez
10425,2005-05-31,NULL,S24_2840,1958 Chevy Corvette Limited Edition,Classic Cars,15.91,31.82,31,In Process,119,La Rochelle Gifts,Nantes,France,1370,Gerard Hernandez
10425,2005-05-31,NULL,S32_1268,1980’s GM Manhattan Express,Trucks and Buses,53.93,83.79,41,In Process,119,La Rochelle Gifts,Nantes,France,1370,Gerard Hernandez
10425,2005-05-31,NULL,S32_2509,1954 Greyhound Scenicruiser,Trucks and Buses,25.98,50.32,11,In Process,119,La Rochelle Gifts,Nantes,France,1370,Gerard Hernandez
10425,2005-05-31,NULL,S50_1392,Diamond T620 Semi-Skirted Tanker,Trucks and Buses,68.29,94.92,18,In Process,119,La Rochelle Gifts,Nantes,France,1370,Gerard Hernandez
